{
  "type": "FeatureCollection",
  "features": [
    {
      "type": "Feature",
      "geometry": {
        "type": "Point",
        "coordinates": [
          11.046173596441804,
          33.826540531288295
        ]
      },
      "properties": {
        "Nom du site FR": "Rym Beach",
        "Nom du site arabe": "فندق سيبل ريم بيتش جربة",
        "Catégorie": "Hôtel",
        "Zone": "Midoun",
        "Source": "https://www.seabelhotels.com/fr/seabel-rym-beach/accueil/",
        "verified": false,
        "HW_ID": "HW-01K77WPE67RPHVJVH6A0PC0ZWD",
        "lat": 33.826540531288295,
        "lng": 11.046173596441804,
        "description": "Très bel hôtel 4 *, si vous voulez manger local, des spécialités tunisiennes sont à votre disposition à chaque repas. \nSoirée Djerbienne le dimanche, journée tunisienne le jeudi, avec entre autre un marché tunisien en journée\nC'est notre \"Camp de base\", on y retourne en novembre",
        "timeH": 0,
        "timeM": 0,
        "price": 0,
        "Temps_minutes": 60,
        "Prix_TND": 0,
        "info_gpx": "Hôtel au trs bon rapport qualité/Prix",
        "accessPoint": [
          11.0460436,
          33.8265196
        ]
      }
    },
    {
      "type": "Feature",
      "geometry": {
        "type": "Point",
        "coordinates": [
          11.042709897308695,
          33.82269956652683
        ]
      },
      "properties": {
        "Nom du site FR": "Phare de Taguermess",
        "Nom du site arabe": "منارة رأس تاقرماس",
        "Catégorie": "Curiosité",
        "Zone": "Midoun",
        "Source": "https://fr.wikipedia.org/wiki/Phare_de_Taguermess",
        "HW_ID": "HW-01K77WPE6722XTDVPGCQTPPBXR",
        "lat": 33.82269956652683,
        "lng": 11.042709897308695,
        "description": "Phare dont l'activité a débuté en 1895. En forme de tour tronconique effilée, il est peint en blanc, avec trois bandes rouges. Devenu zone militaire, on ne peut ni l'approcher ni le photographier.",
        "timeH": 0,
        "timeM": 0,
        "price": 0,
        "Sous-type": "",
        "État": "",
        "Accès": "",
        "Temps_minutes": 0,
        "Prix_TND": 0,
        "info_gpx": "",
        "accessPoint": [
          11.0423462,
          33.822925
        ]
      }
    },
    {
      "type": "Feature",
      "geometry": {
        "type": "Point",
        "coordinates": [
          11.044993404919456,
          33.81974876092748
        ]
      },
      "properties": {
        "Nom du site FR": "Musée Lalla Hadria",
        "Nom du site arabe": "متحف للا حدرية",
        "Catégorie": "Musée",
        "Zone": "Arkou",
        "Source": "https://fr.wikipedia.org/wiki/Mus%C3%A9e_Lalla_Hadria",
        "HW_ID": "HW-01K77WPE67RMBHZ4JFG7PXTCRT",
        "lat": 33.81974876092748,
        "lng": 11.044993404919456,
        "description": "Faisant partie de Djerba Explore, ce musée est composé de quinze salles thématiques et s'étend sur 3000 M². Situé sur la lagune proche, il tient son nom de Lalla Hadria du nom d'une résistante ayant protégé les soldats de l'île. Il abrite une collection de plus de mille pièces réparties en deux collection : les cultures arabo-musulmanes et les arts de Tunisie.",
        "timeH": 0,
        "timeM": 0,
        "price": 0,
        "Sous-type": "",
        "État": "",
        "Accès": "",
        "Temps_minutes": 0,
        "Prix_TND": 0,
        "Téléphone": "",
        "Horaires": "",
        "Facebook": "",
        "info_gpx": "",
        "accessPoint": [
          11.04491,
          33.8196337
        ]
      }
    },
    {
      "type": "Feature",
      "geometry": {
        "type": "Point",
        "coordinates": [
          11.035722,
          33.818556
        ]
      },
      "properties": {
        "Nom du site FR": "Mosquée Ibn Abbas",
        "Nom du site arabe": "جامع ابن العباس المعمر",
        "Catégorie": "Mosquée",
        "Sous-type": "À minaret",
        "État": "En activité",
        "Accès": "",
        "Zone": "Arkou",
        "Source": "",
        "Temps_minutes": 0,
        "Prix_TND": 0,
        "Téléphone": "",
        "Horaires": "",
        "verified": false,
        "HW_ID": "HW-01K77WPE671G6V27VYYNMJV2NC",
        "photos": [
          "photos/poi_HW-01K77WPE671G6V27VYYNMJV2NC_1779896245496.jpg",
          "photos/poi_HW-01K77WPE671G6V27VYYNMJV2NC_1779896247537.jpg"
        ],
        "description": "",
        "Facebook": "",
        "info_gpx": "",
        "accessPoint": [
          11.0358487,
          33.8186371
        ]
      }
    },
    {
      "type": "Feature",
      "geometry": {
        "type": "Point",
        "coordinates": [
          11.022837,
          33.809651
        ]
      },
      "properties": {
        "Nom du site FR": "Mosquée Trojette",
        "Nom du site arabe": "جامع تروجيت",
        "Catégorie": "Mosquée",
        "Zone": "Arkou",
        "Source": null,
        "HW_ID": "HW-01K77WPE67YEYJ337ADV7QBX5P"
      }
    },
    {
      "type": "Feature",
      "geometry": {
        "type": "Point",
        "coordinates": [
          11.025722,
          33.819583
        ]
      },
      "properties": {
        "Nom du site FR": "Mosquée Ben Tanfouss",
        "Nom du site arabe": "جامع بن تنفوس",
        "Catégorie": "Mosquée",
        "Zone": "Midoun",
        "Source": "",
        "HW_ID": "HW-01K77WPE6770BXCP2SW1Z2DTA2",
        "photos": [],
        "Sous-type": "À minaret",
        "État": "En activité",
        "Accès": "Non visitable",
        "description": "",
        "Temps_minutes": 0,
        "Prix_TND": 0,
        "info_gpx": "",
        "accessPoint": [
          11.0257881,
          33.8197908
        ]
      }
    },
    {
      "type": "Feature",
      "geometry": {
        "type": "Point",
        "coordinates": [
          11.045483,
          33.796313
        ]
      },
      "properties": {
        "Nom du site FR": "Mosquée Sidi Sabah",
        "Nom du site arabe": "جامع سيدي صباح",
        "Catégorie": "Mosquée",
        "Zone": "Arkou",
        "Source": "",
        "HW_ID": "HW-01K77WPE67MSESGPPZ5CAD0XTZ",
        "Sous-type": "À minaret",
        "État": "En activité",
        "Accès": "Non visitable",
        "description": "",
        "Temps_minutes": 0,
        "Prix_TND": 0,
        "Téléphone": "",
        "Horaires": "",
        "Facebook": "",
        "photos": [
          "photos/poi_HW-01K77WPE67MSESGPPZ5CAD0XTZ_1780085038744.jpg"
        ],
        "info_gpx": "",
        "accessPoint": [
          11.0455855,
          33.796363
        ]
      }
    },
    {
      "type": "Feature",
      "geometry": {
        "type": "Point",
        "coordinates": [
          11.028802710036706,
          33.79811118269014
        ]
      },
      "properties": {
        "Nom du site FR": "Mosquée Khaled Ibn Elwalid",
        "Nom du site arabe": "جامع خالد بن الوليد",
        "Catégorie": "Mosquée",
        "Zone": "Arkou",
        "Source": null,
        "HW_ID": "HW-01K77WPE68SW9XWBFFCRBWXZYM",
        "lat": 33.79811118269014,
        "lng": 11.028802710036706
      }
    },
    {
      "type": "Feature",
      "geometry": {
        "type": "Point",
        "coordinates": [
          11.003139,
          33.81675
        ]
      },
      "properties": {
        "Nom du site FR": "Mosquée Mgarsa",
        "Nom du site arabe": "جامع المغارسة",
        "Catégorie": "Mosquée",
        "Zone": "Midoun",
        "Source": null,
        "HW_ID": "HW-01K77WPE68SSRHFM5TYYA7F5YF"
      }
    },
    {
      "type": "Feature",
      "geometry": {
        "type": "Point",
        "coordinates": [
          11.021607244300704,
          33.793757704808506
        ]
      },
      "properties": {
        "Nom du site FR": "Mosquée Sidi Abdelkader",
        "Nom du site arabe": "جامع سيدي عبد القادر",
        "Catégorie": "Mosquée",
        "Zone": "Arkou",
        "Source": null,
        "HW_ID": "HW-01K77WPE6805D82JWX44QAVVV9",
        "lat": 33.793757704808506,
        "lng": 11.021607244300704,
        "accessPoint": [
          11.0216903,
          33.7936715
        ]
      }
    },
    {
      "type": "Feature",
      "geometry": {
        "type": "Point",
        "coordinates": [
          11.033472,
          33.787861
        ]
      },
      "properties": {
        "Nom du site FR": "Mosquée Sidi Wahlan",
        "Nom du site arabe": "جامع سيدي وحلان",
        "Catégorie": "Mosquée",
        "Zone": "Arkou",
        "Source": null,
        "HW_ID": "HW-01K77WPE682HMFVV693F7BFA2B",
        "accessPoint": [
          11.0336465,
          33.7879604
        ]
      }
    },
    {
      "type": "Feature",
      "geometry": {
        "type": "Point",
        "coordinates": [
          11.005528,
          33.802444
        ]
      },
      "properties": {
        "Nom du site FR": "Mosquée Ben Achour",
        "Nom du site arabe": "جامع بن عاشور",
        "Catégorie": "Mosquée",
        "Zone": "Arkou",
        "Source": null,
        "HW_ID": "HW-01K77WPE68ZXYA0Z9T3QEN0VYW",
        "accessPoint": [
          11.0055406,
          33.8025503
        ]
      }
    },
    {
      "type": "Feature",
      "geometry": {
        "type": "Point",
        "coordinates": [
          11.035999,
          33.784694
        ]
      },
      "properties": {
        "Nom du site FR": "Mosquée El Haddada",
        "Nom du site arabe": "جامع الحدادة ميدون جربة",
        "Catégorie": "Mosquée",
        "Zone": "Arkou",
        "Source": null,
        "HW_ID": "HW-01K77WPE686WHQD4VDZT4Y6VK5",
        "accessPoint": [
          11.0361056,
          33.7846231
        ]
      }
    },
    {
      "type": "Feature",
      "geometry": {
        "type": "Point",
        "coordinates": [
          10.99075,
          33.835389
        ]
      },
      "properties": {
        "Nom du site FR": "Mosquée Kbess",
        "Nom du site arabe": "جامع الكباس",
        "Catégorie": "Mosquée",
        "Zone": "Midoun",
        "Source": null,
        "HW_ID": "HW-01K77WPE68SW5H9AGP366WDFHH",
        "info_gpx": "La Mosquée Kbess est un édifice composite mêlant architecture traditionnelle djerbienne et ajouts contemporains.\nSa coupole blanche et son minaret géométrique en font un repère visuel important à l’entrée sud de Mezraya.",
        "accessPoint": [
          10.9907226,
          33.8352705
        ]
      }
    },
    {
      "type": "Feature",
      "geometry": {
        "type": "Point",
        "coordinates": [
          11.029139,
          33.783639
        ]
      },
      "properties": {
        "Nom du site FR": "Mosquée Wichniya",
        "Nom du site arabe": "جامع الويشنية",
        "Catégorie": "Mosquée",
        "Zone": "Arkou",
        "Source": null,
        "HW_ID": "HW-01K77WPE68FAWKXDY3R89R5KTF",
        "accessPoint": [
          11.02898,
          33.7836535
        ]
      }
    },
    {
      "type": "Feature",
      "geometry": {
        "type": "Point",
        "coordinates": [
          10.99173,
          33.8106
        ]
      },
      "properties": {
        "Nom du site FR": "Huilerie Traditionnelle Souterraine Fessili",
        "Nom du site arabe": "معصرة الفصيلي",
        "Catégorie": "Culture et tradition",
        "Zone": "Midoun",
        "Source": null,
        "HW_ID": "HW-01K77WPE68MMPS9ZVR6XTV9J61",
        "accessPoint": [
          10.9918059,
          33.8104952
        ]
      }
    },
    {
      "type": "Feature",
      "geometry": {
        "type": "Point",
        "coordinates": [
          10.990991,
          33.810779
        ]
      },
      "properties": {
        "Nom du site FR": "Mosquée Alrahmen ",
        "Nom du site arabe": "جامع الرحمن",
        "Catégorie": "Mosquée",
        "Zone": "Midoun",
        "Source": null,
        "HW_ID": "HW-01K77WPE68Q2NTEKRWSPCDZZGE",
        "description": "Située à Midoun. Egalement appelée Mosquée Ar-Rahman. Infos à rechercher.",
        "accessPoint": [
          10.9906779,
          33.8106229
        ]
      }
    },
    {
      "type": "Feature",
      "geometry": {
        "type": "Point",
        "coordinates": [
          10.99135,
          33.80639
        ]
      },
      "properties": {
        "Nom du site FR": "Ancienne Mosquée de Midoun",
        "Nom du site arabe": "جامع مدنين",
        "Catégorie": "Mosquée",
        "Zone": "Arkou",
        "Source": null,
        "HW_ID": "HW-01K77WPE68JWCXJ0TCG1EDSB7A",
        "description": "Egalement appeléée ancienne mosquée de Midoun. Infos à rechercher.",
        "accessPoint": [
          10.9910994,
          33.8064118
        ]
      }
    },
    {
      "type": "Feature",
      "geometry": {
        "type": "Point",
        "coordinates": [
          10.984167,
          33.844083
        ]
      },
      "properties": {
        "Nom du site FR": "Mosque Othmane Ibn Affenne",
        "Nom du site arabe": "جامع عثمان بن عفان",
        "Catégorie": "Mosquée",
        "Zone": "Midoun",
        "Source": null,
        "HW_ID": "HW-01K77WPE68HB12PE5Y0ZGTGJ3X",
        "info_gpx": "Mosquée d'architecture contemporaine soignée, héritière des codes classiques djerbiens mais modernisée dans ses lignes et ses finitions."
      }
    },
    {
      "type": "Feature",
      "geometry": {
        "type": "Point",
        "coordinates": [
          10.995083,
          33.794417
        ]
      },
      "properties": {
        "Nom du site FR": "Mosquée Ben Amara",
        "Nom du site arabe": "جامع بن عمارة",
        "Catégorie": "Mosquée",
        "Zone": "Arkou",
        "Source": null,
        "HW_ID": "HW-01K77WPE682TM0N643W207BGNE",
        "accessPoint": [
          10.9952391,
          33.7943411
        ]
      }
    },
    {
      "type": "Feature",
      "geometry": {
        "type": "Point",
        "coordinates": [
          11.006139,
          33.785139
        ]
      },
      "properties": {
        "Nom du site FR": "Huilerie Omar Ben Hamza",
        "Nom du site arabe": "معصرة عمر بن حمزة",
        "Catégorie": "Culture et tradition",
        "Zone": "Arkou",
        "Source": null,
        "HW_ID": "HW-01K77WPE69FQZ84EBV7HCETGM2",
        "accessPoint": [
          11.0057377,
          33.7853426
        ]
      }
    },
    {
      "type": "Feature",
      "geometry": {
        "type": "Point",
        "coordinates": [
          11.010306,
          33.782083
        ]
      },
      "properties": {
        "Nom du site FR": "Mosquée Arkou",
        "Nom du site arabe": "جامع أركو",
        "Catégorie": "Mosquée",
        "Zone": "Arkou",
        "Source": null,
        "HW_ID": "HW-01K77WPE69627R8AECX3S372Z3",
        "accessPoint": [
          11.0104164,
          33.7821456
        ]
      }
    },
    {
      "type": "Feature",
      "geometry": {
        "type": "Point",
        "coordinates": [
          10.980056,
          33.835167
        ]
      },
      "properties": {
        "Nom du site FR": "Mosquée Moslah Awlad Amor",
        "Nom du site arabe": "جامع مصلح أولاد عمر",
        "Catégorie": "Mosquée",
        "Zone": "Midoun",
        "Source": null,
        "HW_ID": "HW-01K77WPE698R49VRAQ6C6J1XXF",
        "info_gpx": "Mosquée qui illustre  le modèle de la mosquée de quartier djerbienne , à la fois ancrée dans la tradition architecturale locale et adaptée à la vie moderne, dans un équilibre entre modestie et élégance.",
        "accessPoint": [
          10.9804333,
          33.8352579
        ]
      }
    },
    {
      "type": "Feature",
      "geometry": {
        "type": "Point",
        "coordinates": [
          10.977861,
          33.828194
        ]
      },
      "properties": {
        "Nom du site FR": "Mosquée Taghr Ghaz",
        "Nom du site arabe": "مسجد تغر غار",
        "Catégorie": "Mosquée",
        "Zone": "Midoun",
        "Source": null,
        "HW_ID": "HW-01K77WPE69R3QRREC9E9W0S5V4",
        "info_gpx": "Mosquée qui témoigne rare de la continuité du style vernaculaire djerbien, où architecture, spiritualité et paysage forment une unité indissociable.",
        "accessPoint": [
          10.9777822,
          33.8283293
        ]
      }
    },
    {
      "type": "Feature",
      "geometry": {
        "type": "Point",
        "coordinates": [
          10.984389,
          33.801556
        ]
      },
      "properties": {
        "Nom du site FR": "Mosquée Hadherbach",
        "Nom du site arabe": "جامع حاضر باش",
        "Catégorie": "Mosquée",
        "Zone": "El Mahboubine",
        "Source": "http://palaisbenayed.com/la-mosquee-hadher-bach-%D8%AC%D8%A7%D9%85%D8%B9-%D8%AD%D8%A7%D8%B6%D8%B1-%D8%A8%D8%A7%D8%B4",
        "HW_ID": "HW-01K77WPE699CBRC4PV1ARJPXKM",
        "description": "Mosquée datant du 18ème siècle qui aurait été édifiée par Ali Ben Ayed dit Ali HadherBach et non pas par Mahmoud Ben Ayed, comme cela est parfois écrit. Salah Ben Youssef y aurait appris à écrire et à lire le Coran.",
        "accessPoint": [
          10.9845895,
          33.8017228
        ]
      }
    },
    {
      "type": "Feature",
      "geometry": {
        "type": "Point",
        "coordinates": [
          10.999944,
          33.784694
        ]
      },
      "properties": {
        "Nom du site FR": "Mosquée El Azmouni",
        "Nom du site arabe": "مسجد الزموني",
        "Catégorie": "Mosquée",
        "Zone": "Arkou",
        "Source": null,
        "HW_ID": "HW-01K77WPE69NZS5NFTFBPG6V291"
      }
    },
    {
      "type": "Feature",
      "geometry": {
        "type": "Point",
        "coordinates": [
          10.976983,
          33.815585
        ]
      },
      "properties": {
        "Nom du site FR": "Mosquée d'Ouled Hlel",
        "Nom du site arabe": "جامع أولاد هلال",
        "Catégorie": "Mosquée",
        "Zone": "Midoun",
        "Source": null,
        "HW_ID": "HW-01K77WPE697JA8WM3N71KEFY6S",
        "photos": [],
        "info_gpx": "Mosquée illustrant parfaitement le savoir-faire architectural insulaire, capable de conjuguer forme, fonction et spiritualité dans un cadre à la fois humble et monumental.",
        "accessPoint": [
          10.9771006,
          33.8156947
        ]
      }
    },
    {
      "type": "Feature",
      "geometry": {
        "type": "Point",
        "coordinates": [
          10.983667,
          33.856
        ]
      },
      "properties": {
        "Nom du site FR": "Mosquée Sidi Zekri",
        "Nom du site arabe": "مسجد سيدي زكري",
        "Catégorie": "Mosquée",
        "Zone": "Mazraia",
        "Source": "https://djerba.holiday/les-mosquees-et-monuments-historiques-de-djerba-un-voyage-a-travers-le-temps-la-spiritualite-et-le-patrimoine-mondial-de-lunesco/",
        "HW_ID": "HW-01K77WPE69Z6P5WA0YY1ETQ5XB",
        "description": "Mosquée de forme irrégulière, composée d'une salle de prière troglodytique, d'une salle funéraire et d'une citerne. Un petit esaclier étroit nous amène dans la salle de prière. L'intérieur est divisé en deux, la partie ouest couverte par une coupole et son mur sud est orné d'une niche de mihrab. A l'ouest, on découvre la salle funéraire couvert de de coupole à trompes. Elle a été restaurée à deux reprises, en 2005 par les habitants et en 2006 par l'Institut National du Patrmoine et est classé au patrimoine mondial de l'UNESCO.",
        "info_gpx": "Mosquée unique en son genre, non seulement pour son architecture troglodytique mais aussi pour son rôle historique dans le système de défense de l’île.",
        "accessPoint": [
          10.9833026,
          33.8556771
        ]
      }
    },
    {
      "type": "Feature",
      "geometry": {
        "type": "Point",
        "coordinates": [
          10.970194,
          33.819806
        ]
      },
      "properties": {
        "Nom du site FR": "Henchir Bourgou",
        "Nom du site arabe": "هنشير بورقو",
        "Catégorie": "Site archéologique",
        "Zone": "Midoun",
        "Source": "https://fr.wikipedia.org/wiki/Henchir_Bourgouhttps://kapitalis.com/tunisie/2021/07/07/djerba-le-site-archeologique-de-henchir-bougou-reduit-en-decharge/",
        "HW_ID": "HW-01K77WPE69RBE6FB0RR05GEJM3",
        "photos": [],
        "description": "Site mesurant environ 700 mètres de rayon, comportant un mausolée, monument funéraire pré-islamique, situé au sud du site. Celui-ci mesure 4,5 mètres de haut et près de neuf mètres de large. Il pose sur un soubassement ressemblant à un triange équilatéral tronqué. Malgré son classement en 2022, celui-ci serait utilisé comme décharge.",
        "Sous-type": "",
        "État": "Conservé",
        "Accès": "Extérieur seulement",
        "info_gpx": "",
        "Temps_minutes": 0,
        "Prix_TND": 0,
        "Téléphone": "",
        "Horaires": "",
        "Facebook": "",
        "verified": false,
        "introuvableCarte": false
      }
    },
    {
      "type": "Feature",
      "geometry": {
        "type": "Point",
        "coordinates": [
          10.969889,
          33.844944
        ]
      },
      "properties": {
        "Nom du site FR": "Mosquée Sellaouti",
        "Nom du site arabe": "جامع السلاوتي",
        "Catégorie": "Mosquée",
        "Zone": "Mazraia",
        "Source": "https://www.webdo.tn/fr/actualite/chroniques/djerba-beaute-immaculee-de-mosquee-sellaouati/187481/",
        "HW_ID": "HW-01K77WPE69KD9K0SES4DYYWZQA",
        "description": "Mosquée massive au minaret carré dont la construction remonterait au 16ème siècle, à l'arrivée du clan des Sellaouates. La légende raconte que ceux-ci ont commencé par creuser un puits avant de décider d'y établir leur culte. Ils virent un signe divin dans la découverte d'une colonne de marbre qui sortaient du sol et décidèrent de l'incorporer à leur mosquée. A leur arrivée le lendemain de sa construction, la porte était close sans être munie de serrure ni de loquet. Une femme vénérable reconnue pour sa sagesse leur conseilla de faire acte de charité. Ce qui fût fait, avant d'émietter un dernier pain devant la mosquée qui leur fût enfin accessible.",
        "info_gpx": "Mosquée massive au minaret carré qui se cache derrière les oliviers.\nCe sanctuaire immaculé continue de recevoir les fidèles et, parfois, de simples curieux."
      }
    },
    {
      "type": "Feature",
      "geometry": {
        "type": "Point",
        "coordinates": [
          11.01767,
          33.763551
        ]
      },
      "properties": {
        "Nom du site FR": "Mosquée AsSalam",
        "Nom du site arabe": "مسجد المعمورة",
        "Catégorie": "Mosquée",
        "Zone": "Arkou",
        "Source": "",
        "HW_ID": "HW-01K77WPE697PHS21NP9P0JGJ6F",
        "description": "",
        "accessPoint": [
          11.0174196,
          33.7635807
        ],
        "Sous-type": "À minaret",
        "État": "En activité",
        "Accès": "",
        "info_gpx": "",
        "Temps_minutes": 0,
        "Prix_TND": 0,
        "Téléphone": "",
        "Horaires": "",
        "Facebook": "",
        "verified": false,
        "introuvableCarte": false
      }
    },
    {
      "type": "Feature",
      "geometry": {
        "type": "Point",
        "coordinates": [
          10.96475,
          33.814972
        ]
      },
      "properties": {
        "Nom du site FR": "Mosquée Mrabet Messaoud",
        "Nom du site arabe": "جامع خزرون",
        "Catégorie": "Mosquée",
        "Zone": "Midoun",
        "Source": "",
        "HW_ID": "HW-01K77WPE69CKZWJHD3JAJT874K",
        "photos": [],
        "accessPoint": [
          10.9646197,
          33.8148676
        ],
        "Sous-type": "À minaret",
        "État": "En activité",
        "Accès": "Extérieur seulement",
        "info_gpx": "",
        "description": "",
        "Temps_minutes": 0,
        "Prix_TND": 0,
        "Téléphone": "",
        "Horaires": "",
        "Facebook": "",
        "verified": false,
        "introuvableCarte": false
      }
    },
    {
      "type": "Feature",
      "geometry": {
        "type": "Point",
        "coordinates": [
          10.959326,
          33.824759
        ]
      },
      "properties": {
        "Nom du site FR": "Mosquée Fadhloun",
        "Nom du site arabe": "جامع فضلـون",
        "Catégorie": "Mosquée",
        "Zone": "Sedghaiane",
        "Source": "https://fr.wikipedia.org/wiki/Mosqu%C3%A9e_Fadhloun",
        "HW_ID": "HW-01K77WPE6A22WXDRBSQ8AEW7BR",
        "description": "Mosquée bâtie au 14ème siècle et conçue selon un plan atypique. Outre son rôle religieux, celle-ci servait de seconde ligne de défense après les forts.",
        "accessPoint": [
          10.9596461,
          33.8247249
        ]
      }
    },
    {
      "type": "Feature",
      "geometry": {
        "type": "Point",
        "coordinates": [
          10.970306,
          33.792222
        ]
      },
      "properties": {
        "Nom du site FR": "Marabout Sidi Saïd",
        "Nom du site arabe": "جدي سعيد",
        "Catégorie": "Mosquée",
        "Zone": "El Mahboubine",
        "Source": null,
        "HW_ID": "HW-01K77WPE6A27VC54MEK4XHGV9V",
        "description": "Pas de nom sur Google Maps ni sur Openstreetmap. A vérifier",
        "accessPoint": [
          10.9698519,
          33.7918562
        ]
      }
    },
    {
      "type": "Feature",
      "geometry": {
        "type": "Point",
        "coordinates": [
          10.964379,
          33.796345
        ]
      },
      "properties": {
        "Nom du site FR": "Mosquée El Kateb",
        "Nom du site arabe": "جامع الكاتب",
        "Catégorie": "Mosquée",
        "Zone": "El Mahboubine",
        "Source": "https://fr.wikipedia.org/wiki/Mahboubine",
        "HW_ID": "HW-01K77WPE6A1GRGM843BF4KA3RT",
        "description": "Mosquée construite au début du XXe siècle par Ali El Kateb située dans le village de Mahboubine , nom d'origine arabe signifiant \"Bien aimés\", à 3 kilomètres de Midoun",
        "accessPoint": [
          10.9644008,
          33.7965158
        ]
      }
    },
    {
      "type": "Feature",
      "geometry": {
        "type": "Point",
        "coordinates": [
          10.95825,
          33.84092
        ]
      },
      "properties": {
        "Nom du site FR": "Mosquée Ben Maazouzine",
        "Nom du site arabe": "جامع بن معزوزين",
        "Catégorie": "Mosquée",
        "Zone": "Mazraia",
        "Source": "https://lapresse.tn/2025/08/26/restauree-apres-des-siecles-la-mosquee-al-maazouzine-retrouve-son-eclat-a-djerba/",
        "HW_ID": "HW-01K77WPE6AFSTY1DA2XVPB3MVC",
        "photos": [
          "photos/poi_HW-01K77WPE6AFSTY1DA2XVPB3MVC_1780563624639.jpg",
          "photos/poi_HW-01K77WPE6AFSTY1DA2XVPB3MVC_1780563626705.jpg",
          "photos/poi_HW-01K77WPE6AFSTY1DA2XVPB3MVC_1780563628720.jpg",
          "photos/poi_HW-01K77WPE6AFSTY1DA2XVPB3MVC_1780563630850.jpg",
          "photos/poi_HW-01K77WPE6AFSTY1DA2XVPB3MVC_1780563632454.jpg",
          "photos/poi_HW-01K77WPE6AFSTY1DA2XVPB3MVC_1780563634489.jpg",
          "photos/poi_HW-01K77WPE6AFSTY1DA2XVPB3MVC_1780563636230.jpg"
        ],
        "description": "Datant de cinquième siècle de l'Hégire, ce qui correspond à la période comprise entre 1009 et 1106 de notre ère, cette mosquée ibadite est classées parmi les mosquées \"Ghaba\" qui avaient un rôle éducatif, religieux et juridique. Elle est composée d'une petite salle de prière, d'un logement pour les étudiants, une cuisine et un puits. Le monument ayant souffert du temps qui passe et de dégradations humaines, telles que rechercher de trésor et fol de pierre, une restauration devenait urgente. Ce projet, mené mar Mouldi Chaabani, a été réalisé collectivement par une cinquantaine d'étudiants, d'ingénieurs et de mécènes locaux. Un bel exemple de durabilité et de préservation du patrimoine.",
        "info_gpx": "Mosquée Ibadite restaurée en août 2025",
        "Sous-type": "À coupoles",
        "État": "Désaffecté",
        "Accès": "Intérieur visitable"
      }
    },
    {
      "type": "Feature",
      "geometry": {
        "type": "Point",
        "coordinates": [
          10.84875,
          33.875917
        ]
      },
      "properties": {
        "Nom du site FR": "Mosquée El Jadid",
        "Nom du site arabe": "جامع الجديد",
        "Catégorie": "Mosquée",
        "Zone": "Bou Melel",
        "Source": null,
        "HW_ID": "HW-01K77WPE6AC5NNAYN5AF2HNACS",
        "description": "Infos à rechercher.",
        "accessPoint": [
          10.8485645,
          33.8758148
        ]
      }
    },
    {
      "type": "Feature",
      "geometry": {
        "type": "Point",
        "coordinates": [
          10.9685,
          33.78525
        ]
      },
      "properties": {
        "Nom du site FR": "Mosquée El Ghazouane",
        "Nom du site arabe": "جامع الغزوان",
        "Catégorie": "Mosquée",
        "Zone": "El Mahboubine",
        "Source": null,
        "HW_ID": "HW-01K77WPE6A6PKFYXGMY0Z2B3NC",
        "accessPoint": [
          10.968449,
          33.7853315
        ]
      }
    },
    {
      "type": "Feature",
      "geometry": {
        "type": "Point",
        "coordinates": [
          10.95333,
          33.84361
        ]
      },
      "properties": {
        "Nom du site FR": "Mosquées Haja Loulou",
        "Nom du site arabe": "جامع الحاجة لولو",
        "Catégorie": "Mosquée",
        "Zone": "Mazraia",
        "Source": null,
        "HW_ID": "HW-01K77WPE6AS77NE3CRGHPYHJSE",
        "info_gpx": "Mosquée qui se dresse isolée au milieu d’un terrain pierreux planté de quelques oliviers.",
        "accessPoint": [
          10.9531788,
          33.8435566
        ],
        "Sous-type": "À coupoles",
        "État": "Ruine",
        "Accès": "Intérieur visitable",
        "photos": [
          "photos/poi_HW-01K77WPE6AS77NE3CRGHPYHJSE_1780563638082.jpg",
          "photos/poi_HW-01K77WPE6AS77NE3CRGHPYHJSE_1780563639836.jpg",
          "photos/poi_HW-01K77WPE6AS77NE3CRGHPYHJSE_1780563641896.jpg",
          "photos/poi_HW-01K77WPE6AS77NE3CRGHPYHJSE_1780563643931.jpg",
          "photos/poi_HW-01K77WPE6AS77NE3CRGHPYHJSE_1780563646211.jpg",
          "photos/poi_HW-01K77WPE6AS77NE3CRGHPYHJSE_1780563648261.jpg",
          "photos/poi_HW-01K77WPE6AS77NE3CRGHPYHJSE_1780563650075.jpg"
        ]
      }
    },
    {
      "type": "Feature",
      "geometry": {
        "type": "Point",
        "coordinates": [
          11.012438,
          33.753597
        ]
      },
      "properties": {
        "Nom du site FR": "Phare Aghir",
        "Nom du site arabe": "منارة أجير",
        "Catégorie": "Curiosité",
        "Zone": "Hors zone",
        "Source": null,
        "Temps_minutes": null,
        "Prix_TND": null,
        "Téléphone": null,
        "Horaires": null,
        "verified": false,
        "HW_ID": "HW-01K77WPE6AB83SMA3RRSYH0SK9",
        "description": "Fait partie du circuit invaders",
        "info_gpx": null
      }
    },
    {
      "type": "Feature",
      "geometry": {
        "type": "Point",
        "coordinates": [
          10.954642,
          33.851231
        ]
      },
      "properties": {
        "Nom du site FR": "Mosquée Medrajen",
        "Nom du site arabe": "جامع مدراجن",
        "Catégorie": "Mosquée",
        "Zone": "Mazraia",
        "Source": null,
        "HW_ID": "HW-01K77WPE6A7EGYFGG7XNYT8AYC",
        "accessPoint": [
          10.9547205,
          33.8513384
        ],
        "Sous-type": "À minaret",
        "État": "En activité",
        "Accès": "Extérieur seulement",
        "photos": [
          "photos/poi_HW-01K77WPE6A7EGYFGG7XNYT8AYC_1780563703603.jpg",
          "photos/poi_HW-01K77WPE6A7EGYFGG7XNYT8AYC_1780563705415.jpg",
          "photos/poi_HW-01K77WPE6A7EGYFGG7XNYT8AYC_1780563707309.jpg",
          "photos/poi_HW-01K77WPE6A7EGYFGG7XNYT8AYC_1780563709031.jpg",
          "photos/poi_HW-01K77WPE6A7EGYFGG7XNYT8AYC_1780563710742.jpg",
          "photos/poi_HW-01K77WPE6A7EGYFGG7XNYT8AYC_1780563712485.jpg"
        ]
      }
    },
    {
      "type": "Feature",
      "geometry": {
        "type": "Point",
        "coordinates": [
          10.973528,
          33.776139
        ]
      },
      "properties": {
        "Nom du site FR": "Mosquée Tboulemt",
        "Nom du site arabe": "جامع تلمت",
        "Catégorie": "Mosquée",
        "Zone": "El Mahboubine",
        "Source": null,
        "HW_ID": "HW-01K77WPE6AVNZQPMPCEZ1V17GX",
        "description": "Egalement appelée Mosquée Telmet ? A vérifier",
        "accessPoint": [
          10.9734601,
          33.7760461
        ]
      }
    },
    {
      "type": "Feature",
      "geometry": {
        "type": "Point",
        "coordinates": [
          10.984694,
          33.766694
        ]
      },
      "properties": {
        "Nom du site FR": "Mosquée Chbêbia",
        "Nom du site arabe": "جامع الشُّبابيّة",
        "Catégorie": "Mosquée",
        "Zone": "Arkou",
        "Source": null,
        "HW_ID": "HW-01K77WPE6A3AYDG7D68R9A0JBT",
        "accessPoint": [
          10.9847207,
          33.7667882
        ]
      }
    },
    {
      "type": "Feature",
      "geometry": {
        "type": "Point",
        "coordinates": [
          10.963728,
          33.867929
        ]
      },
      "properties": {
        "Nom du site FR": "Mosquée Sidi Mehrez",
        "Nom du site arabe": "جامع سيدي مهراز",
        "Catégorie": "Mosquée",
        "Zone": "Mazraia",
        "Source": "https://fr.wikipedia.org/wiki/Mezraya",
        "HW_ID": "HW-01K77WPE6AJXE1YKC3AA7S78SA",
        "description": "Mosquée côtière, qui servait de garde-côte",
        "accessPoint": [
          10.9639214,
          33.8679716
        ]
      }
    },
    {
      "type": "Feature",
      "geometry": {
        "type": "Point",
        "coordinates": [
          10.948608,
          33.811213
        ]
      },
      "properties": {
        "Nom du site FR": "Mosquée Ben Arous",
        "Nom du site arabe": "جامع بن عروس",
        "Catégorie": "Mosquée",
        "Zone": "El Mahboubine",
        "Source": null,
        "HW_ID": "HW-01K77WPE6BNSENDPYVFJT2TW7Y",
        "accessPoint": [
          10.9488709,
          33.8112548
        ]
      }
    },
    {
      "type": "Feature",
      "geometry": {
        "type": "Point",
        "coordinates": [
          10.945111,
          33.846167
        ]
      },
      "properties": {
        "Nom du site FR": "Mosquée Khouch",
        "Nom du site arabe": "جامع الخوش",
        "Catégorie": "Mosquée",
        "Zone": "Mazraia",
        "Source": null,
        "HW_ID": "HW-01K77WPE6BE6FFWWHJH6DSSZQ6",
        "accessPoint": [
          10.9450346,
          33.845715
        ],
        "Sous-type": "À coupoles",
        "État": "Ruine",
        "Accès": "Intérieur visitable",
        "photos": [
          "photos/poi_HW-01K77WPE6BE6FFWWHJH6DSSZQ6_1780563652127.jpg",
          "photos/poi_HW-01K77WPE6BE6FFWWHJH6DSSZQ6_1780563653961.jpg",
          "photos/poi_HW-01K77WPE6BE6FFWWHJH6DSSZQ6_1780563655921.jpg",
          "photos/poi_HW-01K77WPE6BE6FFWWHJH6DSSZQ6_1780563658090.jpg"
        ]
      }
    },
    {
      "type": "Feature",
      "geometry": {
        "type": "Point",
        "coordinates": [
          10.945556,
          33.850917
        ]
      },
      "properties": {
        "Nom du site FR": "Mosquée Ami Zayed",
        "Nom du site arabe": "جامع أمي زايد",
        "Catégorie": "Mosquée",
        "Zone": "Mazraia",
        "Source": null,
        "HW_ID": "HW-01K77WPE6BE2HDNBY0FSWSNRTH",
        "accessPoint": [
          10.9454083,
          33.8509123
        ],
        "Sous-type": "À coupoles",
        "État": "En activité",
        "Accès": "Extérieur seulement",
        "photos": [
          "photos/poi_HW-01K77WPE6BE2HDNBY0FSWSNRTH_1780563691455.jpg",
          "photos/poi_HW-01K77WPE6BE2HDNBY0FSWSNRTH_1780563693514.jpg",
          "photos/poi_HW-01K77WPE6BE2HDNBY0FSWSNRTH_1780563695641.jpg",
          "photos/poi_HW-01K77WPE6BE2HDNBY0FSWSNRTH_1780563697632.jpg",
          "photos/poi_HW-01K77WPE6BE2HDNBY0FSWSNRTH_1780563699516.jpg",
          "photos/poi_HW-01K77WPE6BE2HDNBY0FSWSNRTH_1780563701545.jpg"
        ]
      }
    },
    {
      "type": "Feature",
      "geometry": {
        "type": "Point",
        "coordinates": [
          10.951278,
          33.791889
        ]
      },
      "properties": {
        "Nom du site FR": "Mosquée Braa",
        "Nom du site arabe": "جامع برا",
        "Catégorie": "Mosquée",
        "Zone": "El Mahboubine",
        "Source": null,
        "HW_ID": "HW-01K77WPE6BZYXKCYCZXB9RG3RP",
        "accessPoint": [
          10.9514246,
          33.7919722
        ]
      }
    },
    {
      "type": "Feature",
      "geometry": {
        "type": "Point",
        "coordinates": [
          10.936639,
          33.823556
        ]
      },
      "properties": {
        "Nom du site FR": "Mosquée Boulimen",
        "Nom du site arabe": "جامع بوليمان",
        "Catégorie": "Mosquée",
        "Zone": "Sedghaiane",
        "Source": null,
        "HW_ID": "HW-01K77WPE6BDX79P55JZDF0G5SB"
      }
    },
    {
      "type": "Feature",
      "geometry": {
        "type": "Point",
        "coordinates": [
          10.968778,
          33.763028
        ]
      },
      "properties": {
        "Nom du site FR": "Mosquée Ouedrane",
        "Nom du site arabe": "جامع ودران",
        "Catégorie": "Mosquée",
        "Zone": "Arkou",
        "Source": "",
        "HW_ID": "HW-01K77WPE6B2CT1A4B58N917MXQ",
        "photos": [],
        "description": "Située dans le quartier Ouedrane, faisant partie de Beni Maaguel",
        "accessPoint": [
          10.9687378,
          33.7628852
        ],
        "Sous-type": "",
        "État": "",
        "Accès": "",
        "info_gpx": "",
        "Temps_minutes": 0,
        "Prix_TND": 0,
        "Téléphone": "",
        "Horaires": "",
        "Facebook": "",
        "verified": false,
        "introuvableCarte": false
      }
    },
    {
      "type": "Feature",
      "geometry": {
        "type": "Point",
        "coordinates": [
          10.93747,
          33.84399
        ]
      },
      "properties": {
        "Nom du site FR": "Mosquée Ben Daoued",
        "Nom du site arabe": "جامع بن داود",
        "Catégorie": "Mosquée",
        "Zone": "Mazraia",
        "Source": null,
        "HW_ID": "HW-01K77WPE6BAJG9QADZMRDXPWTB",
        "info_gpx": "Mosquée se trouvant dans un environnement semi-rural, à proximité de petites voies et de terrains sablonneux.",
        "Sous-type": "À coupoles",
        "État": "Désaffecté",
        "Accès": "Intérieur visitable",
        "photos": [
          "photos/poi_HW-01K77WPE6BAJG9QADZMRDXPWTB_1780563660612.jpg",
          "photos/poi_HW-01K77WPE6BAJG9QADZMRDXPWTB_1780563662542.jpg",
          "photos/poi_HW-01K77WPE6BAJG9QADZMRDXPWTB_1780563664666.jpg",
          "photos/poi_HW-01K77WPE6BAJG9QADZMRDXPWTB_1780563666264.jpg",
          "photos/poi_HW-01K77WPE6BAJG9QADZMRDXPWTB_1780563669095.jpg",
          "photos/poi_HW-01K77WPE6BAJG9QADZMRDXPWTB_1780563671128.jpg",
          "photos/poi_HW-01K77WPE6BAJG9QADZMRDXPWTB_1780563673468.jpg"
        ]
      }
    },
    {
      "type": "Feature",
      "geometry": {
        "type": "Point",
        "coordinates": [
          10.936278,
          33.811056
        ]
      },
      "properties": {
        "Nom du site FR": "Mosquée Jaber Ibn Zayed",
        "Nom du site arabe": "جامع جابر بن زايد",
        "Catégorie": "Mosquée",
        "Zone": "Sedghaiane",
        "Source": null,
        "HW_ID": "HW-01K77WPE6B757BJRXVWKNC8PBD",
        "description": "Située à Sedghiane. Infos à rechercher",
        "accessPoint": [
          10.9364298,
          33.8113486
        ]
      }
    },
    {
      "type": "Feature",
      "geometry": {
        "type": "Point",
        "coordinates": [
          10.93325,
          33.843722
        ]
      },
      "properties": {
        "Nom du site FR": "Mosquée Mrabet Belgassem",
        "Nom du site arabe": "جامع المرابط بلقاسم",
        "Catégorie": "Mosquée",
        "Zone": "Mazraia",
        "Source": null,
        "HW_ID": "HW-01K77WPE6B49HSRPBACEWDY95T",
        "accessPoint": [
          10.9333783,
          33.8437296
        ],
        "Sous-type": "À coupoles",
        "État": "Désaffecté",
        "Accès": "Intérieur visitable",
        "photos": [
          "photos/poi_HW-01K77WPE6B49HSRPBACEWDY95T_1780563675856.jpg",
          "photos/poi_HW-01K77WPE6B49HSRPBACEWDY95T_1780563677648.jpg",
          "photos/poi_HW-01K77WPE6B49HSRPBACEWDY95T_1780563679444.jpg",
          "photos/poi_HW-01K77WPE6B49HSRPBACEWDY95T_1780563681743.jpg",
          "photos/poi_HW-01K77WPE6B49HSRPBACEWDY95T_1780563683833.jpg",
          "photos/poi_HW-01K77WPE6B49HSRPBACEWDY95T_1780563685770.jpg",
          "photos/poi_HW-01K77WPE6B49HSRPBACEWDY95T_1780563687391.jpg",
          "photos/poi_HW-01K77WPE6B49HSRPBACEWDY95T_1780563689214.jpg"
        ]
      }
    },
    {
      "type": "Feature",
      "geometry": {
        "type": "Point",
        "coordinates": [
          10.939611,
          33.866639
        ]
      },
      "properties": {
        "Nom du site FR": "Mosquée Ghisen Ommï Omar",
        "Nom du site arabe": "جامع غيسان أمي عمر",
        "Catégorie": "Mosquée",
        "Zone": "Mazraia",
        "Source": null,
        "HW_ID": "HW-01K77WPE6B87GSD5BT3NXXR5RE",
        "description": "Située à Ghizen. Egalement appelée El Haj Amor. Infos à rechercher.",
        "accessPoint": [
          10.9397628,
          33.8665012
        ]
      }
    },
    {
      "type": "Feature",
      "geometry": {
        "type": "Point",
        "coordinates": [
          10.955722,
          33.765472
        ]
      },
      "properties": {
        "Nom du site FR": "Mosquée Ben Jdidi",
        "Nom du site arabe": "جامع بن جديـدي",
        "Catégorie": "Mosquée",
        "Zone": "Beni Maaguel",
        "Source": null,
        "HW_ID": "HW-01K77WPE6BG5X8YCCG07AEVQY8",
        "accessPoint": [
          10.9557632,
          33.765369
        ]
      }
    },
    {
      "type": "Feature",
      "geometry": {
        "type": "Point",
        "coordinates": [
          10.932361,
          33.85825
        ]
      },
      "properties": {
        "Nom du site FR": "Mosquée Tlakine",
        "Nom du site arabe": "جامع تلاكين",
        "Catégorie": "Mosquée",
        "Zone": "Mazraia",
        "Source": null,
        "HW_ID": "HW-01K77WPE6B8K7SZXAC90M70BMM",
        "accessPoint": [
          10.9324732,
          33.8584054
        ]
      }
    },
    {
      "type": "Feature",
      "geometry": {
        "type": "Point",
        "coordinates": [
          10.93525,
          33.78225
        ]
      },
      "properties": {
        "Nom du site FR": "Mosquée de Bedouine",
        "Nom du site arabe": "جامع بدوين",
        "Catégorie": "Mosquée",
        "Zone": "El Mahboubine",
        "Source": null,
        "HW_ID": "HW-01K77WPE6BGKED1DHN669J64P7"
      }
    },
    {
      "type": "Feature",
      "geometry": {
        "type": "Point",
        "coordinates": [
          10.923306,
          33.814167
        ]
      },
      "properties": {
        "Nom du site FR": "Mosquée Saïd Ben Salah",
        "Nom du site arabe": "مسجد سعيد بن صالح",
        "Catégorie": "Mosquée",
        "Zone": "Sedghaiane",
        "Source": null,
        "HW_ID": "HW-01K77WPE6C4QCW255MDZKT0RHK",
        "accessPoint": [
          10.9234103,
          33.8142651
        ]
      }
    },
    {
      "type": "Feature",
      "geometry": {
        "type": "Point",
        "coordinates": [
          10.935056,
          33.780194
        ]
      },
      "properties": {
        "Nom du site FR": "Huilerie Souterraine Ben Omrane",
        "Nom du site arabe": "معصرة بن عمران",
        "Catégorie": "Culture et tradition",
        "Zone": "El Mahboubine",
        "Source": null,
        "HW_ID": "HW-01K77WPE6CVR05TNW29PD4ZT89",
        "accessPoint": [
          10.9352142,
          33.7802619
        ]
      }
    },
    {
      "type": "Feature",
      "geometry": {
        "type": "Point",
        "coordinates": [
          10.923667,
          33.791444
        ]
      },
      "properties": {
        "Nom du site FR": "Mosquée El Hzem",
        "Nom du site arabe": "جامع الحزم",
        "Catégorie": "Mosquée",
        "Zone": "El May",
        "Source": null,
        "HW_ID": "HW-01K77WPE6CBWN7QDW6G4G73RWZ",
        "description": "Située à El Hazem. Nfos à rechercher",
        "accessPoint": [
          10.9237394,
          33.7912288
        ]
      }
    },
    {
      "type": "Feature",
      "geometry": {
        "type": "Point",
        "coordinates": [
          10.915338,
          33.81395
        ]
      },
      "properties": {
        "Nom du site FR": "Mosquée Hallem",
        "Nom du site arabe": "مسجد تيانست",
        "Catégorie": "Mosquée",
        "Zone": "Sedghaiane",
        "Source": null,
        "HW_ID": "HW-01K77WPE6CC0RY56ECB2RCTGJP",
        "description": "Egalement connue sous le nom de Mosquée TiyanestMosquée Tiyanest. Située à Sedghiane. Infos à rechercher",
        "accessPoint": [
          10.9154682,
          33.8141086
        ]
      }
    },
    {
      "type": "Feature",
      "geometry": {
        "type": "Point",
        "coordinates": [
          10.922473,
          33.874382
        ]
      },
      "properties": {
        "Nom du site FR": "Site Archéoologique Ghizen",
        "Nom du site arabe": "الموقع الأثري غيزان",
        "Catégorie": "Site historique",
        "Zone": "Mazraia",
        "Source": null,
        "HW_ID": "HW-01K77WPE6CZ52F0ERH3WR0ZT77",
        "accessPoint": [
          10.9222509,
          33.8744937
        ]
      }
    },
    {
      "type": "Feature",
      "geometry": {
        "type": "Point",
        "coordinates": [
          10.917088,
          33.864701
        ]
      },
      "properties": {
        "Nom du site FR": "Mosquée Arouay",
        "Nom du site arabe": "جامع اروي",
        "Catégorie": "Mosquée",
        "Zone": "Mazraia",
        "Source": null,
        "HW_ID": "HW-01K77WPE6C4WQ1CR342MVCN64V",
        "description": "Située à Ghizen, également appelée Mosquée Said Yamoun. Infos à rechercher",
        "accessPoint": [
          10.9170463,
          33.8648617
        ]
      }
    },
    {
      "type": "Feature",
      "geometry": {
        "type": "Point",
        "coordinates": [
          10.910194,
          33.839083
        ]
      },
      "properties": {
        "Nom du site FR": "Mosquée Sidi Hadded",
        "Nom du site arabe": "جامع سيدي حداد",
        "Catégorie": "Mosquée",
        "Zone": "Sedghaiane",
        "Source": null,
        "HW_ID": "HW-01K77WPE6C5GHRJMF8MP5ZQC6D",
        "accessPoint": [
          10.9103468,
          33.8391814
        ]
      }
    },
    {
      "type": "Feature",
      "geometry": {
        "type": "Point",
        "coordinates": [
          10.909444,
          33.827833
        ]
      },
      "properties": {
        "Nom du site FR": "Mosquée Ar-Rahman",
        "Nom du site arabe": "جامع الرحمن",
        "Catégorie": "Mosquée",
        "Zone": "Sedghaiane",
        "Source": null,
        "HW_ID": "HW-01K77WPE6CNKRKMD8T6VEG3WSE",
        "description": "Située à Oualegh. Infos à rechercher.",
        "accessPoint": [
          10.9094212,
          33.8277085
        ]
      }
    },
    {
      "type": "Feature",
      "geometry": {
        "type": "Point",
        "coordinates": [
          10.942278,
          33.751806
        ]
      },
      "properties": {
        "Nom du site FR": "Mosquée Ibrahim El-Kalil Dhira",
        "Nom du site arabe": "جامع إبراهيم الخليل الذّحيرة",
        "Catégorie": "Mosquée",
        "Zone": "Beni Maaguel",
        "Source": null,
        "HW_ID": "HW-01K77WPE6CP8P9RJP202ZRWJQJ",
        "accessPoint": [
          10.9423118,
          33.7516329
        ]
      }
    },
    {
      "type": "Feature",
      "geometry": {
        "type": "Point",
        "coordinates": [
          10.905899,
          33.833374
        ]
      },
      "properties": {
        "Nom du site FR": "Mosquée d’‏Elyounsiine",
        "Nom du site arabe": "جامع اليونسيين",
        "Catégorie": "Mosquée",
        "Zone": "Oualeg",
        "Source": null,
        "HW_ID": "HW-01K77WPE6CW6FA3ED63PXQ5WHX",
        "description": "Infos à rechercher. Située à Oualegh",
        "accessPoint": [
          10.9057398,
          33.8337328
        ]
      }
    },
    {
      "type": "Feature",
      "geometry": {
        "type": "Point",
        "coordinates": [
          10.905944,
          33.839139
        ]
      },
      "properties": {
        "Nom du site FR": "Mosquée El-Guechaï",
        "Nom du site arabe": "جامع الغشّي",
        "Catégorie": "Mosquée",
        "Zone": "Sedghaiane",
        "Source": null,
        "HW_ID": "HW-01K77WPE6CT271602JBDQFH8AM",
        "accessPoint": [
          10.9057886,
          33.8392845
        ]
      }
    },
    {
      "type": "Feature",
      "geometry": {
        "type": "Point",
        "coordinates": [
          10.913278,
          33.869722
        ]
      },
      "properties": {
        "Nom du site FR": "Nécropole de Ghizen",
        "Nom du site arabe": "مقبرة غيزان",
        "Catégorie": "Site historique",
        "Zone": "Mazraia",
        "Source": null,
        "HW_ID": "HW-01K77WPE6CT3DF98CMH3E04Y6K"
      }
    },
    {
      "type": "Feature",
      "geometry": {
        "type": "Point",
        "coordinates": [
          10.905228,
          33.85206
        ]
      },
      "properties": {
        "Nom du site FR": "Mosquée Ben Yekhlef",
        "Nom du site arabe": "جامع بن يخلف",
        "Catégorie": "Mosquée",
        "Zone": "Sedghaiane",
        "Source": null,
        "HW_ID": "HW-01K77WPE6CMHE8GHTTW13GZ8M1",
        "accessPoint": [
          10.9049725,
          33.8517692
        ]
      }
    },
    {
      "type": "Feature",
      "geometry": {
        "type": "Point",
        "coordinates": [
          10.941083,
          33.746222
        ]
      },
      "properties": {
        "Nom du site FR": "Mosquée Ejdid",
        "Nom du site arabe": "جامع الجديد",
        "Catégorie": "Mosquée",
        "Zone": "Beni Maaguel",
        "Source": null,
        "HW_ID": "HW-01K77WPE6C4GTHCK9Y64EFE8SP",
        "accessPoint": [
          10.9413313,
          33.7462125
        ]
      }
    },
    {
      "type": "Feature",
      "geometry": {
        "type": "Point",
        "coordinates": [
          10.899641,
          33.820314
        ]
      },
      "properties": {
        "Nom du site FR": "Mosquéee Sidi Ncir",
        "Nom du site arabe": "جامع سيدي نصير",
        "Catégorie": "Mosquée",
        "Zone": "Oualeg",
        "Source": null,
        "HW_ID": "HW-01K77WPE6DADD5BVFVTP8P3EXY",
        "accessPoint": [
          10.8994232,
          33.8201064
        ]
      }
    },
    {
      "type": "Feature",
      "geometry": {
        "type": "Point",
        "coordinates": [
          10.909145,
          33.872565
        ]
      },
      "properties": {
        "Nom du site FR": "Mosquée Sidi Smaân",
        "Nom du site arabe": "جامع سمعان",
        "Catégorie": "Mosquée",
        "Zone": "Mazraia",
        "Source": null,
        "HW_ID": "HW-01K77WPE6D46D9BH4QCBXE331N",
        "description": "Infos à rechercher.",
        "accessPoint": [
          10.9090045,
          33.8724573
        ]
      }
    },
    {
      "type": "Feature",
      "geometry": {
        "type": "Point",
        "coordinates": [
          10.970972,
          33.766528
        ]
      },
      "properties": {
        "Nom du site FR": "Mosquée des six coupoles",
        "Nom du site arabe": "جامع ست قباب",
        "Catégorie": "Mosquée",
        "Zone": "Arkou",
        "Source": null,
        "HW_ID": "HW-01KJABRN0DWM059C795C8SSD8C",
        "photos": []
      }
    },
    {
      "type": "Feature",
      "geometry": {
        "type": "Point",
        "coordinates": [
          10.909056,
          33.873528
        ]
      },
      "properties": {
        "Nom du site FR": "Ancienne Mosquée Sidi Ismail",
        "Nom du site arabe": "جامع سيدي اسماعيل غيزان",
        "Catégorie": "Mosquée",
        "Zone": "Mazraia",
        "Source": null,
        "HW_ID": "HW-01K77WPE6DRTH3M3NHYQJSR1NE",
        "description": "Rénovée pour devenir le siège de l'Association Architectes Jerba",
        "accessPoint": [
          10.9091334,
          33.8733383
        ]
      }
    },
    {
      "type": "Feature",
      "geometry": {
        "type": "Point",
        "coordinates": [
          10.900167,
          33.809167
        ]
      },
      "properties": {
        "Nom du site FR": "Mosquée Kharroubi",
        "Nom du site arabe": "جامع الخروبي",
        "Catégorie": "Mosquée",
        "Zone": "El May",
        "Source": "https://www.openstreetmap.org/way/1364140400",
        "HW_ID": "HW-01K77WPE6DN850VCNS22C48QFT",
        "photos": [
          "photos/poi_HW-01K77WPE6DN850VCNS22C48QFT_1784831479801.jpg",
          "photos/poi_HW-01K77WPE6DN850VCNS22C48QFT_1784831481777.jpg",
          "photos/poi_HW-01K77WPE6DN850VCNS22C48QFT_1784831483279.jpg",
          "photos/poi_HW-01K77WPE6DN850VCNS22C48QFT_1784831484930.jpg",
          "photos/poi_HW-01K77WPE6DN850VCNS22C48QFT_1784831486626.jpg"
        ],
        "accessPoint": [
          10.9004411,
          33.8089489
        ],
        "Sous-type": "Générique",
        "État": "Ruine",
        "Accès": "Extérieur seulement",
        "info_gpx": "Ruine de la mosquée Kharroubi",
        "description": "Ruines d'une petite mosquée en pierre calcaire de l'époque médiévale (Réparations ultérieures évidentes, fragment in situ d'une colonne romaine antique de seconde main)\nPetr Jenč - OpenStreetMap, 2025",
        "Temps_minutes": 0,
        "Prix_TND": 0,
        "Téléphone": "",
        "Horaires": "",
        "Facebook": "",
        "verified": true,
        "introuvableCarte": false
      }
    },
    {
      "type": "Feature",
      "geometry": {
        "type": "Point",
        "coordinates": [
          10.900861,
          33.800583
        ]
      },
      "properties": {
        "Nom du site FR": "Mosquéee Abdessalam",
        "Nom du site arabe": "جامع عبد السلام",
        "Catégorie": "Mosquée",
        "Zone": "El May",
        "Source": null,
        "HW_ID": "HW-01K77WPE6DT0F6KA225EP7PSK9",
        "accessPoint": [
          10.9010878,
          33.8008763
        ]
      }
    },
    {
      "type": "Feature",
      "geometry": {
        "type": "Point",
        "coordinates": [
          10.914639,
          33.769833
        ]
      },
      "properties": {
        "Nom du site FR": "Henchir Bettes",
        "Nom du site arabe": "ناطور الغولة",
        "Catégorie": "Site historique",
        "Zone": "El May",
        "Source": null,
        "HW_ID": "HW-01K77WPE6DFDJEFF1NP5V7YWS5",
        "description": "Appelé Borj El Ghoula ? Om à véirifier.",
        "accessPoint": [
          10.9144948,
          33.7697583
        ]
      }
    },
    {
      "type": "Feature",
      "geometry": {
        "type": "Point",
        "coordinates": [
          10.902306,
          33.794639
        ]
      },
      "properties": {
        "Nom du site FR": "Mosquée El Mahri",
        "Nom du site arabe": "مسجد المهري",
        "Catégorie": "Mosquée",
        "Zone": "El May",
        "Source": null,
        "HW_ID": "HW-01K77WPE6DAMFCVRGASY61DKJE"
      }
    },
    {
      "type": "Feature",
      "geometry": {
        "type": "Point",
        "coordinates": [
          10.897611,
          33.811861
        ]
      },
      "properties": {
        "Nom du site FR": "Mosquée Bab El Hadj",
        "Nom du site arabe": "جامع باب الحاج",
        "Catégorie": "Mosquée",
        "Zone": "El May",
        "Source": null,
        "HW_ID": "HW-01K77WPE6DWEFD7GCZ7SCRFQA9",
        "photos": [],
        "accessPoint": [
          10.8978775,
          33.811705
        ]
      }
    },
    {
      "type": "Feature",
      "geometry": {
        "type": "Point",
        "coordinates": [
          10.953639,
          33.727278
        ]
      },
      "properties": {
        "Nom du site FR": "Souk El Guebli Nécropole",
        "Nom du site arabe": "مقبرة سوق القبلي",
        "Catégorie": "Site historique",
        "Zone": "Sedouikech",
        "Source": "https://kapitalis.com/tunisie/2015/07/28/djerba-les-necropoles-puniques-saccagees-pillees-et-profanees/",
        "HW_ID": "HW-01K77WPE6DQEKFWMTWZ1A5XH39",
        "description": "Les nécropoles puniques de Souk El Guebli au sud-est de l’île de Djerba renferment une douzaine de tombes les mieux conservées de toutes les autres tombes antiques dans l’île, découvertes en partie par le Français Ratel Gontrain suite aux premières fouilles effectuées depuis les années 1950, et les autres par Sami Ben Tahar, archéologue chargé de recherche auprès de l’Institut national du patrimoine (INP), grâce aux multiples fouilles entreprises par lui-même depuis 2004.\n\nS’étendant sur une superficie de 5000 m2, ce site archéologique exceptionnel, constitué de caveaux rupestres remontant au IIIe siècle Av. J.-C., est doté d’un plan original dont les parallèles se trouvent en Orient hellénistique et apporte un témoignage spectaculaire sur l’architecture libyco-punique, fruit d’un brassage culturel édifiant entre le substrat autochtone et l’apport phénicien.\n\nLes nombreuses fouilles effectuées sur ce site ont livré un riche mobilier funéraire constitué de poteries et d’artefacts en d’autres matériaux.",
        "timeH": 0,
        "timeM": 0,
        "price": 0,
        "info_gpx": "Description pour test",
        "accessPoint": [
          10.9534144,
          33.727391
        ]
      }
    },
    {
      "type": "Feature",
      "geometry": {
        "type": "Point",
        "coordinates": [
          10.92375,
          33.75175
        ]
      },
      "properties": {
        "Nom du site FR": "Mosquée Rihia",
        "Nom du site arabe": "جامع الريحية",
        "Catégorie": "Mosquée",
        "Zone": "Sedouikech",
        "Source": null,
        "HW_ID": "HW-01K77WPE6D5GR4P97YHEN41JNS",
        "accessPoint": [
          10.9236889,
          33.7516386
        ]
      }
    },
    {
      "type": "Feature",
      "geometry": {
        "type": "Point",
        "coordinates": [
          10.894292,
          33.846518
        ]
      },
      "properties": {
        "Nom du site FR": "Mosquée El Cheikh",
        "Nom du site arabe": "جامع الشيخ – قشبعين",
        "Catégorie": "Mosquée",
        "Zone": "Oualeg",
        "Source": null,
        "HW_ID": "HW-01K77WPE6DA1GT81ZQDNQARTBX",
        "description": "Située à Oualegh. Infos à rechercher.",
        "accessPoint": [
          10.8940869,
          33.8464794
        ]
      }
    },
    {
      "type": "Feature",
      "geometry": {
        "type": "Point",
        "coordinates": [
          10.896583,
          33.859806
        ]
      },
      "properties": {
        "Nom du site FR": "Mosquée Tajdit",
        "Nom du site arabe": "جامع تجديت",
        "Catégorie": "Mosquée",
        "Zone": "Fatou",
        "Source": null,
        "HW_ID": "HW-01K77WPE6DPZ5JB93JZ7BZ9ZJF",
        "accessPoint": [
          10.896678,
          33.8599397
        ]
      }
    },
    {
      "type": "Feature",
      "geometry": {
        "type": "Point",
        "coordinates": [
          10.897806,
          33.792388
        ]
      },
      "properties": {
        "Nom du site FR": "Mosquée Majouji",
        "Nom du site arabe": "جامع ماجوجي",
        "Catégorie": "Mosquée",
        "Zone": "El May",
        "Source": null,
        "HW_ID": "HW-01K77WPE6D2K1P48SM77XZNYQH",
        "accessPoint": [
          10.8976703,
          33.7924149
        ]
      }
    },
    {
      "type": "Feature",
      "geometry": {
        "type": "Point",
        "coordinates": [
          10.937139,
          33.737167
        ]
      },
      "properties": {
        "Nom du site FR": "Mosquée Sidi Satouri",
        "Nom du site arabe": "جامع سيدي سطوري",
        "Catégorie": "Mosquée",
        "Zone": "Sedouikech",
        "Source": null,
        "HW_ID": "HW-01K77WPE6D6A1W50RR0KNXRAGH",
        "accessPoint": [
          10.9369488,
          33.7373274
        ]
      }
    },
    {
      "type": "Feature",
      "geometry": {
        "type": "Point",
        "coordinates": [
          10.890611,
          33.834639
        ]
      },
      "properties": {
        "Nom du site FR": "Mosquée Bou Nkhil",
        "Nom du site arabe": "جامع بونخيل",
        "Catégorie": "Mosquée",
        "Zone": "Oualeg",
        "Source": null,
        "HW_ID": "HW-01K77WPE6DJK9XDN27CANR4VKN",
        "description": "Située à Oualegh. Infos à rechercher.",
        "accessPoint": [
          10.8905029,
          33.8345642
        ]
      }
    },
    {
      "type": "Feature",
      "geometry": {
        "type": "Point",
        "coordinates": [
          10.893057,
          33.798851
        ]
      },
      "properties": {
        "Nom du site FR": "Mosquée Ettakwa",
        "Nom du site arabe": "جامع التقوى",
        "Catégorie": "Mosquée",
        "Zone": "El May",
        "Source": null,
        "HW_ID": "HW-01K77WPE6EPM3A4QJN2D566KZ5"
      }
    },
    {
      "type": "Feature",
      "geometry": {
        "type": "Point",
        "coordinates": [
          10.890278,
          33.808034
        ]
      },
      "properties": {
        "Nom du site FR": "Mosquee Ouchachna",
        "Nom du site arabe": "جامع عشاشنة",
        "Catégorie": "Mosquée",
        "Zone": "El May",
        "Source": null,
        "HW_ID": "HW-01K77WPE6E2G25V2R888QZDP0X",
        "photos": []
      }
    },
    {
      "type": "Feature",
      "geometry": {
        "type": "Point",
        "coordinates": [
          10.830375,
          33.804962
        ]
      },
      "properties": {
        "Nom du site FR": "Mosquée Sidi Béchir Megmag",
        "Nom du site arabe": "جامع سيدي بشير مقمق",
        "Catégorie": "Mosquée",
        "Zone": "El Groa",
        "Source": null,
        "HW_ID": "HW-01KJABRN0FEQVR2EN2M5SDKSYG",
        "accessPoint": [
          10.8304717,
          33.8049072
        ]
      }
    },
    {
      "type": "Feature",
      "geometry": {
        "type": "Point",
        "coordinates": [
          10.818094,
          33.800252
        ]
      },
      "properties": {
        "Nom du site FR": "Mosquée Ez-Zayat",
        "Nom du site arabe": "جامع الزيات",
        "Catégorie": "Mosquée",
        "Zone": "El Groa",
        "Source": null,
        "HW_ID": "HW-01KJABRN0GH1K6QDXPRRKMDATB"
      }
    },
    {
      "type": "Feature",
      "geometry": {
        "type": "Point",
        "coordinates": [
          10.888472,
          33.843528
        ]
      },
      "properties": {
        "Nom du site FR": "Mosquée El Bessi",
        "Nom du site arabe": "جامع الباسي",
        "Catégorie": "Mosquée",
        "Zone": "Oualeg",
        "Source": null,
        "HW_ID": "HW-01K77WPE6EGHYR09XESQ3285RK"
      }
    },
    {
      "type": "Feature",
      "geometry": {
        "type": "Point",
        "coordinates": [
          10.893788,
          33.869361
        ]
      },
      "properties": {
        "Nom du site FR": "Mosquée Ben Younes",
        "Nom du site arabe": "جامع بن يونس",
        "Catégorie": "Mosquée",
        "Zone": "Fatou",
        "Source": null,
        "HW_ID": "HW-01K77WPE6EC6AFJV78TZ4CNG4K",
        "accessPoint": [
          10.8937202,
          33.8692664
        ]
      }
    },
    {
      "type": "Feature",
      "geometry": {
        "type": "Point",
        "coordinates": [
          10.919787,
          33.74408288
        ]
      },
      "properties": {
        "Nom du site FR": "Mosquée Ben Omran",
        "Nom du site arabe": "جامع بن عمران",
        "Catégorie": "Mosquée",
        "Zone": "Sedouikech",
        "Source": null,
        "HW_ID": "HW-01K77WPE6EWBD679W4C2QRM2FA",
        "accessPoint": [
          10.9200337,
          33.7441043
        ]
      }
    },
    {
      "type": "Feature",
      "geometry": {
        "type": "Point",
        "coordinates": [
          10.900625,
          33.769194
        ]
      },
      "properties": {
        "Nom du site FR": "Mosquée Balbali Robbana",
        "Nom du site arabe": "جامع البلبالي بربانة",
        "Catégorie": "Mosquée",
        "Zone": "Robbana",
        "Source": null,
        "HW_ID": "HW-01K77WPE6EZ7K06GM4HAWDESAE",
        "description": "Située à Robbana. Infos à rechercher.",
        "accessPoint": [
          10.9007785,
          33.7693165
        ]
      }
    },
    {
      "type": "Feature",
      "geometry": {
        "type": "Point",
        "coordinates": [
          10.882194,
          33.826833
        ]
      },
      "properties": {
        "Nom du site FR": "Mosquée El Malleg",
        "Nom du site arabe": "جامع الملاق والڨ",
        "Catégorie": "Mosquée",
        "Zone": "Oualeg",
        "Source": null,
        "HW_ID": "HW-01K77WPE6ETRHVANF00XDKFMTP",
        "accessPoint": [
          10.8821201,
          33.8269727
        ]
      }
    },
    {
      "type": "Feature",
      "geometry": {
        "type": "Point",
        "coordinates": [
          10.887833,
          33.865611
        ]
      },
      "properties": {
        "Nom du site FR": "Mosquée Ben Ghazi",
        "Nom du site arabe": "جامع بن غازي",
        "Catégorie": "Mosquée",
        "Zone": "Fatou",
        "Source": null,
        "HW_ID": "HW-01K77WPE6E249JWGGTZMC3XMHH"
      }
    },
    {
      "type": "Feature",
      "geometry": {
        "type": "Point",
        "coordinates": [
          10.883389,
          33.802222
        ]
      },
      "properties": {
        "Nom du site FR": "Mosquée Turkiya",
        "Nom du site arabe": "جامع التركية",
        "Catégorie": "Mosquée",
        "Zone": "El May",
        "Source": null,
        "HW_ID": "HW-01K77WPE6ECJK1CMJKYVNTKGGS",
        "description": "Infos à rechercher.",
        "accessPoint": [
          10.8831518,
          33.8020596
        ]
      }
    },
    {
      "type": "Feature",
      "geometry": {
        "type": "Point",
        "coordinates": [
          10.889722,
          33.781583
        ]
      },
      "properties": {
        "Nom du site FR": "Mosquée El Chouhoud",
        "Nom du site arabe": "جامع الشهود",
        "Catégorie": "Mosquée",
        "Zone": "El May",
        "Source": null,
        "HW_ID": "HW-01K77WPE6E5GCD9QGR33PMXVRP",
        "description": "Située à Robbana. Infos à rechercher.",
        "accessPoint": [
          10.8897413,
          33.7813717
        ]
      }
    },
    {
      "type": "Feature",
      "geometry": {
        "type": "Point",
        "coordinates": [
          10.877639,
          33.839861
        ]
      },
      "properties": {
        "Nom du site FR": "Mosquée El Gallale",
        "Nom du site arabe": "جامع القلالي",
        "Catégorie": "Mosquée",
        "Zone": "Oualeg",
        "Source": null,
        "HW_ID": "HW-01K77WPE6EWVYE0ZBA3R72TVE9",
        "description": "Située à Oualegh..",
        "accessPoint": [
          10.8775527,
          33.8397283
        ]
      }
    },
    {
      "type": "Feature",
      "geometry": {
        "type": "Point",
        "coordinates": [
          10.883333,
          33.870505
        ]
      },
      "properties": {
        "Nom du site FR": "Mosquée Ben Salah",
        "Nom du site arabe": "جامع بن صالح",
        "Catégorie": "Mosquée",
        "Zone": "Fatou",
        "Source": null,
        "HW_ID": "HW-01K77WPE6ECHRHQW02VE596FZV",
        "accessPoint": [
          10.8831231,
          33.8704775
        ]
      }
    },
    {
      "type": "Feature",
      "geometry": {
        "type": "Point",
        "coordinates": [
          10.925234,
          33.727194
        ]
      },
      "properties": {
        "Nom du site FR": "Henchir Dar El Ghoula",
        "Nom du site arabe": "هنشير دار الغولة",
        "Catégorie": "Site historique",
        "Zone": "Sedouikech",
        "Source": null,
        "HW_ID": "HW-01K77WPE6E4HG0PW6ZMZCH8DCJ",
        "accessPoint": [
          10.9250778,
          33.7272571
        ]
      }
    },
    {
      "type": "Feature",
      "geometry": {
        "type": "Point",
        "coordinates": [
          10.936222,
          33.716861
        ]
      },
      "properties": {
        "Nom du site FR": "Mosquée El Fath Bézdaya",
        "Nom du site arabe": "جامع الفتح بغزاية",
        "Catégorie": "Mosquée",
        "Zone": "Sedouikech",
        "Source": null,
        "HW_ID": "HW-01K77WPE6EFFWW2G36S6SF3ZBV",
        "description": "Nom à vérifier.",
        "accessPoint": [
          10.936537,
          33.7165796
        ]
      }
    },
    {
      "type": "Feature",
      "geometry": {
        "type": "Point",
        "coordinates": [
          10.870722,
          33.830528
        ]
      },
      "properties": {
        "Nom du site FR": "Mosquée El Jadid",
        "Nom du site arabe": "جامع الجديد",
        "Catégorie": "Mosquée",
        "Zone": "Oualeg",
        "Source": null,
        "HW_ID": "HW-01K77WPE6F6AGR7DE65A8C1Y93",
        "accessPoint": [
          10.8708438,
          33.8306945
        ]
      }
    },
    {
      "type": "Feature",
      "geometry": {
        "type": "Point",
        "coordinates": [
          10.883861,
          33.771972
        ]
      },
      "properties": {
        "Nom du site FR": "Mosquée Jeddi Issa",
        "Nom du site arabe": "مسجد جدي عيسى",
        "Catégorie": "Mosquée",
        "Zone": "Robbana",
        "Source": null,
        "HW_ID": "HW-01K77WPE6FCK1V446SXD2V5NNK",
        "accessPoint": [
          10.8840206,
          33.7721033
        ]
      }
    },
    {
      "type": "Feature",
      "geometry": {
        "type": "Point",
        "coordinates": [
          10.871472,
          33.809667
        ]
      },
      "properties": {
        "Nom du site FR": "Mosquée Koujil",
        "Nom du site arabe": "جامع قوجيل",
        "Catégorie": "Mosquée",
        "Zone": "Erriadh",
        "Source": null,
        "HW_ID": "HW-01K77WPE6FDEFE8CMVWQSV93V4"
      }
    },
    {
      "type": "Feature",
      "geometry": {
        "type": "Point",
        "coordinates": [
          10.88,
          33.87825
        ]
      },
      "properties": {
        "Nom du site FR": "Mosquée Sidi Zayed",
        "Nom du site arabe": "جامع سيدي زايد",
        "Catégorie": "Mosquée",
        "Zone": "Fatou",
        "Source": null,
        "HW_ID": "HW-01K77WPE6F9K1DFXDYCR7CPAWN",
        "photos": [
          "photos/poi_HW-01K77WPE6F9K1DFXDYCR7CPAWN_1780460043930.jpg",
          "photos/poi_HW-01K77WPE6F9K1DFXDYCR7CPAWN_1780460045647.jpg",
          "photos/poi_HW-01K77WPE6F9K1DFXDYCR7CPAWN_1780460047697.jpg",
          "photos/poi_HW-01K77WPE6F9K1DFXDYCR7CPAWN_1780460049813.jpg"
        ],
        "info_gpx": "Mosquée proche de la mer, à proximité de Goose island djerba où vous pouvez faire diverses activités aquatiques",
        "accessPoint": [
          10.8801516,
          33.8776383
        ],
        "Sous-type": "À minaret",
        "État": "En activité",
        "Accès": "Extérieur seulement"
      }
    },
    {
      "type": "Feature",
      "geometry": {
        "type": "Point",
        "coordinates": [
          10.874028,
          33.862722
        ]
      },
      "properties": {
        "Nom du site FR": "Mosquée Anas Ibn Malik",
        "Nom du site arabe": "جامع أنس بن مالك",
        "Catégorie": "Mosquée",
        "Zone": "Fatou",
        "Source": null,
        "HW_ID": "HW-01K77WPE6FQSGQH7Q843BCXE8K"
      }
    },
    {
      "type": "Feature",
      "geometry": {
        "type": "Point",
        "coordinates": [
          10.875422,
          33.869581
        ]
      },
      "properties": {
        "Nom du site FR": "Mosquée Bouchadakh",
        "Nom du site arabe": "جامع بوشدّاخ",
        "Catégorie": "Mosquée",
        "Zone": "Fatou",
        "Source": null,
        "HW_ID": "HW-01K77WPE6FSBBA3K7NVS4GTVTD",
        "description": "Située à Fatou. Infos à rechercher.",
        "accessPoint": [
          10.8757808,
          33.8695585
        ]
      }
    },
    {
      "type": "Feature",
      "geometry": {
        "type": "Point",
        "coordinates": [
          10.867722,
          33.82775
        ]
      },
      "properties": {
        "Nom du site FR": "Mosquée El-Gebliyine",
        "Nom du site arabe": "جامع القبليين",
        "Catégorie": "Mosquée",
        "Zone": "Erriadh",
        "Source": null,
        "HW_ID": "HW-01K77WPE6FZ42WKWV3QWS376RB",
        "Prix_TND": 0,
        "description": "Renseignée sous Google Maps mais apparemment, il ne doit rien y subsister, on ne voir rien sur la carte",
        "info_gpx": "A vérifier si toujours existante"
      }
    },
    {
      "type": "Feature",
      "geometry": {
        "type": "Point",
        "coordinates": [
          10.866972,
          33.822528
        ]
      },
      "properties": {
        "Nom du site FR": "Mosquée El Madina",
        "Nom du site arabe": "جامع المدينة",
        "Catégorie": "Mosquée",
        "Zone": "Erriadh",
        "Source": null,
        "HW_ID": "HW-01K77WPE6FZPTQ6J9PK4K8Z3DJ",
        "description": "Infos à rechercher.",
        "accessPoint": [
          10.8672065,
          33.8227592
        ]
      }
    },
    {
      "type": "Feature",
      "geometry": {
        "type": "Point",
        "coordinates": [
          10.870944,
          33.795694
        ]
      },
      "properties": {
        "Nom du site FR": "Mosquée Omar Bin Al-khattab",
        "Nom du site arabe": "جامع عمر بن الخطاب",
        "Catégorie": "Mosquée",
        "Zone": "Erriadh",
        "Source": null,
        "HW_ID": "HW-01K77WPE6FKPXGG3JYG58QMES3",
        "description": "Infos à rechercher",
        "accessPoint": [
          10.871419,
          33.7956853
        ]
      }
    },
    {
      "type": "Feature",
      "geometry": {
        "type": "Point",
        "coordinates": [
          10.864361,
          33.835472
        ]
      },
      "properties": {
        "Nom du site FR": "Mosquée Bou Kthir",
        "Nom du site arabe": "جامع بو كثير",
        "Catégorie": "Mosquée",
        "Zone": "Erriadh",
        "Source": null,
        "HW_ID": "HW-01K77WPE6FVZ53RX9CM5VVC777",
        "accessPoint": [
          10.8644347,
          33.8355902
        ]
      }
    },
    {
      "type": "Feature",
      "geometry": {
        "type": "Point",
        "coordinates": [
          10.880417,
          33.765194
        ]
      },
      "properties": {
        "Nom du site FR": "Mosquée Houmet El Krashoua",
        "Nom du site arabe": "مسجد حومة الكراشوة",
        "Catégorie": "Mosquée",
        "Zone": "Robbana",
        "Source": null,
        "HW_ID": "HW-01K77WPE6FYGYG0HW2BTHPGFF6",
        "description": "Située à El Krachoua Infos à rechercher.",
        "accessPoint": [
          10.8802612,
          33.76517
        ]
      }
    },
    {
      "type": "Feature",
      "geometry": {
        "type": "Point",
        "coordinates": [
          10.973917,
          33.6835
        ]
      },
      "properties": {
        "Nom du site FR": "Borj El Kastil",
        "Nom du site arabe": "حصن برج الكستيل",
        "Catégorie": "Site historique",
        "Zone": "Sedouikech",
        "Source": "https://www.djerba-tunisie.com/borj-el-kastil/",
        "HW_ID": "HW-01K77WPE6FHQDWSEQTK48QZ00P",
        "description": "Fort construit vers 1289, il est un monument historique protégé, malgré les dégradations subies au fin des siècles. Ses remparts mesurent douze mètre de hauteur et 130 centimètres de d'épaisseur. Accessible à pied ou en pirogue, il est un endroit idéal pour découvrir l'écosystème local.",
        "accessPoint": [
          10.9739393,
          33.6837382
        ]
      }
    },
    {
      "type": "Feature",
      "geometry": {
        "type": "Point",
        "coordinates": [
          10.92292,
          33.8107
        ]
      },
      "properties": {
        "Nom du site FR": "Mosquée Louta Sedghiane",
        "Nom du site arabe": "جامع لوتا",
        "Catégorie": "Mosquée",
        "Zone": "Sedghaiane",
        "Source": "https://www.webdo.tn/fr/actualite/chroniques/jemaa-louta-a-djerba-une-mysterieuse-mosquee-souterraine/203375/",
        "HW_ID": "HW-01K77WPE6FTSXM87T9YTV7G4ME",
        "description": "Mosquée souterraine, blanchie à la chaux, comme la majorité des mosquées djerbiennes. Elle est située sur un plateau, point plus élevé de l'île à 52 mètre de hauteur et date du 12ème siècle. Les deux coupoles visibles confirment le caractère défensif de cette mosquée."
      }
    },
    {
      "type": "Feature",
      "geometry": {
        "type": "Point",
        "coordinates": [
          10.867806,
          33.784361
        ]
      },
      "properties": {
        "Nom du site FR": "Mosquée Sidi Ghribe",
        "Nom du site arabe": "مسجد سيدي غريب",
        "Catégorie": "Mosquée",
        "Zone": "El May",
        "Source": null,
        "HW_ID": "HW-01K77WPE6F2WMYE2R022099H93"
      }
    },
    {
      "type": "Feature",
      "geometry": {
        "type": "Point",
        "coordinates": [
          10.86906,
          33.876345
        ]
      },
      "properties": {
        "Nom du site FR": "Mosquée Sidi Essougui",
        "Nom du site arabe": "جامع سيدي السوفي",
        "Catégorie": "Mosquée",
        "Zone": "Taourit",
        "Source": null,
        "HW_ID": "HW-01K77WPE6F1C25NNH5RAR2JPF6",
        "photos": [
          "photos/poi_HW-01K77WPE6F1C25NNH5RAR2JPF6_1780460051591.jpg",
          "photos/poi_HW-01K77WPE6F1C25NNH5RAR2JPF6_1780460053809.jpg",
          "photos/poi_HW-01K77WPE6F1C25NNH5RAR2JPF6_1780460055461.jpg",
          "photos/poi_HW-01K77WPE6F1C25NNH5RAR2JPF6_1780460057552.jpg",
          "photos/poi_HW-01K77WPE6F1C25NNH5RAR2JPF6_1780460059572.jpg"
        ],
        "info_gpx": "Mosquée et mausolée malékite de construction récente intégrant le mausolée",
        "accessPoint": [
          10.8689335,
          33.8762636
        ],
        "Sous-type": "À minaret",
        "État": "En activité",
        "Accès": "Extérieur seulement"
      }
    },
    {
      "type": "Feature",
      "geometry": {
        "type": "Point",
        "coordinates": [
          10.859278,
          33.814222
        ]
      },
      "properties": {
        "Nom du site FR": "La Synagogue de la Ghriba",
        "Nom du site arabe": "كنيس الغريبة",
        "Catégorie": "Synagogue",
        "Zone": "Erriadh",
        "Source": "",
        "HW_ID": "HW-01K77WPE6GA20S9G7CF10EAFSW",
        "Sous-type": "",
        "État": "En activité",
        "Accès": "Intérieur visitable",
        "info_gpx": "",
        "description": "",
        "Temps_minutes": 0,
        "Prix_TND": 0,
        "Téléphone": "",
        "Horaires": "",
        "Facebook": "",
        "verified": false
      }
    },
    {
      "type": "Feature",
      "geometry": {
        "type": "Point",
        "coordinates": [
          10.86654,
          33.874415
        ]
      },
      "properties": {
        "Nom du site FR": "Mosquée Sidi-Ghomrassen",
        "Nom du site arabe": "جامع سيدي غمراسن",
        "Catégorie": "Mosquée",
        "Zone": "Taourit",
        "Source": null,
        "HW_ID": "HW-01K77WPE6G4S44DJQ98414C336",
        "info_gpx": "Masquée et mausolée malékite de construction récente intégrant le mausolée",
        "accessPoint": [
          10.8663127,
          33.8743055
        ]
      }
    },
    {
      "type": "Feature",
      "geometry": {
        "type": "Point",
        "coordinates": [
          10.858114,
          33.816618
        ]
      },
      "properties": {
        "Nom du site FR": "Mosquée Ben Yaâla",
        "Nom du site arabe": "جامع بن يعلى",
        "Catégorie": "Mosquée",
        "Zone": "Erriadh",
        "Source": null,
        "HW_ID": "HW-01K77WPE6GRXRR29KB5N5T582A",
        "description": "Infos à rechercher",
        "accessPoint": [
          10.8579108,
          33.8164536
        ],
        "Sous-type": "À minaret",
        "État": "En activité",
        "Accès": "Non visitable"
      }
    },
    {
      "type": "Feature",
      "geometry": {
        "type": "Point",
        "coordinates": [
          10.862917,
          33.872583
        ]
      },
      "properties": {
        "Nom du site FR": "Mosquée Sidi Ibrahim El Charef",
        "Nom du site arabe": "جامع سيدي إبراهيم الشارف",
        "Catégorie": "Mosquée",
        "Zone": "Taourit",
        "Source": "https://www.facebook.com/Amis.Tunisie/posts/mosqu%C3%A9e-ibrahim-al-charef-taouritla-mosqu%C3%A9e-ibrahim-al-charef-est-consid%C3%A9r%C3%A9e-com/1104312605062607/",
        "HW_ID": "HW-01K77WPE6GX5J8BG85Y7V1ZXKS",
        "description": "La mosquée Sidi Ibrahim Al-Charef est considérée comme l’un des monuments historiques majeurs de Houmt Souk. Elle fut à l’origine un établissement d’enseignement religieux complet fondé par le savant Sidi Ibrahim Al-Jamni, avant de se réduire à une simple école coranique (kuttab) consacrée à la mémorisation du Coran. L’édifice a connu de nombreuses transformations et extensions : Une partie de la cour intérieure et des annexes a été agrandie pour répondre aux besoins du quartier, certaines maisons voisines ont été intégrées au complexe, le mausolée de Sidi Ibrahim Al-Charef lui-même est devenu un lieu de prière fréquenté par les habitants du secteur. L’ensemble comporte une salle de prière couverte d’arcs et de voûtes blanches, décorée de carreaux verts vernissés typiques des édifices djerbiens, un minaret blanc élancé à base carrée, un portail monumental en arc outrepassé, surmonté d’une plaque portant le nom de la mosquée.",
        "info_gpx": "Mosquée mausolée malékite au style ottoman construite au 19è siècle de notre ère, restaurée en 1991",
        "accessPoint": [
          10.8630578,
          33.8724627
        ]
      }
    },
    {
      "type": "Feature",
      "geometry": {
        "type": "Point",
        "coordinates": [
          10.854972,
          33.849111
        ]
      },
      "properties": {
        "Nom du site FR": "Mosquée Sidi Daoud",
        "Nom du site arabe": "جامع سيدي داود",
        "Catégorie": "Mosquée",
        "Zone": "Essouani",
        "Source": null,
        "HW_ID": "HW-01K77WPE6GMMWPTC6BX2DN2N6C",
        "description": "Infos à rechercher",
        "accessPoint": [
          10.8551004,
          33.8489333
        ]
      }
    },
    {
      "type": "Feature",
      "geometry": {
        "type": "Point",
        "coordinates": [
          10.85242738136557,
          33.83634639621094
        ]
      },
      "properties": {
        "Nom du site FR": "Mosquée Sidi Nour",
        "Nom du site arabe": "سيدي نور",
        "Catégorie": "Mosquée",
        "Zone": "Erriadh",
        "Source": null,
        "HW_ID": "HW-01K77WPE6GCJG1C7RFFRYEK7B3",
        "description": "Située à Tarhdimess. Infos à rechercher."
      }
    },
    {
      "type": "Feature",
      "geometry": {
        "type": "Point",
        "coordinates": [
          10.862333,
          33.880028
        ]
      },
      "properties": {
        "Nom du site FR": "Museée du Patrimoine Traditionnel de Djerba",
        "Nom du site arabe": "متحف جربة للتراث التقليدي",
        "Catégorie": "Culture et tradition",
        "Zone": "Taourit",
        "Source": "https://www.patrimoinedetunisie.com.tn/musees/musee-du-patrimoine-traditionnel-de-djerba/apercu/",
        "HW_ID": "HW-01K77WPE6G6JHJFHW35MKZBZEW",
        "Temps_minutes": 180,
        "Prix_TND": 8,
        "description": "Musée du Patrimoine Traditionnel de Djerba inauguré en 2018. La zaouïa qui abritait anciennement le musée a été restaurée et réaffectée en centre d'orientation du patrimoine. Le musée présente le patrimoine Djerbien sous diverses formes telles que architecture, agriculture, pêche, poterie, etc. ... Il offre à la visite une dimension participative et permet de mieux comprendre le riche passé de 'île.",
        "info_gpx": "Musée du Patrimoine de Djerba, ouvert de 09h30 à 16h30. Prix d'entrée pour les non résidents : 8Dt",
        "accessPoint": [
          10.8626588,
          33.8798619
        ]
      }
    },
    {
      "type": "Feature",
      "geometry": {
        "type": "Point",
        "coordinates": [
          10.860875,
          33.876574
        ]
      },
      "properties": {
        "Nom du site FR": "Mosquée Elghorabaa",
        "Nom du site arabe": "مسجد الغربة",
        "Catégorie": "Mosquée",
        "Zone": "Taourit",
        "Source": "https://fr.wikipedia.org/wiki/Mosqu%C3%A9e_des_%C3%89trangers",
        "HW_ID": "HW-01K77WPE6G6C1H17E6WP518B3J",
        "description": "Principale mosquée Malikite, construite au 15ème siècle. Edifiée au début en tant que madrassa ibadite. Egalement connue sous les noms de mosquée Barrazim, mosquées des étrangers ou Jemaâ Ghorba",
        "info_gpx": "Mosquée ibadite devenue malékite construite en 967 de l’hégire, soit en 1560 de notre ère",
        "accessPoint": [
          10.8612059,
          33.8764916
        ],
        "Sous-type": "À minaret",
        "État": "En activité",
        "Accès": "Non visitable",
        "photos": [
          "photos/poi_HW-01K77WPE6G6C1H17E6WP518B3J_1780460061464.jpg",
          "photos/poi_HW-01K77WPE6G6C1H17E6WP518B3J_1780460063041.jpg",
          "photos/poi_HW-01K77WPE6G6C1H17E6WP518B3J_1780460065070.jpg",
          "photos/poi_HW-01K77WPE6G6C1H17E6WP518B3J_1780460066884.jpg",
          "photos/poi_HW-01K77WPE6G6C1H17E6WP518B3J_1780460068770.jpg",
          "photos/poi_HW-01K77WPE6G6C1H17E6WP518B3J_1780460070707.jpg"
        ]
      }
    },
    {
      "type": "Feature",
      "geometry": {
        "type": "Point",
        "coordinates": [
          10.859958,
          33.877293
        ]
      },
      "properties": {
        "Nom du site FR": "Mosquée Sidi Brahim Eljomni",
        "Nom du site arabe": "جامع سيدي إبراهيم الجمني",
        "Catégorie": "Mosquée",
        "Zone": "Taourit",
        "Source": "https://djerba-insolite.com/blog/sidi-brahim-eljomni",
        "HW_ID": "HW-01K77WPE6GQX3PRD8TAKTDRNSZ",
        "description": "Mosquée de forme trapézoïdale fondée en 1674, édifiée en l’honneur du Cheikh Ibrahim Eljomni qui porte d’ailleurs le nom de la mosquée,é puis agrandie en 1721 par la dtynastie Husseinites , galement appelée mosquée Sidi Brahim Jemnii. La Zaouïya Brahima y est associée.",
        "info_gpx": "Mosquée, mausolée et medersa (Ecole) coranique constriten en 1076 de l’hégire, soit 1675 de notre ère",
        "accessPoint": [
          10.8598429,
          33.8774647
        ],
        "Sous-type": "À coupoles",
        "État": "En activité",
        "Accès": "Non visitable",
        "Temps_minutes": 0,
        "Prix_TND": 0,
        "Téléphone": "",
        "Horaires": "",
        "Facebook": ""
      }
    },
    {
      "type": "Feature",
      "geometry": {
        "type": "Point",
        "coordinates": [
          10.857604,
          33.873591
        ]
      },
      "properties": {
        "Nom du site FR": "Mosquée Sidi Ben Aïssa",
        "Nom du site arabe": "جامع سيدي بن عيسى",
        "Catégorie": "Mosquée",
        "Zone": "El Jouamaa",
        "Source": null,
        "HW_ID": "HW-01K77WPE6GJ0DN3APAMA1JCFV8",
        "description": "Mosquée mausolée, infos à rechercher sur place. Aurait apparemment été réaffectée.",
        "info_gpx": "Mosquée Mausolée construite au 18è siècle de notre ère",
        "accessPoint": [
          10.8575526,
          33.8734699
        ]
      }
    },
    {
      "type": "Feature",
      "geometry": {
        "type": "Point",
        "coordinates": [
          10.859194,
          33.878139
        ]
      },
      "properties": {
        "Nom du site FR": "Mosquée des Turcs",
        "Nom du site arabe": "جامع الأتراك",
        "Catégorie": "Mosquée",
        "Zone": "Taourit",
        "Source": "https://fr.wikipedia.org/wiki/Mosqu%C3%A9e_des_Turcs",
        "HW_ID": "HW-01K77WPE6G6RDSP8C7C5WQVJCN",
        "description": "Mosquée également appelée Jemaâ Ettrouk, construite au 16ème siècle, sous l'impulsion du caïd Ghazi Mustapha Bey. Son minaret, en forme de chandelle est en forme de chandelle. Elle est la seule de l'île dédiée, à l'origine, au rite Hanédisme",
        "info_gpx": "Mosquée hanafite puis malékite construite en 1560 de notre ère",
        "accessPoint": [
          10.8592574,
          33.8779304
        ],
        "Sous-type": "À minaret",
        "État": "En activité",
        "Accès": "Extérieur seulement",
        "photos": [
          "photos/poi_HW-01K77WPE6G6RDSP8C7C5WQVJCN_1780460076111.jpg",
          "photos/poi_HW-01K77WPE6G6RDSP8C7C5WQVJCN_1780460077892.jpg",
          "photos/poi_HW-01K77WPE6G6RDSP8C7C5WQVJCN_1780460079911.jpg",
          "photos/poi_HW-01K77WPE6G6RDSP8C7C5WQVJCN_1780460081557.jpg"
        ]
      }
    },
    {
      "type": "Feature",
      "geometry": {
        "type": "Point",
        "coordinates": [
          10.857,
          33.872583
        ]
      },
      "properties": {
        "Nom du site FR": "Mosquée Bou Okkazine",
        "Nom du site arabe": "جامع بو عكازين",
        "Catégorie": "Mosquée",
        "Zone": "El Jouamaa",
        "Source": null,
        "HW_ID": "HW-01K77WPE6GJMBZYBJGZZAWQDYZ",
        "info_gpx": "Mosquée mausolée malékite 1054 de l’hégire, soit 1643 de notre ère",
        "accessPoint": [
          10.8571898,
          33.8724474
        ]
      }
    },
    {
      "type": "Feature",
      "geometry": {
        "type": "Point",
        "coordinates": [
          10.860694,
          33.884167
        ]
      },
      "properties": {
        "Nom du site FR": "Borj El Kebir",
        "Nom du site arabe": "برج الغازي مصطفى",
        "Catégorie": "Site historique",
        "Zone": "Taourit",
        "Source": "https://fr.wikipedia.org/wiki/Borj_El_Kebir_(Houmt_Souk)",
        "HW_ID": "HW-01K77WPE6H4XSK53CW38Q81RWP",
        "description": "Egalement appelé Fort El Ghazi Mustapha, ce fort est le plus grand, le plus visité et le mieux conservé de Djerba. Sa construction, enviagée dès 1392 a été ordonnée en 1432. Le site du fort était, à l'origine, l'ancienne ville romaine de girba. Il fut le témoin de nombreuses batailles, dont une qui vit le corsaire Dragut en prendre le commandement. Il s'ensuivra une période de commandement corsaire de plusieurs siècles. Il mesure 68 mètres de long et 53 mètres de largeur, avec des murailles haute de 10 mètres pour une épaisseur variant de 120 à 150 cmDe formes rectangulaires, munis de tours, il représente l'un des repères de l'architecture défensive de l'île On y entre par une porte comportant un pont-levis donnant accès à une vestibule s'ouvrant sur la cour intérieure.",
        "info_gpx": "Un des plus beau monument historique de Djerba, ayant été le siège de nombreuses batailles",
        "accessPoint": [
          10.8606827,
          33.8844047
        ]
      }
    },
    {
      "type": "Feature",
      "geometry": {
        "type": "Point",
        "coordinates": [
          10.858333,
          33.878194
        ]
      },
      "properties": {
        "Nom du site FR": "Église Saint-Joseph de Djerba",
        "Nom du site arabe": "كنيسة القديس يوسف بجربة",
        "Catégorie": "Église",
        "Zone": "Taourit",
        "Source": "https://fr.wikipedia.org/wiki/%C3%89glise_Saint-Joseph_de_Djerba",
        "HW_ID": "HW-01K77WPE6HV1767JVPMV1000YQ",
        "Sous-type": "Catholique",
        "État": "En activité",
        "Accès": "Intérieur visitable",
        "description": "Eglise construite en 1848 et agrandie en 1855 ur un terrain appartenant à la famillle Ben Ayed, sous la direction du père capucin Gaétant de Ferrera.",
        "Temps_minutes": 0,
        "Prix_TND": 0,
        "Téléphone": "",
        "Horaires": "",
        "Facebook": "",
        "info_gpx": "Une des rares églises catholique de Djerba",
        "accessPoint": [
          10.8581684,
          33.8782554
        ],
        "photos": [
          "photos/poi_HW-01K77WPE6HV1767JVPMV1000YQ_1780460104623.jpg",
          "photos/poi_HW-01K77WPE6HV1767JVPMV1000YQ_1780460106288.jpg",
          "photos/poi_HW-01K77WPE6HV1767JVPMV1000YQ_1780460108153.jpg"
        ]
      }
    },
    {
      "type": "Feature",
      "geometry": {
        "type": "Point",
        "coordinates": [
          10.851583,
          33.860433
        ]
      },
      "properties": {
        "Nom du site FR": "Mosquée Bel Aïz",
        "Nom du site arabe": "جامع بليعز",
        "Catégorie": "Mosquée",
        "Zone": "Essouani",
        "Source": null,
        "HW_ID": "HW-01K77WPE6HCR84JJZ3E1PQRRQ9",
        "info_gpx": "Mosquée située au sud-est de Houmt Souk",
        "accessPoint": [
          10.8517081,
          33.8603782
        ]
      }
    },
    {
      "type": "Feature",
      "geometry": {
        "type": "Point",
        "coordinates": [
          10.848417,
          33.8065
        ]
      },
      "properties": {
        "Nom du site FR": "Mosquée El Kebli",
        "Nom du site arabe": "جامع القبلي",
        "Catégorie": "Mosquée",
        "Zone": "El Groa",
        "Source": null,
        "HW_ID": "HW-01K77WPE6HCAQTSR2RW7BNKJCN",
        "description": "Infos à rechercher",
        "accessPoint": [
          10.8485472,
          33.8063976
        ]
      }
    },
    {
      "type": "Feature",
      "geometry": {
        "type": "Point",
        "coordinates": [
          10.84575,
          33.812806
        ]
      },
      "properties": {
        "Nom du site FR": "Mosquéee Sidi Khlifa",
        "Nom du site arabe": "جامع سيدي خليفة",
        "Catégorie": "Mosquée",
        "Zone": "El Groa",
        "Source": null,
        "HW_ID": "HW-01K77WPE6H6EYA6VQDR7SPKG7T"
      }
    },
    {
      "type": "Feature",
      "geometry": {
        "type": "Point",
        "coordinates": [
          10.856111,
          33.884944
        ]
      },
      "properties": {
        "Nom du site FR": "Église Grecque Orthodoxe Saint-Nicolas",
        "Nom du site arabe": "كنيسة القديس نيقولاوس الأرثوذكسية اليونانية",
        "Catégorie": "Église",
        "Zone": "Taourit",
        "Source": "https://www.webdo.tn/fr/actualite/chroniques/djerba-vingt-deux-mosquees-une-eglise-et-une-synagogue/208839/",
        "HW_ID": "HW-01K77WPE6H0HDCNZVRSJGSX5TF",
        "photos": [],
        "description": "La petite église orthodoxe, fondée par Sakillaris Kandinys rappelle la présence grecque en nombre jusqu'aux années 1950. Ceux-ci étaient les descendants des pêcheurs d'éponge et de poulpes qui s'étaient installés à Djerbin à la fin du 19ème siècle. C'est la seule église orthodoxes de l'île, dont la dernière rénovation date de 2019, sous la supervision de Dimitri Mavrothalassitis. L'ensemble du lieu de culte a ainsi été remise à neuf, ainsi que plusieurs icônes.",
        "info_gpx": "Eglise grecque orthodoxe dédiée à Saint-Nicolas, patrons des enfants, mais aussi des marins, pêcheurs et commercçant",
        "accessPoint": [
          10.8562017,
          33.8848144
        ],
        "Sous-type": "Orthodoxe",
        "État": "En activité",
        "Accès": "Intérieur visitable",
        "Temps_minutes": 0,
        "Prix_TND": 0,
        "Téléphone": "",
        "Horaires": "",
        "Facebook": ""
      }
    },
    {
      "type": "Feature",
      "geometry": {
        "type": "Point",
        "coordinates": [
          10.883171,
          33.728805
        ]
      },
      "properties": {
        "Nom du site FR": "Mosquee Ben Yahyaten",
        "Nom du site arabe": "جامع بن يحياتن",
        "Catégorie": "Mosquée",
        "Zone": "Sedouikech",
        "Source": null,
        "HW_ID": "HW-01K77WPE6HSHY4FP2SZ4V6M2PN",
        "description": "Attenante à la huilerie Souterraine Ouressighen",
        "accessPoint": [
          10.8832044,
          33.7288972
        ]
      }
    },
    {
      "type": "Feature",
      "geometry": {
        "type": "Point",
        "coordinates": [
          10.854083,
          33.881
        ]
      },
      "properties": {
        "Nom du site FR": "Mosquée Sidi Elbahri",
        "Nom du site arabe": "جامع سيدي البحري",
        "Catégorie": "Mosquée",
        "Zone": "Bou Melel",
        "Source": "https://www.turess.com/fr/letemps/52984?utm",
        "HW_ID": "HW-01K77WPE6H365AYB72RWY40WZX",
        "photos": [],
        "description": "HW sur base de l'article cité en source et analyse des photos et vue satelite actuelle Entre disparition et renaissance d’un lieu sacré Pendant plus de trois siècles, la mosquée Sidi El-Bahri veillait sur la côte de Houmt-Souk, à proximité immédiate de la mer et du vieux cimetière. C’était un petit sanctuaire blanchâtre, au minaret trapu, que les habitants de Djerba considéraient comme un témoin de leur histoire spirituelle et urbaine. Mais le 13 février 2011, en pleine période de transition politique, le site fut frappé par un acte aussi brutal qu’irréparable. Selon les témoins de l’époque, un groupe d’individus s’était présenté sous de fausses identités et avait fait venir deux bulldozers. En quelques heures, la mosquée — qui datait d’au moins trois siècles — fut presque entièrement rasée, ne laissant debout que son minaret, dressé comme le dernier témoin d’une profanation absurde. Deux ans plus tôt, une première tentative de destruction avait déjà été déjouée grâce à l’intervention de l’Institut National du Patrimoine (INP) et de l’Association pour la Sauvegarde de l’île de Djerba. Mais cette fois, aucune autorité n’eut le temps de réagir. L’INP dénonça aussitôt l’événement, rappelant que la mosquée appartenait au patrimoine historique et religieux tunisien, et annonça son intention de poursuivre les responsables pour prévenir toute récidive. Une reconstruction sur les ruines L’histoire aurait pu s’arrêter là, si la communauté locale n’avait pas décidé de rebâtir sur le même lieu. Aujourd’hui, la nouvelle mosquée Sidi El-Bahri, que l’on peut voir sur Google Maps, affiche une silhouette plus récente : une façade lisse, un minaret cylindrique surmonté d’une lanterne verte, et une cour ouverte sur un espace de prière moderne. L’intérieur, lumineux et carrelé, repose sur de solides colonnes blanches et vertes, dans un style typique des mosquées djerbiennes contemporaines. La vue satellite révèle la continuité du cimetière historique autour de l’édifice, comme un fil reliant le passé au présent. Même si la structure ancienne a disparu, le nom et la mémoire de Sidi El-Bahri demeurent, portés par les fidèles qui continuent d’y prier. Mémoire et signification La mosquée actuelle ne remplace pas seulement un bâtiment : elle perpétue un symbole. Ce lieu rappelle à la fois la fragilité du patrimoine et la ténacité d’une communauté qui refuse de voir s’effacer ses repères spirituels. Sidi El-Bahri, figure tutélaire du quartier, reste ainsi honoré à travers une mosquée reconstruite, plus sobre, mais toujours vivante — un rappel discret que la foi, à Djerba, résiste même aux bulldozers. Implantation et contexte La mosquée est située à Houmt-Souk, dans le tissu urbain historique proche de la mer. Son emprise rectangulaire s’inscrit dans une parcelle clairement délimitée par un muret périphérique, bordée à l’est par une voie carrossable et au nord par une zone funéraire. Le cimetière ancien, visible sur les images satellites, témoigne d’une continuité cultuelle très ancienne : il est probable que le site ait conservé la fonction de sanctuaire depuis l’époque médiévale. Organisation générale L’édifice s’articule en deux masses distinctes : – un volume principal, cubique, abritant la salle de prière ; – un avant-corps légèrement surbaissé qui forme la cour d’entrée et relie la salle à la rue. L’ensemble est orienté vers le sud-est, suivant l’axe canonique de la qibla à Djerba (environ 120°). Le minaret Élément le plus remarquable : le minaret cylindrique, à base massive, surmonté d’une lanterne à coupole et d’un éclairage vert nocturne. Sa morphologie rappelle certains minarets tardifs djerbiens reconstruits après 2010 : proportions trapues, assise circulaire plutôt que carrée, et décor sobre. Le fût est enduit d’un crépi fin, sans appareillage apparent — signe d’une maçonnerie récente (béton enduit plutôt que pierre de taille). La coupole principale Sur la toiture, la coupole blanche légèrement ovoïde trahit la volonté de rappeler la typologie des mosquées ibadites anciennes. Elle repose sur un tambour discret, probablement en maçonnerie creuse, et n’affiche pas les fissures ni la patine que l’on trouve sur les coupoles anciennes en chaux-sable. La salle de prière Les photographies intérieures révèlent une structure très régulière : une nef longitudinale à colonnes carrées enduites, plafond plat en dalle, revêtement carrelé bicolore (vert et crème). Ce type d’organisation correspond à une reconstruction post-2000 dans le style fonctionnel moderne, privilégiant la simplicité et la facilité d’entretien. Le mihrab carrelé, encadré d’un bandeau décoratif bleu, évoque une modernisation d’inspiration andalouse plutôt qu’une restitution historique. Environnement immédiat L’aire funéraire alentour est dense et désordonnée : les tombes, visibles depuis le ciel, sont de forme rectangulaire traditionnelle en maçonnerie blanche, disposées sans plan régulier. Cela indique un usage continu du cimetière, probablement antérieur à la reconstruction de la mosquée. À l’ouest et au sud, de petites maisons et bâtiments annexes modernes s’accolent au périmètre, montrant que le quartier a été réinvesti.",
        "info_gpx": "Dominant la côte nord de Houmt-Souk, la mosquée Sidi El-Bahri se dresse aujourd’hui comme un symbole de résilience. Reconstruite sur les ruines de l’édifice détruit en 2011, elle conserve la mémoire d’un sanctuaire trois fois centenaire dont le minaret seul avait survécu à la démolition. Sa silhouette blanche, son dôme discret et son phare vert rappellent la simplicité des mosquées maritimes djerbiennes. Autour d’elle, les tombes anciennes forment un manteau de silence : le passé veille encore, paisible, au seuil du présent.",
        "accessPoint": [
          10.8541492,
          33.8808998
        ]
      }
    },
    {
      "type": "Feature",
      "geometry": {
        "type": "Point",
        "coordinates": [
          10.9238,
          33.741
        ]
      },
      "properties": {
        "Nom du site FR": "Site archéologique Henchir Tala",
        "Nom du site arabe": "هنشير طلا",
        "Catégorie": "Site historique",
        "Zone": "Beni Maaguel",
        "Source": "https://fr.wikipedia.org/wiki/Tamazight_de_Djerba",
        "HW_ID": "HW-01K77WPE6HCCSTW9QXDV73Q1SF",
        "description": "En théorie Henchir Tala, source d'eau d'où partait l'aqueduc vers Meninx. Abordé dans la source, mais sans grandes indications"
      }
    },
    {
      "type": "Feature",
      "geometry": {
        "type": "Point",
        "coordinates": [
          10.887019,
          33.722288
        ]
      },
      "properties": {
        "Nom du site FR": "Mosquée El Mouhechi",
        "Nom du site arabe": "جامع الموهيشي",
        "Catégorie": "Mosquée",
        "Zone": "Sedouikech",
        "Source": null,
        "HW_ID": "HW-01K77WPE6HN8AD9RQQTGD38K99",
        "description": "Située à Ouirsighen. Infos à rechercher"
      }
    },
    {
      "type": "Feature",
      "geometry": {
        "type": "Point",
        "coordinates": [
          10.885861,
          33.723472
        ]
      },
      "properties": {
        "Nom du site FR": "Mosquée Attouchi",
        "Nom du site arabe": "جامع التوشي",
        "Catégorie": "Mosquée",
        "Zone": "Sedouikech",
        "Source": null,
        "HW_ID": "HW-01K77WPE6HTHPF05JHNVACW732"
      }
    },
    {
      "type": "Feature",
      "geometry": {
        "type": "Point",
        "coordinates": [
          10.927096,
          33.690015
        ]
      },
      "properties": {
        "Nom du site FR": "Basilique de Meninx",
        "Nom du site arabe": "كنيسة مينينكس",
        "Catégorie": "Site historique",
        "Zone": "Sedouikech",
        "Source": null,
        "HW_ID": "HW-01K77WPE6H7K49FQ4NSR5ASHX8",
        "accessPoint": [
          10.9274093,
          33.6895611
        ]
      }
    },
    {
      "type": "Feature",
      "geometry": {
        "type": "Point",
        "coordinates": [
          10.844778,
          33.862472
        ]
      },
      "properties": {
        "Nom du site FR": "Mosquée Bouzid",
        "Nom du site arabe": "جامع بوزيد",
        "Catégorie": "Mosquée",
        "Zone": "El Jouamaa",
        "Source": "https://www.facebook.com/photo/?fbid=498602698174992&set=a.100670254634907",
        "HW_ID": "HW-01K77WPE6HPEZNHF6GJF6P582Z",
        "description": "La mosquée Bouzid, connue localement sous le nom Jāmiʿ Bouzīd, se trouve à la périphérie sud-ouest de Houmt Souk, dans un environnement semi-rural. C’est une mosquée ibadite de plan sobre, typique de l’architecture djerbienne : murs massifs, coupole unique, minaret conique et cour fermée. Son volume blanc, presque monolithique, se détache sur un sol pierreux ponctué d’oliviers, traduisant une continuité entre la pratique religieuse et le paysage agraire de l’île. L’ensemble, récemment entretenu, conserve l’esprit austère et fonctionnel des lieux de culte ibadites : un espace épuré tourné vers la prière, la lumière et la tranquillité du lieu.",
        "info_gpx": "Mosquée de type Ibadite située en milieu semi-rural",
        "accessPoint": [
          10.8448892,
          33.8624925
        ]
      }
    },
    {
      "type": "Feature",
      "geometry": {
        "type": "Point",
        "coordinates": [
          10.845306,
          33.873083
        ]
      },
      "properties": {
        "Nom du site FR": "Mosquée Sediq",
        "Nom du site arabe": "جامع الصدّيق",
        "Catégorie": "Mosquée",
        "Zone": "El Jouamaa",
        "Source": null,
        "HW_ID": "HW-01K77WPE6H3TDARVM1G3V5E49B",
        "description": "Infos à rechercher.",
        "accessPoint": [
          10.8451514,
          33.8727573
        ]
      }
    },
    {
      "type": "Feature",
      "geometry": {
        "type": "Point",
        "coordinates": [
          10.847222,
          33.881472
        ]
      },
      "properties": {
        "Nom du site FR": "Mosquée Sidi Bou Saïd",
        "Nom du site arabe": "جامع سيدي بوسعيد",
        "Catégorie": "Mosquée",
        "Zone": "Bou Melel",
        "Source": "https://evendo.com/locations/tunisia/djerba/landmark/mosquee-sidi-bou-said",
        "HW_ID": "HW-01K77WPE6J23YSBPP5PMBBZ23Y",
        "photos": [],
        "description": "Mosquée de type islamique traditionnel, avec des murs blances éclatant et des touchent de bleu, munie d'un minaret. A l'intérieur, des mosaïques ajoutent au charme de ce lieu de culte.",
        "accessPoint": [
          10.8474973,
          33.8814155
        ]
      }
    },
    {
      "type": "Feature",
      "geometry": {
        "type": "Point",
        "coordinates": [
          10.843028,
          33.784139
        ]
      },
      "properties": {
        "Nom du site FR": "Mosquée Elil",
        "Nom du site arabe": "جامع الليل",
        "Catégorie": "Mosquée",
        "Zone": "Oued Ezzebib",
        "Source": null,
        "HW_ID": "HW-01K77WPE6JDNJ7919QCH1HXSXT",
        "description": "Infos à rechercher",
        "accessPoint": [
          10.8429768,
          33.7843144
        ]
      }
    },
    {
      "type": "Feature",
      "geometry": {
        "type": "Point",
        "coordinates": [
          10.92322,
          33.69122
        ]
      },
      "properties": {
        "Nom du site FR": "Site archélogique de Meninx",
        "Nom du site arabe": "موقع مننكس الأثري",
        "Catégorie": "Site historique",
        "Zone": "Sedouikech",
        "Source": "https://www.inp2020.tn/2023/03/09/_meninx/",
        "HW_ID": "HW-01K77WPE6JZQWS751K2WV46RB2",
        "description": "Situé au lieu-dit \"d'El Qantara\", proche du grand large, Meninx est un ancien site romain où les premières fouilles datent de 1881. Il s'étend sur deux kilomètres le long du littoral, sur quelques centaines de mètres en direction de la mer. Aucune visite n'étant organisée, on y flâne un peu au hasard, découvrant au passage : un forum, avec une basilique en son centre, un temps, un amphithéâtre, des thermes, et autres vestiges du passé romain de cette patie de l'île",
        "accessPoint": [
          10.9246926,
          33.6909912
        ]
      }
    },
    {
      "type": "Feature",
      "geometry": {
        "type": "Point",
        "coordinates": [
          10.903181,
          33.69646
        ]
      },
      "properties": {
        "Nom du site FR": "Mosquée  Al-Hâra",
        "Nom du site arabe": "جامع الحارة",
        "Catégorie": "Mosquée",
        "Zone": "Sedouikech",
        "Source": null,
        "HW_ID": "HW-01K77WPE6J3TTHTXC560NEDQ24",
        "accessPoint": [
          10.9034857,
          33.6965003
        ]
      }
    },
    {
      "type": "Feature",
      "geometry": {
        "type": "Point",
        "coordinates": [
          10.865611,
          33.732639
        ]
      },
      "properties": {
        "Nom du site FR": "Musée du Patrimoine de Guellala",
        "Nom du site arabe": "متحف قلالة",
        "Catégorie": "Culture et tradition",
        "Zone": "Guellala",
        "Source": null,
        "HW_ID": "HW-01K77WPE6JTGSWHX55Z21ENNDH",
        "accessPoint": [
          10.8654683,
          33.7325359
        ]
      }
    },
    {
      "type": "Feature",
      "geometry": {
        "type": "Point",
        "coordinates": [
          10.840583,
          33.879667
        ]
      },
      "properties": {
        "Nom du site FR": "Mosquée Sidi Msahel",
        "Nom du site arabe": "جامع سيدي مساهل",
        "Catégorie": "Mosquée",
        "Zone": "Bou Melel",
        "Source": "",
        "HW_ID": "HW-01K77WPE6JARCBVAYJCW1B3B14",
        "photos": [
          "photos/poi_HW-01K77WPE6JARCBVAYJCW1B3B14_1784650020228.jpg",
          "photos/poi_HW-01K77WPE6JARCBVAYJCW1B3B14_1784650022233.jpg",
          "photos/poi_HW-01K77WPE6JARCBVAYJCW1B3B14_1784650023829.jpg",
          "photos/poi_HW-01K77WPE6JARCBVAYJCW1B3B14_1784650025226.jpg"
        ],
        "description": "Infos à rechercher.",
        "accessPoint": [
          10.8406426,
          33.8794958
        ],
        "Sous-type": "À minaret",
        "État": "En activité",
        "Accès": "Extérieur seulement",
        "info_gpx": "",
        "Temps_minutes": 0,
        "Prix_TND": 0,
        "Téléphone": "",
        "Horaires": "",
        "Facebook": "",
        "verified": true,
        "introuvableCarte": false
      }
    },
    {
      "type": "Feature",
      "geometry": {
        "type": "Point",
        "coordinates": [
          10.913947876157037,
          33.68584439152305
        ]
      },
      "properties": {
        "Nom du site FR": "Amphithéâtre Romain de Meninx",
        "Nom du site arabe": "المدرج الروماني بالمنينكس",
        "Catégorie": "Site archéologique",
        "Zone": "Sedouikech",
        "Source": "https://fr.wikipedia.org/wiki/Meninx",
        "HW_ID": "HW-01K77WPE6J38KA6V4M0KDZBJ15",
        "accessPoint": [
          10.9144158,
          33.6862955
        ],
        "lat": 33.68584439152305,
        "lng": 10.913947876157037,
        "Sous-type": "",
        "État": "Ruine",
        "Accès": "Intérieur visitable",
        "info_gpx": "",
        "description": "",
        "Temps_minutes": 0,
        "Prix_TND": 0,
        "Téléphone": "",
        "Horaires": "",
        "Facebook": "",
        "verified": false,
        "introuvableCarte": false
      }
    },
    {
      "type": "Feature",
      "geometry": {
        "type": "Point",
        "coordinates": [
          10.835028,
          33.785
        ]
      },
      "properties": {
        "Nom du site FR": "Mosquée Moslah",
        "Nom du site arabe": "مسجد مصلح",
        "Catégorie": "Mosquée",
        "Zone": "Oued Ezzebib",
        "Source": null,
        "HW_ID": "HW-01K77WPE6JZTBRNSSD5YPS2Q2Y",
        "description": "Infos à rechercher"
      }
    },
    {
      "type": "Feature",
      "geometry": {
        "type": "Point",
        "coordinates": [
          10.827722,
          33.818806
        ]
      },
      "properties": {
        "Nom du site FR": "Mosquée El Abied",
        "Nom du site arabe": "جامع الأبيض",
        "Catégorie": "Mosquée",
        "Zone": "El Groa",
        "Source": null,
        "HW_ID": "HW-01K77WPE6JHY0DMFMJKW847EVZ"
      }
    },
    {
      "type": "Feature",
      "geometry": {
        "type": "Point",
        "coordinates": [
          10.845806,
          33.753583
        ]
      },
      "properties": {
        "Nom du site FR": "Mosquée Sidi Daoud Tlet",
        "Nom du site arabe": "جامع سيدي داود تلت",
        "Catégorie": "Mosquée",
        "Zone": "Guellala",
        "Source": null,
        "HW_ID": "HW-01K77WPE6J1QAQ84TRYQFPQ165",
        "description": "Infos à rechercher",
        "accessPoint": [
          10.8459748,
          33.7534283
        ]
      }
    },
    {
      "type": "Feature",
      "geometry": {
        "type": "Point",
        "coordinates": [
          10.916387,
          33.679913
        ]
      },
      "properties": {
        "Nom du site FR": "Borj El Kantara",
        "Nom du site arabe": "برج القنطرة",
        "Catégorie": "Site historique",
        "Zone": "Sedouikech",
        "Source": null,
        "HW_ID": "HW-01K77WPE6JDTSE0J7BXJFSCPX4",
        "description": "A proximité du port d'El Kantara",
        "accessPoint": [
          10.9159435,
          33.6802306
        ]
      }
    },
    {
      "type": "Feature",
      "geometry": {
        "type": "Point",
        "coordinates": [
          10.824945,
          33.84989
        ]
      },
      "properties": {
        "Nom du site FR": "Mosquée Sidi Hassan",
        "Nom du site arabe": "مسجد سيدي حسن",
        "Catégorie": "Mosquée",
        "Zone": "El Hachene",
        "Source": null,
        "HW_ID": "HW-01K77WPE6J53FWBGSMAAVT8PKC",
        "description": "Située à Hachene. Infos à rechercher",
        "accessPoint": [
          10.8249716,
          33.8496705
        ]
      }
    },
    {
      "type": "Feature",
      "geometry": {
        "type": "Point",
        "coordinates": [
          10.857167,
          33.728222
        ]
      },
      "properties": {
        "Nom du site FR": "Mosquée El Karôunia",
        "Nom du site arabe": "جامع القارونية",
        "Catégorie": "Mosquée",
        "Zone": "Guellala",
        "Source": null,
        "HW_ID": "HW-01K77WPE6KFB4E74C7MZ22HEYN",
        "description": "A proximité d'un cimetière. Infos à rechercher.",
        "accessPoint": [
          10.8570288,
          33.7282002
        ]
      }
    },
    {
      "type": "Feature",
      "geometry": {
        "type": "Point",
        "coordinates": [
          10.88469,
          33.69744
        ]
      },
      "properties": {
        "Nom du site FR": "Mosquée Wersighen",
        "Nom du site arabe": "جامع ورسيغن",
        "Catégorie": "Mosquée",
        "Zone": "Guellala",
        "Source": null,
        "HW_ID": "HW-01K77WPE6KD37GVA594C0XAQQ0",
        "info_gpx": "Structure principale encore debout (coupole visible), murs d’enceinte effondrés par endroits.\nLe site est libre d’accès, non restauré, mais clairement identifiable depuis la piste secondaire au nord de Guellala.",
        "accessPoint": [
          10.8847422,
          33.6975387
        ]
      }
    },
    {
      "type": "Feature",
      "geometry": {
        "type": "Point",
        "coordinates": [
          10.853999,
          33.729556
        ]
      },
      "properties": {
        "Nom du site FR": "Poterie Tamourt",
        "Nom du site arabe": "ورشة الفخار تامورت",
        "Catégorie": "Culture et tradition",
        "Zone": "Guellala",
        "Source": null,
        "HW_ID": "HW-01K77WPE6KC7BYPZ2982MZ1BQ6",
        "description": "Voir également : Poterie Habib Ben Mahmoud à 150 mètres",
        "info_gpx": "Plusieurs potiers dans la rue, flânerie recommandée",
        "accessPoint": [
          10.8538377,
          33.7295097
        ]
      }
    },
    {
      "type": "Feature",
      "geometry": {
        "type": "Point",
        "coordinates": [
          10.8595,
          33.722111
        ]
      },
      "properties": {
        "Nom du site FR": "Mosquée El Qbaili",
        "Nom du site arabe": "جامع القبليين",
        "Catégorie": "Mosquée",
        "Zone": "Guellala",
        "Source": null,
        "HW_ID": "HW-01K77WPE6KJNGWAFK1RVYNKE6D",
        "description": "Egalement appelée Mosquée Tribale Qibliyine/ Infos à rechercher",
        "accessPoint": [
          10.859695,
          33.7220593
        ]
      }
    },
    {
      "type": "Feature",
      "geometry": {
        "type": "Point",
        "coordinates": [
          10.859472,
          33.719806
        ]
      },
      "properties": {
        "Nom du site FR": "Poterie Younes Sagal",
        "Nom du site arabe": "فخار يونس ساغال",
        "Catégorie": "Culture et tradition",
        "Zone": "Guellala",
        "Source": null,
        "HW_ID": "HW-01K77WPE6KHCJJTJDZF8MXD4EB",
        "accessPoint": [
          10.8594174,
          33.7196624
        ]
      }
    },
    {
      "type": "Feature",
      "geometry": {
        "type": "Point",
        "coordinates": [
          10.821201358600382,
          33.86191783421097
        ]
      },
      "properties": {
        "Nom du site FR": "Mosquée Aboumessouer",
        "Nom du site arabe": "جامع الكبير",
        "Catégorie": "Mosquée",
        "Zone": "El Hachene",
        "Source": "https://djerba.holiday/les-mosquees-et-monuments-historiques-de-djerba-un-voyage-a-travers-le-temps-la-spiritualite-et-le-patrimoine-mondial-de-lunesco/",
        "HW_ID": "HW-01K77WPE6KZREFKAR2DA4MTN6Y",
        "lat": 33.86191783421097,
        "lng": 10.821201358600382,
        "description": "Edifiée au 10ème siècle par le Cheick Yesja Bou Messouer El Yahrasni, elle est l'une des plus ancienne madrassa de Djerba. Minaret de 3,3 mètres de côté situé au nord-est de la salle. Incontournable.",
        "accessPoint": [
          10.8210776,
          33.861825
        ]
      }
    },
    {
      "type": "Feature",
      "geometry": {
        "type": "Point",
        "coordinates": [
          10.868139,
          33.722583
        ]
      },
      "properties": {
        "Nom du site FR": "Mosquée Terjoun",
        "Nom du site arabe": "جامع ترجو",
        "Catégorie": "Mosquée",
        "Zone": "Guellala",
        "Source": null,
        "HW_ID": "HW-01KJABRN0HW8QW8YRNXWWWA8WB"
      }
    },
    {
      "type": "Feature",
      "geometry": {
        "type": "Point",
        "coordinates": [
          10.854611,
          33.723778
        ]
      },
      "properties": {
        "Nom du site FR": "Atelier de poterie Fathi",
        "Nom du site arabe": "ورشات الفخّار فتحي",
        "Catégorie": "Site historique",
        "Zone": "Guellala",
        "Source": null,
        "HW_ID": "HW-01K77WPE6KHGCS19HJDB943QAF",
        "description": "D'après les photos sur Google Maps, vieil atelier de poterie qui semble visitable",
        "accessPoint": [
          10.8544958,
          33.7237636
        ]
      }
    },
    {
      "type": "Feature",
      "geometry": {
        "type": "Point",
        "coordinates": [
          10.844,
          33.735972
        ]
      },
      "properties": {
        "Nom du site FR": "Mosquée El Majlès",
        "Nom du site arabe": "مسجد المجلس",
        "Catégorie": "Mosquée",
        "Zone": "Guellala",
        "Source": null,
        "HW_ID": "HW-01K77WPE6KC3CHMHRWZ0A8HKB4",
        "accessPoint": [
          10.843934,
          33.7361869
        ]
      }
    },
    {
      "type": "Feature",
      "geometry": {
        "type": "Point",
        "coordinates": [
          10.863619407618103,
          33.71050850467812
        ]
      },
      "properties": {
        "Nom du site FR": "Mosquée Boumessouer (Nouvelle)",
        "Nom du site arabe": "جامع بومسور",
        "Catégorie": "Mosquée",
        "Zone": "Guellala",
        "Source": "https://www.openstreetmap.org/way/386328373",
        "HW_ID": "HW-01K77WPE6KT8VGFJTHK03SWPZR",
        "accessPoint": [
          10.8639726,
          33.7109742
        ],
        "lat": 33.71050850467812,
        "lng": 10.863619407618103,
        "Sous-type": "À minaret",
        "État": "En activité",
        "Accès": "Extérieur seulement",
        "info_gpx": "",
        "description": "Mosquée récente, construite en remplacement de l'ancienne Boumessouer voisine, aujourd'hui abandonnée. \n(Source : Jalel Fathallah #207)\nPetr Jenč - OpenStreetMap, 2025",
        "Temps_minutes": 0,
        "Prix_TND": 0,
        "Téléphone": "",
        "Horaires": "",
        "Facebook": "",
        "verified": false,
        "introuvableCarte": false
      }
    },
    {
      "type": "Feature",
      "geometry": {
        "type": "Point",
        "coordinates": [
          10.86332666195451,
          33.71001473442526
        ]
      },
      "properties": {
        "Nom du site FR": "Mosquée Boumessouer (Ancienne)",
        "Nom du site arabe": "جامع مزوار",
        "Catégorie": "Mosquée",
        "Zone": "Guellala",
        "Source": "http://palaisbenayed.com/wp-content/uploads/2021/03/r%C3%A9pertoire-des-mosqu%C3%A9es-de-Djerba.pdf",
        "HW_ID": "HW-01K77WPE6KQ3W8ZNZCKYQ3G9DB",
        "accessPoint": [
          10.8639085,
          33.710186
        ],
        "lat": 33.71001473442526,
        "lng": 10.86332666195451,
        "Sous-type": "À minaret",
        "État": "Désaffecté",
        "Accès": "Extérieur seulement",
        "info_gpx": "",
        "description": "Ancienne mosquée ibadite wahbite, aujourd'hui abandonnée, remplacée par une nouvelle mosquée adjacente. Source : Répertoire Jalel Fathallah, #207",
        "Temps_minutes": 0,
        "Prix_TND": 0,
        "Téléphone": "",
        "Horaires": "",
        "Facebook": "",
        "verified": true,
        "introuvableCarte": false,
        "osm_ref": "way/386328366"
      }
    },
    {
      "type": "Feature",
      "geometry": {
        "type": "Point",
        "coordinates": [
          10.844028,
          33.732167
        ]
      },
      "properties": {
        "Nom du site FR": "Poterie Mjahed Faouzi",
        "Nom du site arabe": "فخّار فوزي المجاهد",
        "Catégorie": "Culture et tradition",
        "Zone": "Guellala",
        "Source": null,
        "HW_ID": "HW-01K77WPE6KANR1XY901X5NCZAT"
      }
    },
    {
      "type": "Feature",
      "geometry": {
        "type": "Point",
        "coordinates": [
          10.826917,
          33.896083
        ]
      },
      "properties": {
        "Nom du site FR": "Mosquée Sidi Salem",
        "Nom du site arabe": "جامع سيدي سالم",
        "Catégorie": "Mosquée",
        "Zone": "Bou Melel",
        "Source": null,
        "HW_ID": "HW-01K77WPE6M5QZM1DZV18R4EDHR",
        "description": "Proche de la baie des pêcheurs",
        "accessPoint": [
          10.8272392,
          33.8958473
        ]
      }
    },
    {
      "type": "Feature",
      "geometry": {
        "type": "Point",
        "coordinates": [
          10.841194,
          33.734167
        ]
      },
      "properties": {
        "Nom du site FR": "Mosquée El Khawi",
        "Nom du site arabe": "جامع الخواي",
        "Catégorie": "Mosquée",
        "Zone": "Guellala",
        "Source": null,
        "HW_ID": "HW-01K77WPE6MEFR0X3WG50GNT8RS"
      }
    },
    {
      "type": "Feature",
      "geometry": {
        "type": "Point",
        "coordinates": [
          10.874383,
          33.695134
        ]
      },
      "properties": {
        "Nom du site FR": "Mosquée Cheikh Al Tab",
        "Nom du site arabe": "جامع الشيخ الطّبّ",
        "Catégorie": "Mosquée",
        "Zone": "Guellala",
        "Source": null,
        "HW_ID": "HW-01K77WPE6M7NF1ZA4QJ5APVJ7T",
        "accessPoint": [
          10.8741957,
          33.6950803
        ]
      }
    },
    {
      "type": "Feature",
      "geometry": {
        "type": "Point",
        "coordinates": [
          10.86177572607994,
          33.70679340842852
        ]
      },
      "properties": {
        "Nom du site FR": "Mosquée Sidi Yati",
        "Nom du site arabe": "جامع سيدي ياتي",
        "Catégorie": "Mosquée",
        "Zone": "Guellala",
        "Source": "https://www.djerba-insolite.com/blog/sidi-yati",
        "HW_ID": "HW-01K77WPE6M06HKCT56J0P2HVZZ",
        "lat": 33.70679340842852,
        "lng": 10.86177572607994,
        "description": "Mosquée de type Ibadite, enduite de chaux blanc. Elle a été édifiée au 10ème siècle et rénovée en 1995. Elle surplombe la côte Sud-Ouest dans la localité d'El Fâhmîne. Proche des Mosquése Boumsour et/ou Mosquée Mizwar"
      }
    },
    {
      "type": "Feature",
      "geometry": {
        "type": "Point",
        "coordinates": [
          10.82564382168558,
          33.75766551570927
        ]
      },
      "properties": {
        "Nom du site FR": "Mosquée Tiouajen",
        "Nom du site arabe": "جامع تيوأجن",
        "Catégorie": "Mosquée",
        "Zone": "Oued Ezzebib",
        "Source": null,
        "HW_ID": "HW-01K77WPE6M1P0KY03A93VBEFXX",
        "description": "Infos à rechercher.",
        "accessPoint": [
          10.8253812,
          33.7577127
        ]
      }
    },
    {
      "type": "Feature",
      "geometry": {
        "type": "Point",
        "coordinates": [
          10.844316,
          33.722374
        ]
      },
      "properties": {
        "Nom du site FR": "Mosquée Tamazgida",
        "Nom du site arabe": "جامع تامازقيدة",
        "Catégorie": "Mosquée",
        "Zone": "Guellala",
        "Source": "https://djerba-insolite.com/blog/jema-tamazgida",
        "HW_ID": "HW-01K77WPE6MV84XQXSZC6FJZ44Y",
        "description": "Mosquée de type Ibadite, érigée sous l'ordre des Cheikhs de Djerba, agrandie vers le 16ème siècle. Située proche de la côte, elle est également appelée mosquée Guellala El Qasbiyyin",
        "accessPoint": [
          10.844098,
          33.7223341
        ]
      }
    },
    {
      "type": "Feature",
      "geometry": {
        "type": "Point",
        "coordinates": [
          10.836944,
          33.732639
        ]
      },
      "properties": {
        "Nom du site FR": "Poterie Fethi Ben Aissi",
        "Nom du site arabe": "ورشة الفخار فتحي بن عيسى",
        "Catégorie": "Culture et tradition",
        "Zone": "Guellala",
        "Source": null,
        "HW_ID": "HW-01K77WPE6M71Q47QVPFQV4C4H5",
        "accessPoint": [
          10.836803,
          33.7326844
        ]
      }
    },
    {
      "type": "Feature",
      "geometry": {
        "type": "Point",
        "coordinates": [
          10.804257094860079,
          33.82511671073605
        ]
      },
      "properties": {
        "Nom du site FR": "Mosquée Bazim",
        "Nom du site arabe": "جامع بازيم",
        "Catégorie": "Mosquée",
        "Zone": "El Hachene",
        "Source": null,
        "HW_ID": "HW-01K77WPE6MTFTPQQCESF5JYJSJ"
      }
    },
    {
      "type": "Feature",
      "geometry": {
        "type": "Point",
        "coordinates": [
          10.806473154993117,
          33.86202557545826
        ]
      },
      "properties": {
        "Nom du site FR": "Mosquée Sidi El Tayeib",
        "Nom du site arabe": "جامع سيدي الطيب",
        "Catégorie": "Mosquée",
        "Zone": "Mellita",
        "Source": null,
        "HW_ID": "HW-01K77WPE6M14K3331NK215THZS",
        "lat": 33.86202557545826,
        "lng": 10.806473154993117,
        "description": "Située à Mellita. Infos à rechercher",
        "accessPoint": [
          10.8063801,
          33.8621606
        ]
      }
    },
    {
      "type": "Feature",
      "geometry": {
        "type": "Point",
        "coordinates": [
          10.805833,
          33.789972
        ]
      },
      "properties": {
        "Nom du site FR": "Mosquée Ouilihi",
        "Nom du site arabe": "جامع وليحي",
        "Catégorie": "Mosquée",
        "Zone": "Oued Ezzebib",
        "Source": "https://www.flickr.com/photos/44928546@N05/8008665414\nhttps://www.facebook.com/Assidje.org/posts/la-l%C3%A9gendaire-mosqu%C3%A9e-ouelhi-retrouve-son-%C3%A9clat-apr%C3%A8s-avoir-%C3%A9t%C3%A9-pilli%C3%A9e-et-sacca/2453064461400785/",
        "HW_ID": "HW-01K77WPE6MXA1DKNG7R2XWZQGJ",
        "photos": [
          "photos/poi_HW-01K77WPE6MXA1DKNG7R2XWZQGJ_1780463657931.jpg",
          "photos/poi_HW-01K77WPE6MXA1DKNG7R2XWZQGJ_1780463659759.jpg",
          "photos/poi_HW-01K77WPE6MXA1DKNG7R2XWZQGJ_1780463661691.jpg",
          "photos/poi_HW-01K77WPE6MXA1DKNG7R2XWZQGJ_1780463664064.jpg",
          "photos/poi_HW-01K77WPE6MXA1DKNG7R2XWZQGJ_1780463666308.jpg",
          "photos/poi_HW-01K77WPE6MXA1DKNG7R2XWZQGJ_1780463668656.jpg",
          "photos/poi_HW-01K77WPE6MXA1DKNG7R2XWZQGJ_1780463670245.jpg",
          "photos/poi_HW-01K77WPE6MXA1DKNG7R2XWZQGJ_1780463671916.jpg",
          "photos/poi_HW-01K77WPE6MXA1DKNG7R2XWZQGJ_1780463673901.jpg",
          "photos/poi_HW-01K77WPE6MXA1DKNG7R2XWZQGJ_1780463675621.jpg",
          "photos/poi_HW-01K77WPE6MXA1DKNG7R2XWZQGJ_1780463677378.jpg"
        ],
        "description": "Une des plus ancienne mosquée de Djerba datant du 7ème siècle. Elle a retrouvé son éclat après sa restauration par l'ASSIDJE en collaboration avec l'Association des Architectes de Jerba. Son architecture simle est typique de Djerba. A noter qu'étant entourée de vergers, elle est réputée pour sa production de fruits.",
        "accessPoint": [
          10.8055248,
          33.7901335
        ],
        "Sous-type": "À coupoles",
        "État": "Désaffecté",
        "Accès": "Intérieur visitable"
      }
    },
    {
      "type": "Feature",
      "geometry": {
        "type": "Point",
        "coordinates": [
          10.800028,
          33.8025
        ]
      },
      "properties": {
        "Nom du site FR": "Mosquée El Hajjama",
        "Nom du site arabe": "جامع الحجاجمة",
        "Catégorie": "Mosquée",
        "Zone": "El Groa",
        "Source": null,
        "HW_ID": "HW-01K77WPE6MK0YGY2RG0RX2XX48",
        "accessPoint": [
          10.8000404,
          33.8023306
        ]
      }
    },
    {
      "type": "Feature",
      "geometry": {
        "type": "Point",
        "coordinates": [
          10.798123,
          33.789417
        ]
      },
      "properties": {
        "Nom du site FR": "Mosquée Sidi Aïch",
        "Nom du site arabe": "جامع سيدي عائش",
        "Catégorie": "Mosquée",
        "Zone": "El Groa",
        "Source": null,
        "HW_ID": "HW-01K77WPE6N293MG25FFQBH1G10",
        "photos": [
          "photos/poi_HW-01K77WPE6N293MG25FFQBH1G10_1780463679410.jpg",
          "photos/poi_HW-01K77WPE6N293MG25FFQBH1G10_1780463681409.jpg",
          "photos/poi_HW-01K77WPE6N293MG25FFQBH1G10_1780463683130.jpg",
          "photos/poi_HW-01K77WPE6N293MG25FFQBH1G10_1780463684888.jpg"
        ],
        "accessPoint": [
          10.7982967,
          33.7895453
        ],
        "Sous-type": "À coupoles",
        "État": "Désaffecté",
        "Accès": "Intérieur visitable"
      }
    },
    {
      "type": "Feature",
      "geometry": {
        "type": "Point",
        "coordinates": [
          10.792611,
          33.794472
        ]
      },
      "properties": {
        "Nom du site FR": "Mosquée Boulimen – Jaabira",
        "Nom du site arabe": "جامع بوليمان - جَعبيرة",
        "Catégorie": "Mosquée",
        "Zone": "El Groa",
        "Source": "https://djerba-insolite.com/blog/boulimen",
        "HW_ID": "HW-01K77WPE6N0ZBXJK23NVJ2MQPX",
        "photos": [
          "photos/poi_HW-01K77WPE6N0ZBXJK23NVJ2MQPX_1780463686754.jpg",
          "photos/poi_HW-01K77WPE6N0ZBXJK23NVJ2MQPX_1780463688510.jpg",
          "photos/poi_HW-01K77WPE6N0ZBXJK23NVJ2MQPX_1780463690663.jpg",
          "photos/poi_HW-01K77WPE6N0ZBXJK23NVJ2MQPX_1780463692467.jpg",
          "photos/poi_HW-01K77WPE6N0ZBXJK23NVJ2MQPX_1780463694615.jpg",
          "photos/poi_HW-01K77WPE6N0ZBXJK23NVJ2MQPX_1780463696128.jpg",
          "photos/poi_HW-01K77WPE6N0ZBXJK23NVJ2MQPX_1780463697853.jpg"
        ],
        "description": "Mosquée contruite par la famille Boulimen au 17ème siècle, à lépoque Husseinites. Elle est située à l'extrémité de Sedghiane. Son architecture, de forme poligonale, se situe à mi-chemin entre les style djerbien modeste et Ottoman.",
        "accessPoint": [
          10.7924829,
          33.7944996
        ],
        "Sous-type": "À minaret",
        "État": "En activité",
        "Accès": "Non visitable"
      }
    },
    {
      "type": "Feature",
      "geometry": {
        "type": "Point",
        "coordinates": [
          10.788694,
          33.812
        ]
      },
      "properties": {
        "Nom du site FR": "Mosquée Sidi Nasr",
        "Nom du site arabe": "جامع سيدي نصر",
        "Catégorie": "Mosquée",
        "Zone": "El Groa",
        "Source": null,
        "HW_ID": "HW-01K77WPE6NHCHVH0JKDTF607DG",
        "description": "Située à El Groa. Infos à rechercher",
        "accessPoint": [
          10.7889798,
          33.8121126
        ]
      }
    },
    {
      "type": "Feature",
      "geometry": {
        "type": "Point",
        "coordinates": [
          10.798167,
          33.768222
        ]
      },
      "properties": {
        "Nom du site FR": "Mosquée Sidi Slak El Ouhal",
        "Nom du site arabe": "جامع سلاك الاوحال",
        "Catégorie": "Mosquée",
        "Zone": "El Khenensa",
        "Source": null,
        "HW_ID": "HW-01K77WPE6NGJQHEKJE3M2T5W5Q",
        "accessPoint": [
          10.7982961,
          33.7681932
        ]
      }
    },
    {
      "type": "Feature",
      "geometry": {
        "type": "Point",
        "coordinates": [
          10.794860611273545,
          33.777147513068996
        ]
      },
      "properties": {
        "Nom du site FR": "Mosquée El Ghoula",
        "Nom du site arabe": "جامع الغولة",
        "Catégorie": "Mosquée",
        "Zone": "El Groa",
        "Source": null,
        "HW_ID": "HW-01K77WPE6NQ35ND0B1DQGT4BQT",
        "accessPoint": [
          10.7947227,
          33.7770939
        ]
      }
    },
    {
      "type": "Feature",
      "geometry": {
        "type": "Point",
        "coordinates": [
          10.78581,
          33.79281
        ]
      },
      "properties": {
        "Nom du site FR": "Mosquée Mourou",
        "Nom du site arabe": "جامع مرّور",
        "Catégorie": "Mosquée",
        "Zone": "El Groa",
        "Source": null,
        "HW_ID": "HW-01K77WPE6N6A0YBFFKMQQNQH0E",
        "photos": [
          "photos/poi_HW-01K77WPE6N6A0YBFFKMQQNQH0E_1780463699852.jpg",
          "photos/poi_HW-01K77WPE6N6A0YBFFKMQQNQH0E_1780463702056.jpg",
          "photos/poi_HW-01K77WPE6N6A0YBFFKMQQNQH0E_1780463703961.jpg"
        ],
        "description": "Mosquée rurale assez isolée, entourée de terrains agricoles, natammet oliveraies.",
        "accessPoint": [
          10.7858502,
          33.7929511
        ],
        "Sous-type": "À minaret",
        "État": "Désaffecté",
        "Accès": "Extérieur seulement"
      }
    },
    {
      "type": "Feature",
      "geometry": {
        "type": "Point",
        "coordinates": [
          10.791050841108836,
          33.75818454061917
        ]
      },
      "properties": {
        "Nom du site FR": "Mosquée Khnensa",
        "Nom du site arabe": "مسجد الخنيسة",
        "Catégorie": "Mosquée",
        "Zone": "El Khenensa",
        "Source": null,
        "HW_ID": "HW-01K77WPE6NGZN849YA6V0EC1R0",
        "accessPoint": [
          10.7908846,
          33.7581386
        ]
      }
    },
    {
      "type": "Feature",
      "geometry": {
        "type": "Point",
        "coordinates": [
          10.909208,
          33.631999
        ]
      },
      "properties": {
        "Nom du site FR": "Borj el Agreb",
        "Nom du site arabe": "برج العقرب",
        "Catégorie": "Site historique",
        "Zone": "Hors zone",
        "Source": "https://www.misk.art/lire/un-monument-en-quelques-mots-2%C2%A0-la-l%C3%A9gende-de-borj-el-agreb",
        "Temps_minutes": null,
        "Prix_TND": null,
        "Téléphone": null,
        "Horaires": null,
        "verified": false,
        "HW_ID": "HW-01K77WPE6N1VXNG3MVD2QPQFQV",
        "description": "Fort, en ruines, présentant la particularité d'être construit en pleine mer. Pourrait être lié à la construction du Borj Kebir en 1284, il est cité pour la première fois en 1432. Rares sont les infos à son sujet, auxquelles se mélange une légende de scorpion décimant les enfants d'un prince.",
        "info_gpx": null
      }
    },
    {
      "type": "Feature",
      "geometry": {
        "type": "Point",
        "coordinates": [
          10.78154,
          33.77577
        ]
      },
      "properties": {
        "Nom du site FR": "Mosquée de Taghzouïsni",
        "Nom du site arabe": "جامع التغزويسني",
        "Catégorie": "Mosquée",
        "Zone": "Mezrene",
        "Source": null,
        "HW_ID": "HW-01K77WPE6N1D1N6TK82WX52BNM",
        "description": "Mosquée rurale en ruine, située à Bou Menjel. Infos à rechercher.",
        "accessPoint": [
          10.7813346,
          33.7759207
        ]
      }
    },
    {
      "type": "Feature",
      "geometry": {
        "type": "Point",
        "coordinates": [
          10.775694,
          33.788833
        ]
      },
      "properties": {
        "Nom du site FR": "Mosquée Taqwa",
        "Nom du site arabe": "جامع التقوى",
        "Catégorie": "Mosquée",
        "Zone": "El Groa",
        "Source": null,
        "HW_ID": "HW-01K77WPE6NJ1X6TBWGCTV85QMM",
        "photos": [
          "photos/poi_HW-01K77WPE6NJ1X6TBWGCTV85QMM_1780463710154.jpg",
          "photos/poi_HW-01K77WPE6NJ1X6TBWGCTV85QMM_1780463711868.jpg",
          "photos/poi_HW-01K77WPE6NJ1X6TBWGCTV85QMM_1780463713816.jpg"
        ],
        "accessPoint": [
          10.7753053,
          33.7888202
        ],
        "Sous-type": "À minaret",
        "État": "En activité",
        "Accès": "Non visitable"
      }
    },
    {
      "type": "Feature",
      "geometry": {
        "type": "Point",
        "coordinates": [
          10.77056,
          33.78797
        ]
      },
      "properties": {
        "Nom du site FR": "Mosquée  Berdaoui",
        "Nom du site arabe": "جامع البرداوي",
        "Catégorie": "Mosquée",
        "Zone": "Mezrene",
        "Source": "https://tunisie.co/article/12865/culture/musees-et-monuments/sidi-yati-541322https://panorama.solutions/en/solution/la-restauration-des-mosquees-ibadites-louta-bardaoui-et-ammi-yathi-lile-de-djerba",
        "HW_ID": "HW-01K77WPE6N6HF86MYJNJWFPNSV",
        "photos": [
          "photos/poi_HW-01K77WPE6N6HF86MYJNJWFPNSV_1780463716033.jpg",
          "photos/poi_HW-01K77WPE6N6HF86MYJNJWFPNSV_1780463717569.jpg",
          "photos/poi_HW-01K77WPE6N6HF86MYJNJWFPNSV_1780463719245.jpg",
          "photos/poi_HW-01K77WPE6N6HF86MYJNJWFPNSV_1780463721015.jpg",
          "photos/poi_HW-01K77WPE6N6HF86MYJNJWFPNSV_1780463722670.jpg",
          "photos/poi_HW-01K77WPE6N6HF86MYJNJWFPNSV_1780463724633.jpg",
          "photos/poi_HW-01K77WPE6N6HF86MYJNJWFPNSV_1780463726451.jpg",
          "photos/poi_HW-01K77WPE6N6HF86MYJNJWFPNSV_1780463728168.jpg",
          "photos/poi_HW-01K77WPE6N6HF86MYJNJWFPNSV_1780463729983.jpg"
        ],
        "description": "Mosquée souterraine ibadite, située à Bou Menjel. Elle fût construite au 10ème siècle. Elle constituait une halte lors de la vérification du système défensif de l'île. Restaurée ont été restaurée en 2018 par par l’Association pour la Sauvegarde de l’Île de Djerba (ASSIDJE), en partenariat avec la fondation Swiss Contact, de même que les mosquées \"Louta\" à Cedouikech et \"Ammi Yathi\" à Guellala.",
        "accessPoint": [
          10.770476,
          33.7881479
        ],
        "Sous-type": "À coupoles",
        "État": "Désaffecté",
        "Accès": "Intérieur visitable"
      }
    },
    {
      "type": "Feature",
      "geometry": {
        "type": "Point",
        "coordinates": [
          10.772167,
          33.774056
        ]
      },
      "properties": {
        "Nom du site FR": "Mosquée Sidi Abdallah",
        "Nom du site arabe": "مسجد سيدي عبد الله",
        "Catégorie": "Mosquée",
        "Zone": "Mezrene",
        "Source": null,
        "HW_ID": "HW-01K77WPE6NBNNW3DFHDZ0PFMX8"
      }
    },
    {
      "type": "Feature",
      "geometry": {
        "type": "Point",
        "coordinates": [
          10.887438,
          33.632963
        ]
      },
      "properties": {
        "Nom du site FR": "Borj El Tarbella",
        "Nom du site arabe": "برج الطربلة",
        "Catégorie": "Site historique",
        "Zone": "Guellala",
        "Source": null,
        "HW_ID": "HW-01K77WPE6N4X1KPEA5FHVM8VXJ",
        "accessPoint": [
          10.8870941,
          33.6329283
        ]
      }
    },
    {
      "type": "Feature",
      "geometry": {
        "type": "Point",
        "coordinates": [
          10.774583,
          33.758972
        ]
      },
      "properties": {
        "Nom du site FR": "Mosquée Ghandri",
        "Nom du site arabe": "جامع غندري",
        "Catégorie": "Mosquée",
        "Zone": "Mezrene",
        "Source": null,
        "HW_ID": "HW-01K77WPE6NZ91JPSJG4M3A7TNR",
        "accessPoint": [
          10.7747087,
          33.7591194
        ]
      }
    },
    {
      "type": "Feature",
      "geometry": {
        "type": "Point",
        "coordinates": [
          10.748056,
          33.831417
        ]
      },
      "properties": {
        "Nom du site FR": "Mosquée Sidi Jmour",
        "Nom du site arabe": "جامع سيدي جمور",
        "Catégorie": "Mosquée",
        "Zone": "El Groa",
        "Source": null,
        "HW_ID": "HW-01K77WPE6ND38ZJ2GFV2K4NRTK",
        "description": "Située près du petit port de pêche",
        "accessPoint": [
          10.7483738,
          33.8314687
        ]
      }
    },
    {
      "type": "Feature",
      "geometry": {
        "type": "Point",
        "coordinates": [
          10.774333,
          33.721583
        ]
      },
      "properties": {
        "Nom du site FR": "Mosquée Ben Hadid",
        "Nom du site arabe": "جامع بن حديد",
        "Catégorie": "Mosquée",
        "Zone": "Ajim",
        "Source": "http://palaisbenayed.com/wp-content/uploads/2021/03/r%C3%A9pertoire-des-mosqu%C3%A9es-de-Djerba.pdf",
        "HW_ID": "HW-01K77WPE6P1NA9ZF5TF1DK9GD2",
        "description": "La mosquée Ibn Hadid (ou Ben Hadid) se situe à Ajim, au sud-ouest de Djerba, dans le quartier de Guébeline. Selon le Répertoire des mosquées de Djerba (Palais Ben Ayed, 2021), il s’agit d’une mosquée ibadite wahbite rénovée récemment, anciennement construite. Les images satellite et au sol montrent un édifice rectangulaire enduit de chaux blanche, avec un minaret carré à plusieurs niveaux, restauré dans un état neuf. Le site paraît actif et intégré à la trame urbaine d’Ajim.",
        "info_gpx": "Ancienne mosquée ibadite wahbite rénovée récemment.",
        "accessPoint": [
          10.7741466,
          33.7215143
        ]
      }
    },
    {
      "type": "Feature",
      "geometry": {
        "type": "Point",
        "coordinates": [
          10.766722,
          33.728
        ]
      },
      "properties": {
        "Nom du site FR": "Mosquée El Methania",
        "Nom du site arabe": "مسجد الميْثانية",
        "Catégorie": "Mosquée",
        "Zone": "Ajim",
        "Source": null,
        "HW_ID": "HW-01K77WPE6PDSWXWVZZR4ZDNXVX",
        "info_gpx": "Mosquée ibadite wahbite construite  au 4è siècle de l’hégire, ce qui correspond au 10è siècle de notre ère",
        "accessPoint": [
          10.7664568,
          33.7279203
        ]
      }
    },
    {
      "type": "Feature",
      "geometry": {
        "type": "Point",
        "coordinates": [
          10.746599,
          33.887008
        ]
      },
      "properties": {
        "Nom du site FR": "Phare Bordj Jelij",
        "Nom du site arabe": "منارة برج جليج",
        "Catégorie": "Curiosité",
        "Zone": "Mellita",
        "Source": "https://fr.wikipedia.org/wiki/Phare_de_Bordj_Djillidj",
        "HW_ID": "HW-01K77WPE6P5S30A1TBKN0MKF1E",
        "description": "Egalement appelé Borj Djillij, il est situé près de Mellita. Il s'agit d'un fort, peint en blanc. Il a été construit au 16ème siècle, de forme octogonale où un feu de signalisation, installé depuis longtemps, est visible jusqu'à 16 kilomètres.",
        "accessPoint": [
          10.7467654,
          33.8868677
        ]
      }
    },
    {
      "type": "Feature",
      "geometry": {
        "type": "Point",
        "coordinates": [
          10.759222,
          33.733528
        ]
      },
      "properties": {
        "Nom du site FR": "Mosquée Limes",
        "Nom du site arabe": "مسجد ليمس",
        "Catégorie": "Mosquée",
        "Zone": "Ajim",
        "Source": null,
        "HW_ID": "HW-01K77WPE6PP29CK1JR2H25ACNK",
        "info_gpx": "Mosquée ibadite wahbite rénovée, intialement construite sur le site d'un église byzantine.",
        "accessPoint": [
          10.7591099,
          33.7336023
        ]
      }
    },
    {
      "type": "Feature",
      "geometry": {
        "type": "Point",
        "coordinates": [
          10.75989,
          33.71523
        ]
      },
      "properties": {
        "Nom du site FR": "Mosquée Boubarnouss",
        "Nom du site arabe": "مسجد بوبارنوس",
        "Catégorie": "Mosquée",
        "Zone": "Ajim",
        "Source": null,
        "HW_ID": "HW-01K77WPE6PC9G02W8SX1JZX2HC",
        "info_gpx": "Ancienne mosquée ibadite wahbite rénovée récemment.",
        "accessPoint": [
          10.7596042,
          33.7150917
        ]
      }
    },
    {
      "type": "Feature",
      "geometry": {
        "type": "Point",
        "coordinates": [
          10.756444,
          33.721111
        ]
      },
      "properties": {
        "Nom du site FR": "Mosquée Ben Abbas",
        "Nom du site arabe": "مسجد بن عباس",
        "Catégorie": "Mosquée",
        "Zone": "Ajim",
        "Source": "https://arachne.dainst.org/entity/7043417?fl=20&q=connectedEntities:7343375&resultIndex=1",
        "HW_ID": "HW-01K77WPE6PKFFHK53AA0880TBZ",
        "description": "Mosquée urbaine, de forme irrégulière, comprenant une école coranique. Sa superficie est de 2500 M². Plusieurs accès permettent d'accéder à la cour qui comporte deux majel (Puits). La salle de prière est située en son centre.",
        "info_gpx": "Mosquée ibadite wahbite construite en 1046 de l’hégire, soit en 1637 de notre ère",
        "accessPoint": [
          10.7563595,
          33.7211752
        ]
      }
    },
    {
      "type": "Feature",
      "geometry": {
        "type": "Point",
        "coordinates": [
          10.747509,
          33.735889
        ]
      },
      "properties": {
        "Nom du site FR": "Mosquée Ettouil",
        "Nom du site arabe": "جامع بازين",
        "Catégorie": "Mosquée",
        "Zone": "Ajim",
        "Source": "https://fr.wikipedia.org/wiki/Fichier:Mosqu%C3%A9e_Ettouil_01.jpg",
        "HW_ID": "HW-01K77WPE6PG0DA193W44FBQAHQ",
        "description": "Décrite par chatGPT au départ de l'image sur Wikimedia Commons : L’édifice est blanc à dominante sobre, avec un minaret carré visible, dans un angle du bâtiment. Le bâtiment principal est de plan rectangulaire, à toit plat ou très légèrement incliné (les photos ne montrent pas de grandes coupoles). Le portail d’entrée est modeste, intégré dans le mur extérieur — pas de portails monumentaux visibles. L’ensemble est simple, sans décorations ostentatoires, typique d’une architecture utilitaire du culte, avec des lignes épurées. Le minaret a des proportions relativement élancées par rapport au corps de la mosquée, avec des ouvertures ajourées visibles dans les étages supérieurs. Le bâtiment semble bien entretenu, sans ruines visibles depuis la prise de vue.",
        "info_gpx": "Mosquée ibadite wahbite dont la date de construction estimée se situe aux environs du 17ème siècle, entre 1680 et 1720.\nMonument historique classé (INP, 2022).",
        "accessPoint": [
          10.7477664,
          33.7358913
        ]
      }
    },
    {
      "type": "Feature",
      "geometry": {
        "type": "Point",
        "coordinates": [
          10.751489,
          33.725446
        ]
      },
      "properties": {
        "Nom du site FR": "Mosquée El Fguira",
        "Nom du site arabe": "مسجد الفقيرة",
        "Catégorie": "Mosquée",
        "Zone": "Ajim",
        "Source": null,
        "HW_ID": "HW-01K77WPE6PGSGH7AWKFRACMNSJ",
        "info_gpx": "Mosquée ibadite wahbite construite en 1117 de l’hégire, soit 1705 de notre ère",
        "accessPoint": [
          10.7513859,
          33.7253274
        ]
      }
    },
    {
      "type": "Feature",
      "geometry": {
        "type": "Point",
        "coordinates": [
          10.750008,
          33.72404
        ]
      },
      "properties": {
        "Nom du site FR": "Lieu de Tournage Star Wars – Cantina Extérieure",
        "Nom du site arabe": "بقايا مخبز – موقع كانتينا موس آيسلي الخارجي",
        "Catégorie": "Curiosité",
        "Zone": "Ajim",
        "Source": null,
        "HW_ID": "HW-01K77WPE6PRETC07TQDNMAG54C",
        "info_gpx": "Un des lieux de tournage de Star Wars",
        "accessPoint": [
          10.7499187,
          33.7239626
        ]
      }
    },
    {
      "type": "Feature",
      "geometry": {
        "type": "Point",
        "coordinates": [
          10.748454,
          33.724257
        ]
      },
      "properties": {
        "Nom du site FR": "Mosquée El Hawanit",
        "Nom du site arabe": "جامع الحوانيت",
        "Catégorie": "Mosquée",
        "Zone": "Ajim",
        "Source": null,
        "HW_ID": "HW-01K77WPE6P7XZY555VW8YDAVA0",
        "info_gpx": "Ancienne mosquée ibadite wahbite dont la construction remonte à 1040/1050 de l'hégire, soit au 17ème siècle de notre ère (1630/1640) avant d'être agandie au 19ème siècle\n",
        "accessPoint": [
          10.7486388,
          33.724285
        ]
      }
    },
    {
      "type": "Feature",
      "geometry": {
        "type": "Point",
        "coordinates": [
          10.744464,
          33.720513
        ]
      },
      "properties": {
        "Nom du site FR": "Oratoire Al Battah",
        "Nom du site arabe": "خطبة البطاح",
        "Catégorie": "Mosquée",
        "Zone": "Ajim",
        "Source": null,
        "HW_ID": "HW-01K77WPE6P30E9MGC3BE3KYHP6",
        "description": "A vérifier sur place",
        "info_gpx": "A chercher, aucune info sur le net",
        "accessPoint": [
          10.7446046,
          33.7205176
        ]
      }
    },
    {
      "type": "Feature",
      "geometry": {
        "type": "Point",
        "coordinates": [
          10.735,
          33.74086
        ]
      },
      "properties": {
        "Nom du site FR": "Mosquée Amghar",
        "Nom du site arabe": "مسجد أمغار",
        "Catégorie": "Mosquée",
        "Zone": "Ajim",
        "Source": "https://routes.discovertunisia.com/storymap/data/download/Site_08_Mosqu%C3%A9e%20Amghar.pdf",
        "HW_ID": "HW-01K77WPE6PN0QBJJWTRH1X9CJH",
        "description": "La mosquée, qui cotoie la mer, a perdu sa fonctione religieuse et sert maintenant d'abri aux pècheurs. Elle a également servi de décor pour la \"Maison de Ben\" (Obi-Wan Kenobi en 1976. Un de ses murs externes est recouvert d'une fresque Invader représentant Obi-Wan-Kenobi",
        "info_gpx": "Ancienne mosquée servant aujourd'hui d'abri poour les pêcheurs. A servi de décor dans la saga Star Wars. Fresque Invader sur un de ses murs"
      }
    },
    {
      "type": "Feature",
      "geometry": {
        "type": "Point",
        "coordinates": [
          10.74423,
          33.71986
        ]
      },
      "properties": {
        "Nom du site FR": "Fort Borj Ajim",
        "Nom du site arabe": "مرسى و برج أجيم",
        "Catégorie": "Site historique",
        "Zone": "Ajim",
        "Source": "https://www.uib.com.tn/accueil/pages-intermediaires/les-forts-de-djerba-un-patrimoine-fragile",
        "HW_ID": "HW-01K77WPE6PGWRVHZ8H8CTQJ06X",
        "description": "Borj Ajim défend un mouillage profond au sud de Djerba et a été édifié au milieu du seizième siècle par Dragut. Fortement armé, ce fort disposait de deux bastions et d'une tobjia, autrement dit une plateforme d'artillerie. Ceci s'explique par le fait qu'Ajim, face au Djorf, est le seul mouillage qui permet le passage de bateaux de grand tonnage.",
        "info_gpx": "L'accès est restreint et demande des autorisations",
        "accessPoint": [
          10.7443497,
          33.7197495
        ]
      }
    },
    {
      "type": "Feature",
      "geometry": {
        "type": "Point",
        "coordinates": [
          10.85689,
          33.877656
        ]
      },
      "properties": {
        "Nom du site FR": "Mosquée El Cheikh",
        "Nom du site arabe": "مسجد الشيخ",
        "Catégorie": "Mosquée",
        "Zone": "Taourit",
        "Source": "https://djerba-insolite.com/blog/mosque-el-cheikh",
        "HW_ID": "HW-01K77WPE6P5C0194DPJWYMX9C1",
        "description": "Mosquée ibadite construite aux environs de l'année 1548 sous l'ordre du Cheikh Abu Afif Saleh bin Yahya bin Sulaiman Samomani. Un des pricnipaux lieux de culte à Houmt Souk. De forme rectangualire, la salle de prières est couverte par pas moins de 42 coupoles. Un minaret surmonté d'un lanterneau, typique de ce type de mosquée est situé sur la droite.",
        "accessPoint": [
          10.8566537,
          33.8776151
        ],
        "Sous-type": "À minaret",
        "État": "En activité",
        "Accès": "Non visitable",
        "photos": [
          "photos/poi_HW-01K77WPE6P5C0194DPJWYMX9C1_1780460097295.jpg",
          "photos/poi_HW-01K77WPE6P5C0194DPJWYMX9C1_1780460099085.jpg",
          "photos/poi_HW-01K77WPE6P5C0194DPJWYMX9C1_1780460100832.jpg",
          "photos/poi_HW-01K77WPE6P5C0194DPJWYMX9C1_1780460102865.jpg"
        ]
      }
    },
    {
      "type": "Feature",
      "geometry": {
        "type": "Point",
        "coordinates": [
          10.945768,
          33.820257
        ]
      },
      "properties": {
        "Nom du site FR": "Mosquée du Caïd",
        "Nom du site arabe": "جامع القايد",
        "Catégorie": "Mosquée",
        "Zone": "Sedghaiane",
        "Source": "http://palaisbenayed.com/mosquee-du-caid-hmida-ben-ayed-%D8%AC%D8%A7%D9%85%D8%B9-%D8%A7%D9%84%D9%82%D8%A7%D9%8A%D8%AF-%D8%AD%D9%85%D9%8A%D8%AF%D8%A9-%D8%A8%D9%86-%D8%B9%D9%8A%D8%A7%D8%AF",
        "HW_ID": "HW-01K77WPE6P9JFRW9XXGN7P7FPX",
        "description": "Mosquée, ou plutôt Medersa, édifiée en 1785 par Le caïd et Général Hmida Ben Kassem Ben Ayed. A noter, un jeu de piste à télécharger sur le site source.",
        "accessPoint": [
          10.9458679,
          33.8203182
        ]
      }
    },
    {
      "type": "Feature",
      "geometry": {
        "type": "Point",
        "coordinates": [
          11.016661,
          33.816849
        ]
      },
      "properties": {
        "Nom du site FR": "Mosquée Ennasr",
        "Nom du site arabe": "مسجد سيدي سفيان",
        "Catégorie": "Mosquée",
        "Zone": "Midoun",
        "Source": "http://palaisbenayed.com/wp-content/uploads/2021/03/r%C3%A9pertoire-des-mosqu%C3%A9es-de-Djerba.pdf",
        "HW_ID": "HW-01K77WPE6QJNV1Q83SBNFKC88M",
        "Prix_TND": 0,
        "Sous-type": "À minaret",
        "État": "En activité",
        "Accès": "Non visitable",
        "description": "Mosquée Yati dit Nasser selon le répertoire de mosquées de Jalel Fatallah",
        "Temps_minutes": 0,
        "Téléphone": "",
        "Horaires": "",
        "Facebook": "",
        "accessPoint": [
          11.0169281,
          33.8169265
        ],
        "info_gpx": "",
        "verified": false,
        "introuvableCarte": false
      }
    },
    {
      "type": "Feature",
      "geometry": {
        "type": "Point",
        "coordinates": [
          10.942111,
          33.796302
        ]
      },
      "properties": {
        "Nom du site FR": "Mosquée El Mahrab",
        "Nom du site arabe": "مسجد المحراب",
        "Catégorie": "Mosquée",
        "Zone": "El May",
        "Source": null,
        "HW_ID": "HW-01K77WPE6QK25S6E6T5BG94JEM",
        "description": "Vue sur l'image satelite de Google Maps. Nom à vérifier",
        "accessPoint": [
          10.9423444,
          33.7961877
        ]
      }
    },
    {
      "type": "Feature",
      "geometry": {
        "type": "Point",
        "coordinates": [
          10.975806,
          33.803611
        ]
      },
      "properties": {
        "Nom du site FR": "Mosquée Al Hidaya",
        "Nom du site arabe": "مسجد الهداية",
        "Catégorie": "Mosquée",
        "Zone": "Midoun",
        "Source": null,
        "HW_ID": "HW-01K77WPE6QR67710KWTHBD0C6V",
        "accessPoint": [
          10.9756422,
          33.8037744
        ]
      }
    },
    {
      "type": "Feature",
      "geometry": {
        "type": "Point",
        "coordinates": [
          10.938639,
          33.718389
        ]
      },
      "properties": {
        "Nom du site FR": "Mausolée Ghardaïa",
        "Nom du site arabe": "معبد وضريح غرداية",
        "Catégorie": "Site historique",
        "Zone": "Sedouikech",
        "Source": null,
        "HW_ID": "HW-01K77WPE6Q4P5NBGTBKW79MMJT",
        "description": "Temple mausolée",
        "accessPoint": [
          10.9384042,
          33.7183089
        ]
      }
    },
    {
      "type": "Feature",
      "geometry": {
        "type": "Point",
        "coordinates": [
          10.99425,
          33.822139
        ]
      },
      "properties": {
        "Nom du site FR": "Mosque Sidi Sofiane",
        "Nom du site arabe": "مسجد سيدي سفيان",
        "Catégorie": "Mosquée",
        "Zone": "Midoun",
        "Source": null,
        "HW_ID": "HW-01K77WPE6Q0QEE8APATRE5K4MS",
        "info_gpx": "Mosquée d’une grande cohérence architecturale, typique des mosquées ibadites de Djerba ayant évolué au fil des siècles.",
        "accessPoint": [
          10.9938779,
          33.8221935
        ]
      }
    },
    {
      "type": "Feature",
      "geometry": {
        "type": "Point",
        "coordinates": [
          11.016861,
          33.802417
        ]
      },
      "properties": {
        "Nom du site FR": "Mosquée Moulay Taïeb",
        "Nom du site arabe": "مسجد مولاي الطيب",
        "Catégorie": "Mosquée",
        "Zone": "Arkou",
        "Source": null,
        "HW_ID": "HW-01K77WPE6QGFPEGPTZ1G59C9FZ",
        "accessPoint": [
          11.0168106,
          33.8026537
        ]
      }
    },
    {
      "type": "Feature",
      "geometry": {
        "type": "Point",
        "coordinates": [
          10.967616,
          33.680893
        ]
      },
      "properties": {
        "Nom du site FR": "Mosquée Sidi Mensil",
        "Nom du site arabe": "مسجد سيدي منسيل",
        "Catégorie": "Mosquée",
        "Zone": "Sedouikech",
        "Source": null,
        "HW_ID": "HW-01K77WPE6Q8F3RTEJT1892FPNK",
        "description": "Trace d'un bâtiment sans nom sur OSM. A confirmer."
      }
    },
    {
      "type": "Feature",
      "geometry": {
        "type": "Point",
        "coordinates": [
          11.013472,
          33.805472
        ]
      },
      "properties": {
        "Nom du site FR": "Mosquée Bouziri",
        "Nom du site arabe": "جامع بوزيري",
        "Catégorie": "Mosquée",
        "Zone": "Arkou",
        "Source": null,
        "HW_ID": "HW-01K77WPE6QS9TJZYHXPSJKW47P",
        "accessPoint": [
          11.0134285,
          33.8053256
        ]
      }
    },
    {
      "type": "Feature",
      "geometry": {
        "type": "Point",
        "coordinates": [
          10.86569,
          33.88128
        ]
      },
      "properties": {
        "Nom du site FR": "La Sirène de Djerba",
        "Nom du site arabe": "تمثال حورية البحر في جربة",
        "Catégorie": "Curiosité",
        "Zone": "Taourit",
        "Source": "https://flamingo-djerba.com/lieux-a-visiter.html",
        "HW_ID": "HW-01K77WPE6Q670Z1X2VY3ZKFP8E",
        "description": "À l’extrémité du port de pêche de Houmt Souk, une statue en béton blanc représente une sirène brandissant une coquille, tournée vers la mer. Connue localement sous le nom de La Sirène de Djerba, l’œuvre est également référencée dans les guides anglophones comme Ulysses’s Mermaid. Installée sur un socle circulaire à proximité du phare, cette sculpture sert de repère maritime et photographique pour les visiteurs du port. Son emplacement n’est pas anodin : il évoque le lien millénaire entre Djerba et la mer, ainsi que la légende d’Ulysse, souvent associée à l’île depuis l’Antiquité. La statue actuelle, de facture contemporaine, est visible sur les images satellites depuis le début des années 2000. Elle a été réalisée en ciment peint et pierre reconstituée, sans signature connue, probablement à l’initiative municipale dans le cadre d’un aménagement touristique du front de mer. Du quai, on aperçoit la sirène se détachant sur le bleu de la Méditerranée, entre les barques de pêche et les goélands : un symbole discret mais bien ancré de la Djerba maritime, oscillant entre mythologie grecque et fierté insulaire.",
        "info_gpx": "Sculpture de la sirène de Djerba, également appelée \"Ulysses’s Mermaid\" dans les guides anglophones"
      }
    },
    {
      "type": "Feature",
      "geometry": {
        "type": "Point",
        "coordinates": [
          10.853667,
          33.820999
        ]
      },
      "properties": {
        "Nom du site FR": "Mosquée El Aakel",
        "Nom du site arabe": "جامع العاقل",
        "Catégorie": "Mosquée",
        "Zone": "Erriadh",
        "Source": null,
        "HW_ID": "HW-01K77WPE6QQH5FMV0T3V4A7MCD"
      }
    },
    {
      "type": "Feature",
      "geometry": {
        "type": "Point",
        "coordinates": [
          10.85725,
          33.887889
        ]
      },
      "properties": {
        "Nom du site FR": "Port de pêche",
        "Nom du site arabe": "ميناء الصيد",
        "Catégorie": "Curiosité",
        "Zone": "Taourit",
        "Source": "https://guide-voyage-tunisie.com/le-port-et-la-marina/",
        "HW_ID": "HW-01K77WPE6Q38XR19W8H70JP4AK",
        "description": "Le port de pêche de Houmt Souk est le cœur battant de l'activité maritime de la région. La criée aux poissons, dont la tradition remonte à plusieurs siècles, est une expérience à vivre. Juste à côté, on trouve la Marina où le charme traditionnel rencontre la modernité. On y trouve, outre des restaurants et café pittoresques, le départ d'excursion en bâteau piratepirates",
        "info_gpx": "Port de pêche, criée aux poissons, cafés et restaurant, sans oublier le point de départ d'excursions en bâteau pirate",
        "accessPoint": [
          10.8571019,
          33.8880073
        ]
      }
    },
    {
      "type": "Feature",
      "geometry": {
        "type": "Point",
        "coordinates": [
          10.991508,
          33.807992
        ]
      },
      "properties": {
        "Nom du site FR": "Mosquée Ben Aissa",
        "Nom du site arabe": "مسجد بن عيسى",
        "Catégorie": "Mosquée",
        "Zone": "Arkou",
        "Source": null,
        "HW_ID": "HW-01K77WPE6QN6S4TSGEZQ6DQGXA",
        "accessPoint": [
          10.9913968,
          33.8081675
        ]
      }
    },
    {
      "type": "Feature",
      "geometry": {
        "type": "Point",
        "coordinates": [
          10.9525,
          33.759417
        ]
      },
      "properties": {
        "Nom du site FR": "Mosquée El-Hussein",
        "Nom du site arabe": "مسجد الحسين",
        "Catégorie": "Mosquée",
        "Zone": "Beni Maaguel",
        "Source": null,
        "HW_ID": "HW-01K77WPE6QE5NJP25N8WEWSR03",
        "description": "Située à Beni Maaguel",
        "accessPoint": [
          10.9523365,
          33.7594956
        ]
      }
    },
    {
      "type": "Feature",
      "geometry": {
        "type": "Point",
        "coordinates": [
          10.929111,
          33.87025
        ]
      },
      "properties": {
        "Nom du site FR": "Mosquée El-Moustiri",
        "Nom du site arabe": "جامع المستيري",
        "Catégorie": "Mosquée",
        "Zone": "Mazraia",
        "Source": null,
        "HW_ID": "HW-01K77WPE6QEKDE45N0B9HGYZ0W",
        "description": "Sutuées à Ghizen. Infos à rechercher."
      }
    },
    {
      "type": "Feature",
      "geometry": {
        "type": "Point",
        "coordinates": [
          10.824582,
          33.791596
        ]
      },
      "properties": {
        "Nom du site FR": "Mosquée El Touil",
        "Nom du site arabe": "الجامع الطويل",
        "Catégorie": "Mosquée",
        "Zone": "Oued Ezzebib",
        "Source": null,
        "HW_ID": "HW-01K77WPE6Q8D5BKFN1PMA6APBZ",
        "description": "Infos à rechercher",
        "accessPoint": [
          10.8248572,
          33.7915205
        ]
      }
    },
    {
      "type": "Feature",
      "geometry": {
        "type": "Point",
        "coordinates": [
          10.961611,
          33.747889
        ]
      },
      "properties": {
        "Nom du site FR": "Mosquée El Moghzel",
        "Nom du site arabe": "جامع مغزل",
        "Catégorie": "Mosquée",
        "Zone": "Sedouikech",
        "Source": "https://www.facebook.com/reel/1357121528501043",
        "HW_ID": "HW-01K77WPE6R3GZWK8NSTPF441RW",
        "description": "Mosquée ibadite située à Houmt Beni Maaguel, près du littoral est de l’île de Djerba. Construite probablement avant le XVIIe siècle, elle a joué un rôle crucial dans le système défensif de l’île. Longtemps abandonnée,",
        "accessPoint": [
          10.9613696,
          33.7477279
        ]
      }
    },
    {
      "type": "Feature",
      "geometry": {
        "type": "Point",
        "coordinates": [
          10.916908,
          33.750723
        ]
      },
      "properties": {
        "Nom du site FR": "Mosquée de Benian",
        "Nom du site arabe": "جامع بنيان",
        "Catégorie": "Mosquée",
        "Zone": "Sedouikech",
        "Source": null,
        "HW_ID": "HW-01K77WPE6R9A1BAASW9SGFA97P",
        "description": "Infos à rechercher, nom à confirmer.",
        "accessPoint": [
          10.9170677,
          33.7510099
        ]
      }
    },
    {
      "type": "Feature",
      "geometry": {
        "type": "Point",
        "coordinates": [
          10.920639,
          33.746333
        ]
      },
      "properties": {
        "Nom du site FR": "Mosquée Bouregba",
        "Nom du site arabe": "جامع بورقبة",
        "Catégorie": "Mosquée",
        "Zone": "Sedouikech",
        "Source": "https://galaxytours.com/starwars-tunisia-recce-sites/bouregba-mosque/",
        "HW_ID": "HW-01K77WPE6RX8ZV4MNNEZ6QAR1B",
        "description": "Mosquée de type Ibadite, construite au 19ème siècle. Envisagée mais non retenue comme lieu de tournage de Star Wars (1975). Elle comprend, entre autres, un atelier de tissage",
        "accessPoint": [
          10.9207942,
          33.7465823
        ]
      }
    },
    {
      "type": "Feature",
      "geometry": {
        "type": "Point",
        "coordinates": [
          10.747667,
          33.72475
        ]
      },
      "properties": {
        "Nom du site FR": "Mosquée Neuve",
        "Nom du site arabe": "جامع الجديد",
        "Catégorie": "Mosquée",
        "Zone": "Ajim",
        "Source": null,
        "HW_ID": "HW-01K77WPE6RHDAFAXAA92EFT8GY",
        "info_gpx": "Mosquée malékite construite au 20ème siècle",
        "accessPoint": [
          10.7477899,
          33.7245839
        ]
      }
    },
    {
      "type": "Feature",
      "geometry": {
        "type": "Point",
        "coordinates": [
          10.967611,
          33.850861
        ]
      },
      "properties": {
        "Nom du site FR": "Mosquée Haouari",
        "Nom du site arabe": "جامع الهواري",
        "Catégorie": "Mosquée",
        "Zone": "Mazraia",
        "Source": "https://fr.wikipedia.org/wiki/Mezraya",
        "HW_ID": "HW-01K77WPE6RCC0S7XMA08ES9BDD",
        "description": "La mosquée Haouari, également connue sous le nom de mosquée Sidi Ghrib, se situe à Mezraya, non loin de la route reliant Midoun au littoral. D’après la tradition rapportée par Wikipédia, elle aurait été fondée par le cheikh Ilyes Haouari, un savant ayant passé une partie de sa jeunesse à l’étranger, ce qui expliquerait le surnom de Sidi Ghrib — littéralement “le saint venu de loin”. Vue du ciel, la mosquée forme un vaste complexe à plusieurs cours et annexes, typique des mosquées communautaires ibadites de Djerba. On distingue nettement une grande salle de prière couverte de coupoles hémisphériques alignées en files régulières — douze au total, selon la lecture satellite —, un plan qui évoque la période de transition entre les modèles ruraux à coupoles multiples et les architectures plus organisées des mosquées centrales. Les façades extérieures, entièrement chaulées de blanc, se détachent sous le ciel bleu, tandis que les portes et fenêtres peintes en bleu vif rappellent la palette traditionnelle de Djerba. Le minaret, élancé et carré, domine la cour principale, surmonté d’un petit lanternon pyramidal — une signature visuelle des mosquées djerbiennes restaurées au XXème siècle. À l’intérieur, la forêt d’arcs brisés soutenant les coupoles forme un espace rythmé, à la fois sobre et majestueux. Les revêtements de sol tressés et les boiseries basses renforcent le caractère à la fois ancien et vivant du lieu. Enfin, la présence d’un cimetière attenant, visible à l’est, et d’une zaouïa ou école coranique voisine souligne l’importance du site comme centre spirituel historique de la communauté de Mezraya.",
        "info_gpx": "Egalement connue sous le nom de mosquée Sidi Ghrib dont l'architecture évoque la période de transition entre les modèles ruraux à coupoles multiples et cellesplus organisées des mosquées centrales.",
        "accessPoint": [
          10.9674979,
          33.8507302
        ]
      }
    },
    {
      "type": "Feature",
      "geometry": {
        "type": "Point",
        "coordinates": [
          10.852032,
          33.827913
        ]
      },
      "properties": {
        "Nom du site FR": "Mosquée El Aagel",
        "Nom du site arabe": "جامع العاقل",
        "Catégorie": "Mosquée",
        "Zone": "Erriadh",
        "Source": null,
        "HW_ID": "HW-01K77WPE6RM4YJB23YX7AD522S",
        "description": "Egalement appelée Mosquée de l’ʿAguel. La zaouïa Jdi Saïd serait attenante. Infos à rechercher.",
        "accessPoint": [
          10.8522613,
          33.8280272
        ]
      }
    },
    {
      "type": "Feature",
      "geometry": {
        "type": "Point",
        "coordinates": [
          10.925007,
          33.712908
        ]
      },
      "properties": {
        "Nom du site FR": "Mosquée de Talbet",
        "Nom du site arabe": "مسجد طالبت",
        "Catégorie": "Mosquée",
        "Zone": "Sedouikech",
        "Source": null,
        "HW_ID": "HW-01K77WPE6R1ZH8B0JTAF5HKXPG",
        "description": "Mosquée (de Talbet ?) située à Sedghiane, nom à vérifier et infos à chercher",
        "accessPoint": [
          10.9249925,
          33.7126979
        ]
      }
    },
    {
      "type": "Feature",
      "geometry": {
        "type": "Point",
        "coordinates": [
          10.865582,
          33.865364
        ]
      },
      "properties": {
        "Nom du site FR": "Mosquée Ar-Rahma",
        "Nom du site arabe": "جامع الرحمة",
        "Catégorie": "Mosquée",
        "Zone": "Essouani",
        "Source": null,
        "HW_ID": "HW-01K77WPE6RK8MBMVETZV9353S6",
        "description": "Infos à rechercher",
        "accessPoint": [
          10.8658956,
          33.8652906
        ]
      }
    },
    {
      "type": "Feature",
      "geometry": {
        "type": "Point",
        "coordinates": [
          10.774333,
          33.787702
        ]
      },
      "properties": {
        "Nom du site FR": "Mosquée Boulimen",
        "Nom du site arabe": "مسجد بُوليمين",
        "Catégorie": "Mosquée",
        "Zone": "El Groa",
        "Source": null,
        "HW_ID": "HW-01K77WPE6RQNBBQXWYACNJTRAC",
        "photos": [
          "photos/poi_HW-01K77WPE6RQNBBQXWYACNJTRAC_1780463706184.jpg",
          "photos/poi_HW-01K77WPE6RQNBBQXWYACNJTRAC_1780463708451.jpg"
        ],
        "description": "Infos à rechercher - Correspond à ce qu’OSM/Nominatim associe à Ouled Ali Boulimen – El Groa, et elle apparaît aussi dans certaines cartes locales comme Mosquée Boulimen",
        "accessPoint": [
          10.7746607,
          33.7875455
        ],
        "Sous-type": "À minaret",
        "État": "En activité",
        "Accès": "Non visitable"
      }
    },
    {
      "type": "Feature",
      "geometry": {
        "type": "Point",
        "coordinates": [
          10.911577,
          33.746334
        ]
      },
      "properties": {
        "Nom du site FR": "Mosquée Tmasset",
        "Nom du site arabe": "جامع تمسّت",
        "Catégorie": "Mosquée",
        "Zone": "Sedouikech",
        "Source": null,
        "HW_ID": "HW-01K77WPE6RN50H0B51NPN1GECK",
        "description": "Nom à confirmer. Située à Tmasset. Infos à rechercher.",
        "accessPoint": [
          10.9114672,
          33.746505
        ]
      }
    },
    {
      "type": "Feature",
      "geometry": {
        "type": "Point",
        "coordinates": [
          10.892889,
          33.781407
        ]
      },
      "properties": {
        "Nom du site FR": "Mosquée Robbana",
        "Nom du site arabe": "جامع روبانة",
        "Catégorie": "Mosquée",
        "Zone": "Robbana",
        "Source": null,
        "HW_ID": "HW-01K77WPE6RR5DT6GBCGYFDHXJS",
        "description": "Nom provisoire. Située à Robbana. Infos à rechercher.",
        "accessPoint": [
          10.8931267,
          33.7813377
        ]
      }
    },
    {
      "type": "Feature",
      "geometry": {
        "type": "Point",
        "coordinates": [
          10.938527,
          33.857842
        ]
      },
      "properties": {
        "Nom du site FR": "Mosquée El Haj Amor",
        "Nom du site arabe": "جامع الحاج عمر",
        "Catégorie": "Mosquée",
        "Zone": "Mazraia",
        "Source": null,
        "HW_ID": "HW-01K77WPE6SGS36CX14YZ6N38ZG",
        "info_gpx": "Petit édifice isolé, implanté sur une légère élévation du terrain, à proximité d’un axe secondaire. Sa morphologie évoque les mosquées rurales djerbiennes à plan simple et fonctionnel.",
        "accessPoint": [
          10.9384443,
          33.8579363
        ]
      }
    },
    {
      "type": "Feature",
      "geometry": {
        "type": "Point",
        "coordinates": [
          10.902472,
          33.854528
        ]
      },
      "properties": {
        "Nom du site FR": "Mosquée Mazlin",
        "Nom du site arabe": "جامع مزلين",
        "Catégorie": "Mosquée",
        "Zone": "Mazraia",
        "Source": null,
        "HW_ID": "HW-01K77WPE6S9HZ3NW8MK3ME35XW",
        "description": "Située à Mazline. Egalement appelée Jamaa Ben Mazlin. Infos à rechercher",
        "accessPoint": [
          10.902384,
          33.8542592
        ]
      }
    },
    {
      "type": "Feature",
      "geometry": {
        "type": "Point",
        "coordinates": [
          10.81661,
          33.81183
        ]
      },
      "properties": {
        "Nom du site FR": "Mosquée Ben Biène",
        "Nom du site arabe": "مسجد بن بيان",
        "Catégorie": "Mosquée",
        "Zone": "El Groa",
        "Source": null,
        "HW_ID": "HW-01K77WPE6SYZ3CNCV0GXBV0MYX",
        "description": "Site troglodityque, Ghar Mjemmaj à proximité immédiate. Infos à rechercher.",
        "accessPoint": [
          10.8164416,
          33.8118132
        ]
      }
    },
    {
      "type": "Feature",
      "geometry": {
        "type": "Point",
        "coordinates": [
          10.945969,
          33.824055
        ]
      },
      "properties": {
        "Nom du site FR": "Mosquée rurale",
        "Nom du site arabe": "مسجد ريفي",
        "Catégorie": "Mosquée",
        "Zone": "Sedghaiane",
        "Source": null,
        "HW_ID": "HW-01K77WPE6SFRMMS2GS11D6JXR5",
        "description": "Mosquée sans nom sur Google Mapa, située à Mezraya.",
        "info_gpx": "Mosquée ? Marabout ? A voir sur place",
        "accessPoint": [
          10.9463809,
          33.8241266
        ]
      }
    },
    {
      "type": "Feature",
      "geometry": {
        "type": "Point",
        "coordinates": [
          10.946077,
          33.855691
        ]
      },
      "properties": {
        "Nom du site FR": "Marabout Cheikh Yahia El Izmartni",
        "Nom du site arabe": "الشيخ يحيى الإزمرتني",
        "Catégorie": "Mosquée",
        "Zone": "Mazraia",
        "Source": null,
        "HW_ID": "HW-01K77WPE6SJ6F4XB4CC3W6YNSG",
        "description": "Marabout. A vérifier.",
        "accessPoint": [
          10.9460662,
          33.8555339
        ]
      }
    },
    {
      "type": "Feature",
      "geometry": {
        "type": "Point",
        "coordinates": [
          10.77829,
          33.68382
        ]
      },
      "properties": {
        "Nom du site FR": "Mosquée Teghlissa",
        "Nom du site arabe": "جامع تغليصه",
        "Catégorie": "Mosquée",
        "Zone": "Hors zone",
        "Source": null,
        "Temps_minutes": null,
        "Prix_TND": null,
        "Téléphone": null,
        "Horaires": null,
        "verified": false,
        "HW_ID": "HW-01K77WPE6SQ294ZTDM1HZ3ASFR",
        "description": "Ancienne mosquée Ibadite, en ruine, située sur un ilot accessible à pied.",
        "info_gpx": "Mosquée située sur un petit ilot. Accessible par la piste menant aux pêcheries modèles de Djerba, juste avant la langue de sable sud."
      }
    },
    {
      "type": "Feature",
      "geometry": {
        "type": "Point",
        "coordinates": [
          10.857515,
          33.885134
        ]
      },
      "properties": {
        "Nom du site FR": "Tour des crânes",
        "Nom du site arabe": "برج الجمجمة",
        "Catégorie": "Curiosité",
        "Zone": "Taourit",
        "Source": "https://fr.wikipedia.org/wiki/Bataille_de_Djerba",
        "HW_ID": "HW-4KDVBOTPXFYVRIW9IEE46G09VG",
        "description": "Obélisque édifié en 1906 à l'emplacement de la Tour des crânes, également nommée Borj-Er-Rous Celle-ci avait été érigée par Dragut suite à la bataille entre Ottomans et les forces chrétiennes le 11 mai 1560. Elle fût détruite en 1840 sur ordre de Ahmed Ier, bey de Tunis. Les restes humains fûrent enterrés dans le cimetière catholique de Houmt Souk.",
        "info_gpx": "Obélisque édifié en 1906, à l'emplacement de la tour des crânes composée de 6000 crânes et d'ossements selon les récits"
      }
    },
    {
      "type": "Feature",
      "geometry": {
        "type": "Point",
        "coordinates": [
          10.999861,
          33.791639
        ]
      },
      "properties": {
        "Nom du site FR": "Mausolée Omi Mené",
        "Nom du site arabe": "قبر أمي منى",
        "Catégorie": "Mosquée",
        "Zone": "Arkou",
        "Source": null,
        "HW_ID": "HW-AGVY6BXAX7HLGFO3CKDXA9DCML",
        "accessPoint": [
          10.9997186,
          33.7916307
        ]
      }
    },
    {
      "type": "Feature",
      "geometry": {
        "type": "Point",
        "coordinates": [
          10.990437269210817,
          33.75993763630792
        ]
      },
      "properties": {
        "Nom du site FR": "Mosquée Al-Hajar",
        "Nom du site arabe": "جامع القبلي",
        "Catégorie": "Mosquée",
        "Zone": "Arkou",
        "Source": null,
        "HW_ID": "HW-PWQM8ZZC2LR7PF4UTX73MGTM21",
        "Prix_TND": 0,
        "description": "Mosquée dont il ne reste que peu de traces, proche de la mosquée Al-Qibli",
        "info_gpx": "Quelques vestige de mosquée",
        "accessPoint": [
          10.9902354,
          33.7600274
        ]
      }
    },
    {
      "type": "Feature",
      "geometry": {
        "type": "Point",
        "coordinates": [
          10.953778,
          33.820722
        ]
      },
      "properties": {
        "Nom du site FR": "Mosquée El Jadid",
        "Nom du site arabe": "جامع الجديد",
        "Catégorie": "Mosquée",
        "Zone": "Sedghaiane",
        "Source": null,
        "HW_ID": "HW-01KJABRN0J9FDDEKWKYWHQWE3P",
        "accessPoint": [
          10.9537821,
          33.8209444
        ]
      }
    },
    {
      "type": "Feature",
      "geometry": {
        "type": "Point",
        "coordinates": [
          10.92411,
          33.687226
        ]
      },
      "properties": {
        "Nom du site FR": "Citernes romaines de Meninx",
        "Nom du site arabe": "الخزانات الرومانية",
        "Catégorie": "Site historique",
        "Zone": "Sedouikech",
        "Source": null,
        "HW_ID": "HW-01KJABRN0KWM7Z2QZ124W3X09R",
        "accessPoint": [
          10.9242885,
          33.6869877
        ]
      }
    },
    {
      "type": "Feature",
      "geometry": {
        "type": "Point",
        "coordinates": [
          10.92525,
          33.688139
        ]
      },
      "properties": {
        "Nom du site FR": "Théâtre Romain de Meninx",
        "Nom du site arabe": "المسرح الروماني بالمنينكس",
        "Catégorie": "Site historique",
        "Zone": "Sedouikech",
        "Source": null,
        "HW_ID": "HW-01KJABRN0KCKZMYXY1DGZBH05D",
        "accessPoint": [
          10.9255748,
          33.6879057
        ]
      }
    },
    {
      "type": "Feature",
      "geometry": {
        "type": "Point",
        "coordinates": [
          10.87100923061371,
          33.729394601860776
        ]
      },
      "properties": {
        "HW_ID": "HW-01KJABRN0MBB7C5ZJ2MQ5C1C9P",
        "Nom du site FR": "Restaurant Cobry",
        "Nom du site AR": "",
        "Catégorie": "Restaurant",
        "Zone": "Guellala"
      }
    },
    {
      "type": "Feature",
      "geometry": {
        "type": "Point",
        "coordinates": [
          11.037467122077944,
          33.77354239374834
        ]
      },
      "properties": {
        "HW_ID": "HW-01KJABRN0N92W2MJEHBB2FZRBD",
        "Nom du site FR": "Chez Adel",
        "Nom du site AR": "",
        "Catégorie": "Restaurant",
        "Zone": "Arkou",
        "accessPoint": [
          11.0378186,
          33.7733675
        ]
      }
    },
    {
      "type": "Feature",
      "geometry": {
        "type": "Point",
        "coordinates": [
          10.9923791885376,
          33.83780102463962
        ]
      },
      "properties": {
        "HW_ID": "HW-01KJABRN0PV7PNQ4R065PS2AED",
        "Nom du site FR": "Chez Chouchou",
        "Nom du site AR": "",
        "Catégorie": "Restaurant",
        "Zone": "Midoun",
        "accessPoint": [
          10.9925433,
          33.8378757
        ]
      }
    },
    {
      "type": "Feature",
      "geometry": {
        "type": "Point",
        "coordinates": [
          11.019759178161621,
          33.81642398377623
        ]
      },
      "properties": {
        "HW_ID": "HW-01KJABRN0PYVYK79F7ERGCXBWC",
        "Nom du site FR": "Grillades Zammouri",
        "Nom du site AR": "",
        "Catégorie": "Restaurant",
        "Zone": "Midoun",
        "accessPoint": [
          11.0195931,
          33.8162554
        ]
      }
    },
    {
      "type": "Feature",
      "geometry": {
        "type": "Point",
        "coordinates": [
          10.988039374351503,
          33.83242273106209
        ]
      },
      "properties": {
        "HW_ID": "HW-01KJABRN0R0T3A8B9QPBDEQPQC",
        "Nom du site FR": "Le bistrot Djerba",
        "Nom du site AR": "",
        "Catégorie": "Restaurant",
        "Zone": "Midoun",
        "accessPoint": [
          10.9881225,
          33.8322534
        ]
      }
    },
    {
      "type": "Feature",
      "geometry": {
        "type": "Point",
        "coordinates": [
          10.858832001686098,
          33.87725451244007
        ]
      },
      "properties": {
        "HW_ID": "HW-01KJABRN0R791D3GHBDKJXNMXJ",
        "Nom du site FR": "El Ghorfa",
        "Nom du site AR": "",
        "Catégorie": "Restaurant",
        "Zone": "Taourit",
        "accessPoint": [
          10.8587348,
          33.8773293
        ]
      }
    },
    {
      "type": "Feature",
      "geometry": {
        "type": "Point",
        "coordinates": [
          10.991429686546327,
          33.83513642770124
        ]
      },
      "properties": {
        "HW_ID": "HW-01KJABRN0RX2VPKBVVN7Y9ZMBX",
        "Nom du site FR": "Les palmiers",
        "Nom du site AR": "",
        "Catégorie": "Restaurant",
        "Zone": "Midoun",
        "description": "Entre autre plat, on y trouve la souris d'agneau",
        "accessPoint": [
          10.9913599,
          33.8352935
        ]
      }
    },
    {
      "type": "Feature",
      "geometry": {
        "type": "Point",
        "coordinates": [
          10.98987802863121,
          33.8071732033091
        ]
      },
      "properties": {
        "HW_ID": "HW-01KJABRN0S7BP3SE3QW1HR9ESV",
        "Nom du site FR": "Restaurant La Clémence",
        "Nom du site AR": "",
        "Catégorie": "Restaurant",
        "Zone": "Arkou",
        "description": "Véritable cuisine Djerbienne",
        "accessPoint": [
          10.9900547,
          33.8072706
        ]
      }
    },
    {
      "type": "Feature",
      "geometry": {
        "type": "Point",
        "coordinates": [
          10.967812836170197,
          33.8671005396419
        ]
      },
      "properties": {
        "HW_ID": "HW-01KJABRN0SETE15NS313F7DYZQ",
        "Nom du site FR": "Café Restaurant Santorini",
        "Nom du site AR": "",
        "Catégorie": "Restaurant",
        "Zone": "Mazraia",
        "description": "Restaurant situé face à la mer"
      }
    },
    {
      "type": "Feature",
      "geometry": {
        "type": "Point",
        "coordinates": [
          10.855264663696289,
          33.88526860573818
        ]
      },
      "properties": {
        "HW_ID": "HW-01KJABRN0TAY03FD4GKQFZFHAT",
        "Nom du site FR": "La paillot de pirate",
        "Nom du site AR": "",
        "Catégorie": "Restaurant",
        "Zone": "Bou Melel",
        "accessPoint": [
          10.8554444,
          33.8853137
        ]
      }
    },
    {
      "type": "Feature",
      "geometry": {
        "type": "Point",
        "coordinates": [
          10.985392034053802,
          33.851708604660665
        ]
      },
      "properties": {
        "HW_ID": "HW-01KJABRN0TZR7K5FE84PDNW1QY",
        "Nom du site FR": "L'autre monde",
        "Nom du site AR": "",
        "Catégorie": "Restaurant",
        "Zone": "Mazraia",
        "accessPoint": [
          10.9857569,
          33.8516914
        ]
      }
    },
    {
      "type": "Feature",
      "geometry": {
        "type": "Point",
        "coordinates": [
          11.058672666549683,
          33.78876449595512
        ]
      },
      "properties": {
        "HW_ID": "HW-01KJABRN0TRZMJTB37MH6N436C",
        "Nom du site FR": "Restaurant la lagune",
        "Nom du site AR": "",
        "Catégorie": "Restaurant",
        "Zone": "Arkou",
        "description": "Restaurant situé en bord de mer, sur la plage",
        "accessPoint": [
          11.0583524,
          33.7886538
        ]
      }
    },
    {
      "type": "Feature",
      "geometry": {
        "type": "Point",
        "coordinates": [
          11.013649106025698,
          33.75688148085831
        ]
      },
      "properties": {
        "HW_ID": "HW-01KJABRN0VFPFW41YCMJ2CX585",
        "Nom du site FR": "Restaurant Port D'Aghir",
        "Nom du site AR": "",
        "Catégorie": "Restaurant",
        "Zone": "Arkou",
        "description": "Restaurant de bord de plage, face à la mer",
        "accessPoint": [
          11.0137902,
          33.7569462
        ]
      }
    },
    {
      "type": "Feature",
      "geometry": {
        "type": "Point",
        "coordinates": [
          10.993072194726633,
          33.809265952929884
        ]
      },
      "properties": {
        "HW_ID": "HW-01KJABRN0VWX5RQKYVPS634BND",
        "Nom du site FR": "Restaurant La Mamma",
        "Nom du site AR": "",
        "Catégorie": "Restaurant",
        "Zone": "Midoun",
        "accessPoint": [
          10.9932058,
          33.8091595
        ]
      }
    },
    {
      "type": "Feature",
      "geometry": {
        "type": "Point",
        "coordinates": [
          11.03928565979004,
          33.83106807850052
        ]
      },
      "properties": {
        "HW_ID": "HW-01KJABRN0V2VBHY19KANC5KK51",
        "Nom du site FR": "Restaurant Grill La Perla",
        "Nom du site AR": "",
        "Catégorie": "Restaurant",
        "Zone": "Midoun"
      }
    },
    {
      "type": "Feature",
      "geometry": {
        "type": "Point",
        "coordinates": [
          10.858215755912408,
          33.877617948263875
        ]
      },
      "properties": {
        "Nom du site FR": "Café thé Baklawa",
        "Catégorie": "Salon de thé",
        "Zone": "Taourit",
        "HW_ID": "HW-01KJABRN0WMXW7CV3JQJJK9EAV",
        "description": "",
        "photos": [
          "photos/poi_HW-01KJABRN0WMXW7CV3JQJJK9EAV_1780460083574.jpg",
          "photos/poi_HW-01KJABRN0WMXW7CV3JQJJK9EAV_1780460085717.jpg",
          "photos/poi_HW-01KJABRN0WMXW7CV3JQJJK9EAV_1780460087617.jpg",
          "photos/poi_HW-01KJABRN0WMXW7CV3JQJJK9EAV_1780460089351.jpg",
          "photos/poi_HW-01KJABRN0WMXW7CV3JQJJK9EAV_1780460091438.jpg",
          "photos/poi_HW-01KJABRN0WMXW7CV3JQJJK9EAV_1780460093374.jpg",
          "photos/poi_HW-01KJABRN0WMXW7CV3JQJJK9EAV_1780460095486.jpg"
        ],
        "Nom du site arabe": "",
        "Sous-type": "",
        "État": "",
        "Accès": "",
        "info_gpx": "",
        "Temps_minutes": 0,
        "Prix_TND": 0,
        "Source": "",
        "Téléphone": "",
        "Horaires": "",
        "Facebook": "",
        "verified": false,
        "introuvableCarte": false
      }
    },
    {
      "type": "Feature",
      "geometry": {
        "type": "Point",
        "coordinates": [
          10.841127333516292,
          33.87855468821014
        ]
      },
      "properties": {
        "Nom du site FR": "Mosquée Ben Mimoun",
        "Catégorie": "Mosquée",
        "Zone": "Bou Melel",
        "HW_ID": "HW-01KJABRN0W6KJP2MNXC0GWQJN6",
        "description": "",
        "Nom du site arabe": "",
        "Sous-type": "",
        "État": "",
        "Accès": "",
        "info_gpx": "",
        "Temps_minutes": 0,
        "Prix_TND": 0,
        "Source": "",
        "Téléphone": "",
        "Horaires": "",
        "Facebook": "",
        "verified": false,
        "introuvableCarte": false
      }
    },
    {
      "type": "Feature",
      "geometry": {
        "type": "Point",
        "coordinates": [
          10.842136591672897,
          33.87950695174614
        ]
      },
      "properties": {
        "Nom du site FR": "Ancien atelier de tissage",
        "Catégorie": "Curiosité",
        "Zone": "Bou Melel",
        "HW_ID": "HW-01KJABRN0WBFCMMFBGZB582PRH",
        "description": "",
        "Nom du site arabe": "",
        "Sous-type": "",
        "État": "",
        "Accès": "",
        "info_gpx": "",
        "Temps_minutes": 0,
        "Prix_TND": 0,
        "Source": "",
        "Téléphone": "",
        "Horaires": "",
        "Facebook": "",
        "verified": false,
        "introuvableCarte": false
      }
    },
    {
      "type": "Feature",
      "geometry": {
        "type": "Point",
        "coordinates": [
          10.858654975891115,
          33.87548525371795
        ]
      },
      "properties": {
        "Nom du site FR": "Marché aux poissons de Houmt Souk",
        "Catégorie": "Commerce",
        "Zone": "Taourit",
        "HW_ID": "HW-01KJABRN0XCGBFRH389WG2S71J",
        "description": "",
        "Nom du site arabe": "",
        "Sous-type": "",
        "État": "",
        "Accès": "",
        "info_gpx": "",
        "Temps_minutes": 0,
        "Prix_TND": 0,
        "Source": "",
        "Téléphone": "",
        "Horaires": "",
        "Facebook": "",
        "verified": false,
        "introuvableCarte": false
      }
    },
    {
      "type": "Feature",
      "geometry": {
        "type": "Point",
        "coordinates": [
          10.744851529598238,
          33.720723389971724
        ]
      },
      "properties": {
        "Nom du site FR": "Restaurant MBAREK",
        "Catégorie": "Restaurant",
        "Zone": "Ajim",
        "HW_ID": "HW-01KJABRN0XJDFFSBSRFDN4PGQ4",
        "description": "",
        "accessPoint": [
          10.7449649,
          33.720926
        ],
        "Nom du site arabe": "",
        "Sous-type": "",
        "État": "",
        "Accès": "",
        "info_gpx": "",
        "Temps_minutes": 0,
        "Prix_TND": 0,
        "Source": "",
        "Téléphone": "",
        "Horaires": "",
        "Facebook": "",
        "verified": false,
        "introuvableCarte": false
      }
    },
    {
      "type": "Feature",
      "geometry": {
        "type": "Point",
        "coordinates": [
          10.76678663492203,
          33.7812942328873
        ]
      },
      "properties": {
        "Nom du site FR": "Mosquée El Fquira (Mezran)",
        "Nom du site arabe": "جامع الفقيرة",
        "Catégorie": "Mosquée",
        "Zone": "Mezrene",
        "HW_ID": "HW-01KJABRN0XK418GNG8GH5KPT4A",
        "lat": 33.7812942328873,
        "lng": 10.76678663492203,
        "description": "",
        "accessPoint": [
          10.7669336,
          33.781026
        ],
        "Sous-type": "",
        "État": "",
        "Accès": "",
        "info_gpx": "",
        "Temps_minutes": 0,
        "Prix_TND": 0,
        "Source": "",
        "Téléphone": "",
        "Horaires": "",
        "Facebook": "",
        "verified": false,
        "introuvableCarte": false
      }
    },
    {
      "type": "Feature",
      "geometry": {
        "type": "Point",
        "coordinates": [
          10.991703271865847,
          33.80739830042143
        ]
      },
      "properties": {
        "Nom du site FR": "Taxi de Midoun",
        "Catégorie": "Taxi",
        "Zone": "Arkou",
        "HW_ID": "HW-01KJABRN0YD2SFB393HG9SRDGW",
        "description": "Vous trouverez facilement un taxi devant la poste de Midoun",
        "Nom du site arabe": "",
        "Sous-type": "",
        "État": "",
        "Accès": "",
        "info_gpx": "",
        "Temps_minutes": 0,
        "Prix_TND": 0,
        "Source": "",
        "Téléphone": "",
        "Horaires": "",
        "Facebook": "",
        "verified": false,
        "introuvableCarte": false
      }
    },
    {
      "type": "Feature",
      "geometry": {
        "type": "Point",
        "coordinates": [
          10.84358528258597,
          33.84303341184757
        ]
      },
      "properties": {
        "Nom du site FR": "Mosquée Sidi Mbarak",
        "Catégorie": "Mosquée",
        "Zone": "Erriadh",
        "HW_ID": "HW-01KJABRN0Y687FFD0EF2SYPZ3Q",
        "description": "",
        "lat": 33.84303341184757,
        "lng": 10.84358528258597,
        "Nom du site arabe": "",
        "Sous-type": "",
        "État": "",
        "Accès": "",
        "info_gpx": "",
        "Temps_minutes": 0,
        "Prix_TND": 0,
        "Source": "",
        "Téléphone": "",
        "Horaires": "",
        "Facebook": "",
        "verified": false,
        "introuvableCarte": false
      }
    },
    {
      "type": "Feature",
      "geometry": {
        "type": "Point",
        "coordinates": [
          10.959853573615282,
          33.76392958395882
        ]
      },
      "properties": {
        "Nom du site FR": "Mosquée Toghrouit",
        "Catégorie": "Mosquée",
        "Zone": "Beni Maaguel",
        "HW_ID": "HW-01KJB1NZSEHQH5M3JRKS72CKRN",
        "description": "",
        "Nom du site arabe": "",
        "Sous-type": "",
        "État": "",
        "Accès": "",
        "info_gpx": "",
        "Temps_minutes": 0,
        "Prix_TND": 0,
        "Source": "",
        "Téléphone": "",
        "Horaires": "",
        "Facebook": "",
        "verified": false,
        "introuvableCarte": false
      }
    },
    {
      "type": "Feature",
      "geometry": {
        "type": "Point",
        "coordinates": [
          10.914542646022236,
          33.79916714833331
        ]
      },
      "properties": {
        "Nom du site FR": "Mosquée El Djafline",
        "Catégorie": "Mosquée",
        "Zone": "El May",
        "HW_ID": "HW-01KJM8X5EEAHXPBF1YNSEA19F1",
        "description": "",
        "Nom du site arabe": "",
        "Sous-type": "",
        "État": "",
        "Accès": "",
        "info_gpx": "",
        "Temps_minutes": 0,
        "Prix_TND": 0,
        "Source": "",
        "Téléphone": "",
        "Horaires": "",
        "Facebook": "",
        "verified": false,
        "introuvableCarte": false
      }
    },
    {
      "type": "Feature",
      "geometry": {
        "type": "Point",
        "coordinates": [
          10.770022859969572,
          33.71872346897096
        ]
      },
      "properties": {
        "Nom du site FR": "Mosquée Briguen",
        "Catégorie": "Mosquée",
        "Zone": "Ajim",
        "HW_ID": "HW-01KJMJATZZZRP02QNDTWS3YVK1",
        "description": "",
        "Nom du site arabe": "",
        "Sous-type": "",
        "État": "",
        "Accès": "",
        "info_gpx": "",
        "Temps_minutes": 0,
        "Prix_TND": 0,
        "Source": "",
        "Téléphone": "",
        "Horaires": "",
        "Facebook": "",
        "verified": false,
        "introuvableCarte": false
      }
    },
    {
      "type": "Feature",
      "geometry": {
        "type": "Point",
        "coordinates": [
          10.762771368026735,
          33.70219792648904
        ]
      },
      "properties": {
        "Nom du site FR": "Les pêcheries modèles de Djerba",
        "Catégorie": "Curiosité",
        "Zone": "Ajim",
        "HW_ID": "HW-01KJMJFS86CYM1JHB958Y33CZ0",
        "description": "",
        "accessPoint": [
          10.7618903,
          33.7013321
        ],
        "Nom du site arabe": "",
        "Sous-type": "",
        "État": "",
        "Accès": "",
        "info_gpx": "",
        "Temps_minutes": 0,
        "Prix_TND": 0,
        "Source": "",
        "Téléphone": "",
        "Horaires": "",
        "Facebook": "",
        "verified": false,
        "introuvableCarte": false
      }
    },
    {
      "type": "Feature",
      "geometry": {
        "type": "Point",
        "coordinates": [
          10.854438543319702,
          33.82125957539374
        ]
      },
      "properties": {
        "Nom du site FR": "Djerbahood",
        "Catégorie": "Curiosité",
        "Zone": "Erriadh",
        "Source": "https://fr.wikipedia.org/wiki/Djerbahood",
        "HW_ID": "HW-01KJN6EEH9Z49AMGYJT621WG9N",
        "description": "",
        "Nom du site arabe": "",
        "Sous-type": "",
        "État": "",
        "Accès": "",
        "info_gpx": "",
        "Temps_minutes": 0,
        "Prix_TND": 0,
        "Téléphone": "",
        "Horaires": "",
        "Facebook": "",
        "verified": false,
        "introuvableCarte": false
      }
    },
    {
      "type": "Feature",
      "geometry": {
        "type": "Point",
        "coordinates": [
          10.895234524013045,
          33.77044644512249
        ]
      },
      "properties": {
        "Nom du site FR": "Mosquée Henchir",
        "Catégorie": "Mosquée",
        "Zone": "Robbana",
        "HW_ID": "HW-01KJN81XT3Q98DN3NRHHD38D2Q",
        "description": "",
        "accessPoint": [
          10.8951752,
          33.7703173
        ],
        "Nom du site arabe": "",
        "Sous-type": "",
        "État": "",
        "Accès": "",
        "info_gpx": "",
        "Temps_minutes": 0,
        "Prix_TND": 0,
        "Source": "",
        "Téléphone": "",
        "Horaires": "",
        "Facebook": "",
        "verified": false,
        "introuvableCarte": false
      }
    },
    {
      "type": "Feature",
      "geometry": {
        "type": "Point",
        "coordinates": [
          10.836577713489534,
          33.82040278197035
        ]
      },
      "properties": {
        "Nom du site FR": "Mosquée Medjine",
        "Catégorie": "Mosquée",
        "Zone": "Erriadh",
        "HW_ID": "HW-01KJX5XSG18NC03E6900V170QX",
        "description": "",
        "Nom du site arabe": "",
        "Sous-type": "",
        "État": "",
        "Accès": "",
        "info_gpx": "",
        "Temps_minutes": 0,
        "Prix_TND": 0,
        "Source": "",
        "Téléphone": "",
        "Horaires": "",
        "Facebook": "",
        "verified": false,
        "introuvableCarte": false
      }
    },
    {
      "type": "Feature",
      "geometry": {
        "type": "Point",
        "coordinates": [
          10.97166279626852,
          33.758181788952335
        ]
      },
      "properties": {
        "Nom du site FR": "Mosquée Ibadite El Guebli",
        "Catégorie": "Mosquée",
        "Zone": "Arkou",
        "HW_ID": "HW-01KJZ4D50T7NQJ187MJ21YDR20",
        "description": "",
        "accessPoint": [
          10.9719775,
          33.7582922
        ],
        "Nom du site arabe": "",
        "Sous-type": "",
        "État": "",
        "Accès": "",
        "info_gpx": "",
        "Temps_minutes": 0,
        "Prix_TND": 0,
        "Source": "",
        "Téléphone": "",
        "Horaires": "",
        "Facebook": "",
        "verified": false,
        "introuvableCarte": false
      }
    },
    {
      "type": "Feature",
      "geometry": {
        "type": "Point",
        "coordinates": [
          10.859861952803211,
          33.81879349004515
        ]
      },
      "properties": {
        "Nom du site FR": "Arabesque",
        "Catégorie": "Pâtisserie",
        "Zone": "Erriadh",
        "HW_ID": "HW-01KK1CD2CREMNC3CHCGC44PK80",
        "description": "",
        "accessPoint": [
          10.860118,
          33.8186892
        ],
        "Nom du site arabe": "",
        "Sous-type": "",
        "État": "",
        "Accès": "",
        "info_gpx": "",
        "Temps_minutes": 0,
        "Prix_TND": 0,
        "Source": "",
        "Téléphone": "",
        "Horaires": "",
        "Facebook": "",
        "verified": false,
        "introuvableCarte": false
      }
    },
    {
      "type": "Feature",
      "geometry": {
        "type": "Point",
        "coordinates": [
          10.853474030156127,
          33.82993045350589
        ]
      },
      "properties": {
        "Nom du site FR": "Mosquée de Taghdimus",
        "Catégorie": "Mosquée",
        "Zone": "Erriadh",
        "HW_ID": "HW-01KK1CNPZR005431XS160BZ1C4",
        "description": "",
        "Nom du site arabe": "",
        "Sous-type": "",
        "État": "",
        "Accès": "",
        "info_gpx": "",
        "Temps_minutes": 0,
        "Prix_TND": 0,
        "Source": "",
        "Téléphone": "",
        "Horaires": "",
        "Facebook": "",
        "verified": false,
        "introuvableCarte": false
      }
    },
    {
      "type": "Feature",
      "geometry": {
        "type": "Point",
        "coordinates": [
          10.826873181401124,
          33.83428778491142
        ]
      },
      "properties": {
        "Nom du site FR": "Mosquée Al-Taqwa",
        "Catégorie": "Mosquée",
        "Zone": "Erriadh",
        "HW_ID": "HW-01KK1CWX2YWAJSWA4NYT64CD4R",
        "description": "",
        "Nom du site arabe": "",
        "Sous-type": "",
        "État": "",
        "Accès": "",
        "info_gpx": "",
        "Temps_minutes": 0,
        "Prix_TND": 0,
        "Source": "",
        "Téléphone": "",
        "Horaires": "",
        "Facebook": "",
        "verified": false,
        "introuvableCarte": false,
        "lat": 33.83428778491142,
        "lng": 10.826873181401124
      }
    },
    {
      "type": "Feature",
      "geometry": {
        "type": "Point",
        "coordinates": [
          10.9775885,
          33.795488
        ]
      },
      "properties": {
        "Nom du site FR": "Mosquée Errhama",
        "Catégorie": "Mosquée",
        "Zone": "El Mahboubine",
        "HW_ID": "HW-01KKEM62BHCM4RDBWTZR0QZR78",
        "created_at": "2026-03-11T14:18:04.014Z",
        "Prix_TND": 0,
        "description": "Mosquée découverte lors de notre randonnée \nNom à vérifier \nMosquée Errahma  Kahil: la miséricorde"
      }
    },
    {
      "type": "Feature",
      "geometry": {
        "type": "Point",
        "coordinates": [
          10.972655564546585,
          33.81398157183997
        ]
      },
      "properties": {
        "Nom du site FR": "Marabout Marmoura",
        "Catégorie": "Mosquée",
        "Zone": "Midoun",
        "HW_ID": "HW-01KKS462NFDJ7E80WSWZ9TK9R7",
        "description": "",
        "accessPoint": [
          10.9727629,
          33.8140752
        ],
        "Nom du site arabe": "",
        "Sous-type": "",
        "État": "",
        "Accès": "",
        "info_gpx": "",
        "Temps_minutes": 0,
        "Prix_TND": 0,
        "Source": "",
        "Téléphone": "",
        "Horaires": "",
        "Facebook": "",
        "verified": false,
        "introuvableCarte": false
      }
    },
    {
      "type": "Feature",
      "geometry": {
        "type": "Point",
        "coordinates": [
          10.990643799304964,
          33.75990418754944
        ]
      },
      "properties": {
        "Nom du site FR": "Mosquée Al-Qibli",
        "Catégorie": "Mosquée",
        "Zone": "Arkou",
        "HW_ID": "HW-01KKVHNCEZHNGRPZ5XGAF9V0N3",
        "description": "",
        "accessPoint": [
          10.9902964,
          33.7601163
        ],
        "Nom du site arabe": "",
        "Sous-type": "",
        "État": "",
        "Accès": "",
        "info_gpx": "",
        "Temps_minutes": 0,
        "Prix_TND": 0,
        "Source": "",
        "Téléphone": "",
        "Horaires": "",
        "Facebook": "",
        "verified": false,
        "introuvableCarte": false
      }
    },
    {
      "type": "Feature",
      "geometry": {
        "type": "Point",
        "coordinates": [
          10.989700442216916,
          33.80554964168438
        ]
      },
      "properties": {
        "Nom du site FR": "Restaurant chez Moktar",
        "Catégorie": "Restaurant",
        "Zone": "Arkou",
        "HW_ID": "HW-01KKEDW0GVVT7GVF4YS991G1CK",
        "created_at": "2026-03-11T12:27:43.000Z",
        "Prix_TND": 0,
        "Nom du site arabe": "",
        "Sous-type": "",
        "État": "",
        "Accès": "",
        "description": "",
        "Temps_minutes": 0,
        "Source": "",
        "Téléphone": "+216 55 512 556",
        "Horaires": "",
        "Facebook": "https://www.facebook.com/restaurantchezmoktar",
        "info_gpx": "",
        "accessPoint": [
          10.9897697,
          33.8054331
        ]
      }
    },
    {
      "type": "Feature",
      "geometry": {
        "type": "Point",
        "coordinates": [
          10.9731949,
          33.8137894
        ]
      },
      "properties": {
        "Nom du site FR": "Mosquée Marmoura",
        "Catégorie": "Mosquée",
        "Zone": "Midoun",
        "HW_ID": "HW-01KM2QY8VXPF72S6D9NAZ0AZ43",
        "created_at": "2026-03-19T09:48:31.484Z",
        "Prix_TND": 0,
        "description": "",
        "accessPoint": [
          10.9735112,
          33.8137871
        ],
        "Nom du site arabe": "",
        "Sous-type": "",
        "État": "",
        "Accès": "",
        "info_gpx": "",
        "Temps_minutes": 0,
        "Source": "",
        "Téléphone": "",
        "Horaires": "",
        "Facebook": "",
        "verified": false,
        "introuvableCarte": false
      }
    },
    {
      "type": "Feature",
      "geometry": {
        "type": "Point",
        "coordinates": [
          10.9918592,
          33.8083466
        ]
      },
      "properties": {
        "Nom du site FR": "Marchand d'épices",
        "Catégorie": "Commerce",
        "Zone": "Arkou",
        "HW_ID": "HW-01KMFHDGG11K9M2SEENYB6AM3Q",
        "created_at": "2026-03-24T09:04:38.397Z",
        "Prix_TND": 0,
        "description": "",
        "accessPoint": [
          10.9917544,
          33.8082721
        ],
        "Nom du site arabe": "",
        "Sous-type": "",
        "État": "",
        "Accès": "",
        "info_gpx": "",
        "Temps_minutes": 0,
        "Source": "",
        "Téléphone": "",
        "Horaires": "",
        "Facebook": "",
        "verified": false,
        "introuvableCarte": false
      }
    },
    {
      "type": "Feature",
      "geometry": {
        "type": "Point",
        "coordinates": [
          10.981040899722222,
          33.804647499999994
        ]
      },
      "properties": {
        "Nom du site FR": "Vieux bâtiment djerbien",
        "Catégorie": "Curiosité",
        "Zone": "Midoun",
        "description": "Vieux bâtiment djerbien à l'usage originel inconnu",
        "timeH": 0,
        "timeM": 0,
        "price": 0,
        "HW_ID": "HW-01KPMX8RZ41MX6DCFWGA4HZKJA",
        "Nom du site arabe": "",
        "Sous-type": "",
        "État": "",
        "Accès": "",
        "info_gpx": "",
        "Temps_minutes": 0,
        "Prix_TND": 0,
        "Source": "",
        "Téléphone": "",
        "Horaires": "",
        "Facebook": "",
        "verified": false,
        "introuvableCarte": false
      }
    },
    {
      "type": "Feature",
      "geometry": {
        "type": "Point",
        "coordinates": [
          10.780361107562532,
          33.85219834343568
        ]
      },
      "properties": {
        "Nom du site FR": "Mosquée al-Ahjar",
        "Catégorie": "Mosquée",
        "Sous-type": "Générique",
        "Zone": "Mellita",
        "description": "Mosquée sans infos, trouvée sur la carte.\nNom et existence à vérifier",
        "Temps_minutes": 0,
        "Prix_TND": 0,
        "HW_ID": "HW-01KSYPS0Y31P1851B57BEQVP73",
        "accessPoint": [
          10.780887,
          33.8520049
        ]
      }
    },
    {
      "type": "Feature",
      "geometry": {
        "type": "Point",
        "coordinates": [
          10.76461304938539,
          33.83784614865581
        ]
      },
      "properties": {
        "Nom du site FR": "Mosquée al-Baraka",
        "Catégorie": "Mosquée",
        "Sous-type": "Générique",
        "Zone": "El Groa",
        "description": "Mosquée découvert sur carte.\nNom et existence à confirmer",
        "Temps_minutes": 0,
        "Prix_TND": 0,
        "HW_ID": "HW-01KSZ2SGB3GCGB3RG8946MGTZG",
        "accessPoint": [
          10.7642627,
          33.8377351
        ]
      }
    },
    {
      "type": "Feature",
      "geometry": {
        "type": "Point",
        "coordinates": [
          10.79668756421055,
          33.82968729768248
        ]
      },
      "properties": {
        "Nom du site FR": "Mosquée Sidi Bou Saïd",
        "Catégorie": "Mosquée",
        "Sous-type": "Générique",
        "Zone": "El Hachene",
        "description": "Mosquée trouvée sur carte.\nVérifier nom et existence sur place",
        "Temps_minutes": 0,
        "Prix_TND": 0,
        "HW_ID": "HW-01KSZ6CRQ5J5JJ14EW8X7R8H21",
        "Nom du site arabe": "",
        "État": "",
        "Accès": "",
        "info_gpx": "",
        "Source": "",
        "Téléphone": "",
        "Horaires": "",
        "Facebook": "",
        "accessPoint": [
          10.7965901,
          33.8297704
        ]
      }
    },
    {
      "type": "Feature",
      "geometry": {
        "type": "Point",
        "coordinates": [
          10.795551099999999,
          33.7943852
        ]
      },
      "properties": {
        "Nom du site FR": "Vieux bâtiment djerbien",
        "Catégorie": "Curiosité",
        "Zone": "El Groa",
        "info_gpx": "Vieux bâtiment djerbien",
        "description": "Vieux bâtiment djerbien dont l’usage originel est inconnu",
        "Temps_minutes": 0,
        "Prix_TND": 0,
        "HW_ID": "HW-01KT5X81RV34Z59D259TYBBCNT"
      }
    },
    {
      "type": "Feature",
      "geometry": {
        "type": "Point",
        "coordinates": [
          11.041112197671366,
          33.77853230385428
        ]
      },
      "properties": {
        "Nom du site FR": "Royal Karthago",
        "Catégorie": "Hôtel",
        "Temps_minutes": 0,
        "Prix_TND": 0,
        "Facebook": "https://www.facebook.com/groups/462902758394980",
        "verified": false,
        "introuvableCarte": false,
        "HW_ID": "HW-01KXP2AKY70DAS5VDGK9TT1646",
        "accessPoint": [
          11.040977,
          33.7786463
        ],
        "Zone": "Arkou"
      }
    }
  ]
}