{
  "type": "FeatureCollection",
  "features": [
    {
      "type": "Feature",
      "properties": {
        "name": "Hedi Chaker",
        "name_ar": "الهادي شاكر",
        "osm_id": 7103327,
        "admin_level": "6"
      },
      "geometry": {
        "type": "Polygon",
        "coordinates": [
          [
            [
              10.6485751,
              36.520369
            ],
            [
              10.6430036,
              36.52442
            ],
            [
              10.6397603,
              36.5201736
            ],
            [
              10.6395781,
              36.5171278
            ],
            [
              10.6386307,
              36.5168056
            ],
            [
              10.6385213,
              36.5158392
            ],
            [
              10.638084,
              36.5144333
            ],
            [
              10.6377561,
              36.5129103
            ],
            [
              10.6373552,
              36.5111823
            ],
            [
              10.6363713,
              36.5088683
            ],
            [
              10.6359704,
              36.5078139
            ],
            [
              10.6357882,
              36.5066422
            ],
            [
              10.6353145,
              36.505617
            ],
            [
              10.6344763,
              36.5035666
            ],
            [
              10.6342212,
              36.5017211
            ],
            [
              10.6336382,
              36.4991726
            ],
            [
              10.6335653,
              36.496829
            ],
            [
              10.6295203,
              36.4934893
            ],
            [
              10.6241634,
              36.4888604
            ],
            [
              10.6225235,
              36.4858133
            ],
            [
              10.6207378,
              36.482942
            ],
            [
              10.6188793,
              36.4801584
            ],
            [
              10.6139962,
              36.4789863
            ],
            [
              10.6108257,
              36.4765249
            ],
            [
              10.6140326,
              36.4759389
            ],
            [
              10.6111902,
              36.4730964
            ],
            [
              10.6110444,
              36.4699315
            ],
            [
              10.6127207,
              36.4682611
            ],
            [
              10.6149072,
              36.4649202
            ],
            [
              10.6194988,
              36.4633669
            ],
            [
              10.6329093,
              36.4624877
            ],
            [
              10.635606,
              36.4648909
            ],
            [
              10.6409629,
              36.4656822
            ],
            [
              10.6398332,
              36.4687886
            ],
            [
              10.6447893,
              36.4681732
            ],
            [
              10.6483241,
              36.4677336
            ],
            [
              10.652442,
              36.4649788
            ],
            [
              10.6555031,
              36.4625756
            ],
            [
              10.6562684,
              36.4610223
            ],
            [
              10.6566692,
              36.4584724
            ],
            [
              10.6577078,
              36.4570509
            ],
            [
              10.658054,
              36.4563767
            ],
            [
              10.6597485,
              36.4548819
            ],
            [
              10.6602952,
              36.4545008
            ],
            [
              10.6609511,
              36.4536655
            ],
            [
              10.6625728,
              36.4525516
            ],
            [
              10.6635931,
              36.4519654
            ],
            [
              10.663994,
              36.4516136
            ],
            [
              10.6650326,
              36.4509102
            ],
            [
              10.6658343,
              36.4509248
            ],
            [
              10.6661076,
              36.4505584
            ],
            [
              10.6667635,
              36.4502067
            ],
            [
              10.6666998,
              36.4499282
            ],
            [
              10.667547,
              36.4496351
            ],
            [
              10.6682394,
              36.4497743
            ],
            [
              10.6682485,
              36.4491587
            ],
            [
              10.6689318,
              36.4494079
            ],
            [
              10.6702164,
              36.4490488
            ],
            [
              10.6720202,
              36.4484112
            ],
            [
              10.6730679,
              36.4480008
            ],
            [
              10.6739366,
              36.4473999
            ],
            [
              10.6749037,
              36.447836
            ],
            [
              10.6751132,
              36.4482757
            ],
            [
              10.6759332,
              36.4486274
            ],
            [
              10.6761518,
              36.4493309
            ],
            [
              10.6767759,
              36.4495435
            ],
            [
              10.6775594,
              36.4498549
            ],
            [
              10.6789624,
              36.4504631
            ],
            [
              10.6800237,
              36.4510164
            ],
            [
              10.680871,
              36.4514524
            ],
            [
              10.6803881,
              36.4518811
            ],
            [
              10.6797094,
              36.452112
            ],
            [
              10.6813948,
              36.4531232
            ],
            [
              10.682643,
              36.4539586
            ],
            [
              10.6839184,
              36.4543323
            ],
            [
              10.6846381,
              36.4547427
            ],
            [
              10.6847384,
              36.4555927
            ],
            [
              10.6848295,
              36.4557319
            ],
            [
              10.6850026,
              36.4558125
            ],
            [
              10.6851939,
              36.455981
            ],
            [
              10.6850117,
              36.4562375
            ],
            [
              10.6843284,
              36.4562961
            ],
            [
              10.6839002,
              36.4563034
            ],
            [
              10.6836178,
              36.4565526
            ],
            [
              10.6835176,
              36.4571168
            ],
            [
              10.6838546,
              36.4575784
            ],
            [
              10.6842737,
              36.4579008
            ],
            [
              10.6843922,
              36.4582599
            ],
            [
              10.6844104,
              36.458956
            ],
            [
              10.6846837,
              36.4593297
            ],
            [
              10.6857769,
              36.459315
            ],
            [
              10.686278,
              36.4591611
            ],
            [
              10.6896215,
              36.460905
            ],
            [
              10.6891387,
              36.4611688
            ],
            [
              10.6912158,
              36.4626928
            ],
            [
              10.6912614,
              36.4630225
            ],
            [
              10.6929104,
              36.4640996
            ],
            [
              10.6941858,
              36.4643707
            ],
            [
              10.696427,
              36.4647297
            ],
            [
              10.696427,
              36.465565
            ],
            [
              10.6945502,
              36.4666127
            ],
            [
              10.6931928,
              36.4680047
            ],
            [
              10.6954248,
              36.4694553
            ],
            [
              10.6969463,
              36.4704151
            ],
            [
              10.6990599,
              36.4705176
            ],
            [
              10.6996065,
              36.4710085
            ],
            [
              10.6998707,
              36.4719756
            ],
            [
              10.699479,
              36.4721367
            ],
            [
              10.6988595,
              36.472547
            ],
            [
              10.6983128,
              36.4734847
            ],
            [
              10.6961537,
              36.4748254
            ],
            [
              10.6938487,
              36.4763711
            ],
            [
              10.6894666,
              36.4798068
            ],
            [
              10.6906419,
              36.4810521
            ],
            [
              10.6931017,
              36.4805686
            ],
            [
              10.6950513,
              36.4820043
            ],
            [
              10.6909243,
              36.4857328
            ],
            [
              10.6948053,
              36.4880474
            ],
            [
              10.6941494,
              36.4887212
            ],
            [
              10.6961901,
              36.4903619
            ],
            [
              10.6982126,
              36.488897
            ],
            [
              10.6997432,
              36.4904498
            ],
            [
              10.701711,
              36.4904791
            ],
            [
              10.7036424,
              36.4904791
            ],
            [
              10.7057925,
              36.4912994
            ],
            [
              10.7060111,
              36.4922955
            ],
            [
              10.7053916,
              36.493233
            ],
            [
              10.7038611,
              36.4938482
            ],
            [
              10.7047981,
              36.4948617
            ],
            [
              10.703053,
              36.4965452
            ],
            [
              10.6980759,
              36.4993574
            ],
            [
              10.6955317,
              36.5007763
            ],
            [
              10.6930511,
              36.5030131
            ],
            [
              10.6901252,
              36.5031026
            ],
            [
              10.6910952,
              36.5046364
            ],
            [
              10.692415,
              36.5084197
            ],
            [
              10.692097,
              36.5100556
            ],
            [
              10.6929557,
              36.5112826
            ],
            [
              10.6943868,
              36.5133785
            ],
            [
              10.6935758,
              36.5143115
            ],
            [
              10.6932101,
              36.5149633
            ],
            [
              10.6927012,
              36.5154745
            ],
            [
              10.6916518,
              36.5161646
            ],
            [
              10.6913655,
              36.5168419
            ],
            [
              10.6907613,
              36.5171486
            ],
            [
              10.6908567,
              36.5178898
            ],
            [
              10.690332,
              36.5182221
            ],
            [
              10.6903161,
              36.5185671
            ],
            [
              10.68968,
              36.5187971
            ],
            [
              10.6895051,
              36.5191038
            ],
            [
              10.6898072,
              36.5205607
            ],
            [
              10.6898549,
              36.5211102
            ],
            [
              10.6896005,
              36.5214424
            ],
            [
              10.6896323,
              36.5222475
            ],
            [
              10.6906341,
              36.5227586
            ],
            [
              10.6905228,
              36.5233337
            ],
            [
              10.6910634,
              36.5239854
            ],
            [
              10.6912701,
              36.5246882
            ],
            [
              10.6926535,
              36.5250715
            ],
            [
              10.6934645,
              36.5265666
            ],
            [
              10.6945299,
              36.5271671
            ],
            [
              10.6934804,
              36.528036
            ],
            [
              10.6922083,
              36.528611
            ],
            [
              10.6918903,
              36.5289304
            ],
            [
              10.6907931,
              36.5300676
            ],
            [
              10.6906977,
              36.5308598
            ],
            [
              10.691286,
              36.5320992
            ],
            [
              10.691286,
              36.532457
            ],
            [
              10.6905228,
              36.5334153
            ],
            [
              10.6887418,
              36.5342841
            ],
            [
              10.6882807,
              36.5340924
            ],
            [
              10.6875969,
              36.5340413
            ],
            [
              10.6859432,
              36.5346546
            ],
            [
              10.6851322,
              36.5354467
            ],
            [
              10.6850209,
              36.5362133
            ],
            [
              10.68227,
              36.5376443
            ],
            [
              10.6814431,
              36.5377593
            ],
            [
              10.6803459,
              36.5376826
            ],
            [
              10.6784855,
              36.5377593
            ],
            [
              10.6765296,
              36.5381681
            ],
            [
              10.6751621,
              36.5385769
            ],
            [
              10.6737946,
              36.5388452
            ],
            [
              10.6685154,
              36.5350251
            ],
            [
              10.6657485,
              36.5329297
            ],
            [
              10.6633633,
              36.5303104
            ],
            [
              10.6591813,
              36.525736
            ],
            [
              10.6553332,
              36.5220302
            ],
            [
              10.6510398,
              36.5182476
            ],
            [
              10.6485751,
              36.520369
            ]
          ]
        ]
      }
    },
    {
      "type": "Feature",
      "properties": {
        "name": "Ennour",
        "name_ar": "النور",
        "osm_id": 7103328,
        "admin_level": "6"
      },
      "geometry": {
        "type": "Polygon",
        "coordinates": [
          [
            [
              10.6982126,
              36.488897
            ],
            [
              10.6988868,
              36.486641
            ],
            [
              10.7008364,
              36.4833448
            ],
            [
              10.7021119,
              36.4817626
            ],
            [
              10.7035331,
              36.4802023
            ],
            [
              10.7047266,
              36.4776311
            ],
            [
              10.706002,
              36.4747448
            ],
            [
              10.7068402,
              36.4732503
            ],
            [
              10.7083525,
              36.4719609
            ],
            [
              10.7147662,
              36.4678728
            ],
            [
              10.7206764,
              36.4638
            ],
            [
              10.7211655,
              36.463463
            ],
            [
              10.7220267,
              36.4628695
            ],
            [
              10.7240953,
              36.4615151
            ],
            [
              10.7256075,
              36.4606383
            ],
            [
              10.7279624,
              36.4591602
            ],
            [
              10.7285476,
              36.4596289
            ],
            [
              10.7292424,
              36.4611483
            ],
            [
              10.7293393,
              36.4612979
            ],
            [
              10.7294932,
              36.4614705
            ],
            [
              10.7297458,
              36.4616785
            ],
            [
              10.7300314,
              36.4618758
            ],
            [
              10.7308651,
              36.4623608
            ],
            [
              10.7311363,
              36.4625005
            ],
            [
              10.7333629,
              36.4635669
            ],
            [
              10.7336942,
              36.4630585
            ],
            [
              10.7339701,
              36.4625829
            ],
            [
              10.7344262,
              36.4617965
            ],
            [
              10.7345347,
              36.4616631
            ],
            [
              10.7350774,
              36.4609957
            ],
            [
              10.73551,
              36.460546
            ],
            [
              10.7360164,
              36.4598864
            ],
            [
              10.7368301,
              36.4586911
            ],
            [
              10.7371606,
              36.458203
            ],
            [
              10.7376566,
              36.4574967
            ],
            [
              10.738109,
              36.4564816
            ],
            [
              10.741077,
              36.4572634
            ],
            [
              10.7430592,
              36.4581137
            ],
            [
              10.7419605,
              36.459683
            ],
            [
              10.7415068,
              36.4606162
            ],
            [
              10.7411447,
              36.4615653
            ],
            [
              10.7408662,
              36.4619546
            ],
            [
              10.7405144,
              36.4623408
            ],
            [
              10.740405,
              36.4623664
            ],
            [
              10.7400539,
              36.46234
            ],
            [
              10.7397843,
              36.4624669
            ],
            [
              10.7396026,
              36.4627943
            ],
            [
              10.7395281,
              36.463213
            ],
            [
              10.7393145,
              36.4636547
            ],
            [
              10.7390815,
              36.4641675
            ],
            [
              10.7386528,
              36.4648129
            ],
            [
              10.7384852,
              36.4650684
            ],
            [
              10.7381899,
              36.4654507
            ],
            [
              10.7379007,
              36.4655468
            ],
            [
              10.7374715,
              36.4655222
            ],
            [
              10.7372668,
              36.4657271
            ],
            [
              10.7367015,
              36.4661707
            ],
            [
              10.7365226,
              36.4666671
            ],
            [
              10.736456,
              36.4669624
            ],
            [
              10.7362324,
              36.4673207
            ],
            [
              10.7358389,
              36.4676994
            ],
            [
              10.7350146,
              36.4681107
            ],
            [
              10.734315,
              36.4685583
            ],
            [
              10.7338697,
              36.4690954
            ],
            [
              10.7335835,
              36.4693383
            ],
            [
              10.733504,
              36.4696197
            ],
            [
              10.7331224,
              36.4700288
            ],
            [
              10.7325817,
              36.4701951
            ],
            [
              10.7312301,
              36.470438
            ],
            [
              10.7305305,
              36.470502
            ],
            [
              10.7299103,
              36.4706938
            ],
            [
              10.7293538,
              36.4711158
            ],
            [
              10.7288926,
              36.4712948
            ],
            [
              10.728193,
              36.4714994
            ],
            [
              10.7275728,
              36.4717423
            ],
            [
              10.7269527,
              36.472663
            ],
            [
              10.7268255,
              36.4731233
            ],
            [
              10.7267778,
              36.4736476
            ],
            [
              10.7266188,
              36.4739545
            ],
            [
              10.7261894,
              36.4743125
            ],
            [
              10.7259509,
              36.474581
            ],
            [
              10.7258873,
              36.4750669
            ],
            [
              10.7258555,
              36.4755528
            ],
            [
              10.7255693,
              36.475898
            ],
            [
              10.7252194,
              36.4759492
            ],
            [
              10.7244403,
              36.476256
            ],
            [
              10.7237406,
              36.4764478
            ],
            [
              10.7233113,
              36.4768314
            ],
            [
              10.7221664,
              36.4783913
            ],
            [
              10.7219915,
              36.4785959
            ],
            [
              10.7213554,
              36.4788644
            ],
            [
              10.721101,
              36.479184
            ],
            [
              10.7212441,
              36.4795165
            ],
            [
              10.7216893,
              36.4796443
            ],
            [
              10.7221259,
              36.4794355
            ],
            [
              10.7214985,
              36.480143
            ],
            [
              10.7213713,
              36.4804498
            ],
            [
              10.7214349,
              36.4806544
            ],
            [
              10.7215144,
              36.4810763
            ],
            [
              10.7215303,
              36.4814343
            ],
            [
              10.721419,
              36.4817156
            ],
            [
              10.7213872,
              36.4822014
            ],
            [
              10.720783,
              36.4825338
            ],
            [
              10.7209261,
              36.4828663
            ],
            [
              10.7210851,
              36.4833777
            ],
            [
              10.7216098,
              36.483595
            ],
            [
              10.7215144,
              36.4838635
            ],
            [
              10.7207671,
              36.4837996
            ],
            [
              10.7201628,
              36.4837229
            ],
            [
              10.7196858,
              36.4839402
            ],
            [
              10.7190179,
              36.484311
            ],
            [
              10.718843,
              36.4848607
            ],
            [
              10.7193519,
              36.4852954
            ],
            [
              10.7187158,
              36.4860497
            ],
            [
              10.7180956,
              36.4864077
            ],
            [
              10.7180956,
              36.4867401
            ],
            [
              10.7179207,
              36.487456
            ],
            [
              10.7175868,
              36.4872515
            ],
            [
              10.7172052,
              36.4872131
            ],
            [
              10.7169508,
              36.4876989
            ],
            [
              10.7161716,
              36.4880185
            ],
            [
              10.7138659,
              36.4894759
            ],
            [
              10.7121804,
              36.4900129
            ],
            [
              10.7115125,
              36.4911251
            ],
            [
              10.7095248,
              36.4927486
            ],
            [
              10.7084595,
              36.493669
            ],
            [
              10.7069488,
              36.4944999
            ],
            [
              10.7054382,
              36.4942443
            ],
            [
              10.7047981,
              36.4948617
            ],
            [
              10.7038611,
              36.4938482
            ],
            [
              10.7053916,
              36.493233
            ],
            [
              10.7060111,
              36.4922955
            ],
            [
              10.7057925,
              36.4912994
            ],
            [
              10.7036424,
              36.4904791
            ],
            [
              10.701711,
              36.4904791
            ],
            [
              10.6997432,
              36.4904498
            ],
            [
              10.6982126,
              36.488897
            ]
          ]
        ]
      }
    },
    {
      "type": "Feature",
      "properties": {
        "name": "Bir Challouf",
        "name_ar": "بئر شلّوف",
        "osm_id": 7103329,
        "admin_level": "6"
      },
      "geometry": {
        "type": "Polygon",
        "coordinates": [
          [
            [
              10.6982126,
              36.488897
            ],
            [
              10.6988868,
              36.486641
            ],
            [
              10.7008364,
              36.4833448
            ],
            [
              10.7021119,
              36.4817626
            ],
            [
              10.7035331,
              36.4802023
            ],
            [
              10.7047266,
              36.4776311
            ],
            [
              10.706002,
              36.4747448
            ],
            [
              10.7068402,
              36.4732503
            ],
            [
              10.7083525,
              36.4719609
            ],
            [
              10.7147662,
              36.4678728
            ],
            [
              10.7206764,
              36.4638
            ],
            [
              10.7211655,
              36.463463
            ],
            [
              10.7220267,
              36.4628695
            ],
            [
              10.7240953,
              36.4615151
            ],
            [
              10.7256075,
              36.4606383
            ],
            [
              10.7279624,
              36.4591602
            ],
            [
              10.7289353,
              36.4584796
            ],
            [
              10.7302473,
              36.4576515
            ],
            [
              10.7318266,
              36.4566619
            ],
            [
              10.731689,
              36.4566238
            ],
            [
              10.7312997,
              36.4565159
            ],
            [
              10.7307926,
              36.4563136
            ],
            [
              10.730375,
              36.4561163
            ],
            [
              10.729568,
              36.4557152
            ],
            [
              10.7303077,
              36.4545894
            ],
            [
              10.7305856,
              36.4541497
            ],
            [
              10.7315193,
              36.4529518
            ],
            [
              10.7308498,
              36.4526878
            ],
            [
              10.7288273,
              36.4518891
            ],
            [
              10.726167,
              36.4510317
            ],
            [
              10.7238712,
              36.450145
            ],
            [
              10.7199628,
              36.4480051
            ],
            [
              10.7185872,
              36.4487893
            ],
            [
              10.7171204,
              36.4501597
            ],
            [
              10.7160909,
              36.4511709
            ],
            [
              10.715025,
              36.4531861
            ],
            [
              10.7129752,
              36.4526658
            ],
            [
              10.710324,
              36.4527171
            ],
            [
              10.7035331,
              36.451621
            ],
            [
              10.701547,
              36.4508442
            ],
            [
              10.6988321,
              36.4503459
            ],
            [
              10.6966092,
              36.4497303
            ],
            [
              10.6929833,
              36.4481474
            ],
            [
              10.6917448,
              36.4475887
            ],
            [
              10.6897588,
              36.4471966
            ],
            [
              10.6824704,
              36.4436862
            ],
            [
              10.6803842,
              36.4421398
            ],
            [
              10.6787807,
              36.441131
            ],
            [
              10.6781242,
              36.4414857
            ],
            [
              10.6779511,
              36.4423651
            ],
            [
              10.6780695,
              36.4429148
            ],
            [
              10.6780787,
              36.4438456
            ],
            [
              10.6776231,
              36.4442853
            ],
            [
              10.6765208,
              36.4449375
            ],
            [
              10.6759286,
              36.4455605
            ],
            [
              10.6750631,
              36.4463519
            ],
            [
              10.6744345,
              36.4470555
            ],
            [
              10.6739366,
              36.4473999
            ],
            [
              10.6749037,
              36.447836
            ],
            [
              10.6751132,
              36.4482757
            ],
            [
              10.6759332,
              36.4486274
            ],
            [
              10.6761518,
              36.4493309
            ],
            [
              10.6767759,
              36.4495435
            ],
            [
              10.6775594,
              36.4498549
            ],
            [
              10.6789624,
              36.4504631
            ],
            [
              10.6800237,
              36.4510164
            ],
            [
              10.680871,
              36.4514524
            ],
            [
              10.6803881,
              36.4518811
            ],
            [
              10.6797094,
              36.452112
            ],
            [
              10.6813948,
              36.4531232
            ],
            [
              10.682643,
              36.4539586
            ],
            [
              10.6839184,
              36.4543323
            ],
            [
              10.6846381,
              36.4547427
            ],
            [
              10.6847384,
              36.4555927
            ],
            [
              10.6848295,
              36.4557319
            ],
            [
              10.6850026,
              36.4558125
            ],
            [
              10.6851939,
              36.455981
            ],
            [
              10.6850117,
              36.4562375
            ],
            [
              10.6843284,
              36.4562961
            ],
            [
              10.6839002,
              36.4563034
            ],
            [
              10.6836178,
              36.4565526
            ],
            [
              10.6835176,
              36.4571168
            ],
            [
              10.6838546,
              36.4575784
            ],
            [
              10.6842737,
              36.4579008
            ],
            [
              10.6843922,
              36.4582599
            ],
            [
              10.6844104,
              36.458956
            ],
            [
              10.6846837,
              36.4593297
            ],
            [
              10.6857769,
              36.459315
            ],
            [
              10.686278,
              36.4591611
            ],
            [
              10.6896215,
              36.460905
            ],
            [
              10.6891387,
              36.4611688
            ],
            [
              10.6912158,
              36.4626928
            ],
            [
              10.6912614,
              36.4630225
            ],
            [
              10.6929104,
              36.4640996
            ],
            [
              10.6941858,
              36.4643707
            ],
            [
              10.696427,
              36.4647297
            ],
            [
              10.696427,
              36.465565
            ],
            [
              10.6945502,
              36.4666127
            ],
            [
              10.6931928,
              36.4680047
            ],
            [
              10.6954248,
              36.4694553
            ],
            [
              10.6969463,
              36.4704151
            ],
            [
              10.6990599,
              36.4705176
            ],
            [
              10.6996065,
              36.4710085
            ],
            [
              10.6998707,
              36.4719756
            ],
            [
              10.699479,
              36.4721367
            ],
            [
              10.6988595,
              36.472547
            ],
            [
              10.6983128,
              36.4734847
            ],
            [
              10.6961537,
              36.4748254
            ],
            [
              10.6938487,
              36.4763711
            ],
            [
              10.6894666,
              36.4798068
            ],
            [
              10.6906419,
              36.4810521
            ],
            [
              10.6931017,
              36.4805686
            ],
            [
              10.6950513,
              36.4820043
            ],
            [
              10.6909243,
              36.4857328
            ],
            [
              10.6948053,
              36.4880474
            ],
            [
              10.6941494,
              36.4887212
            ],
            [
              10.6961901,
              36.4903619
            ],
            [
              10.6982126,
              36.488897
            ]
          ]
        ]
      }
    },
    {
      "type": "Feature",
      "properties": {
        "name": "Neapolis",
        "name_ar": "نيابوليس",
        "osm_id": 7103330,
        "admin_level": "6"
      },
      "geometry": {
        "type": "Polygon",
        "coordinates": [
          [
            [
              10.6781242,
              36.4414857
            ],
            [
              10.6741156,
              36.4396094
            ],
            [
              10.6763574,
              36.4360663
            ],
            [
              10.6793359,
              36.432038
            ],
            [
              10.6804382,
              36.4304108
            ],
            [
              10.6807389,
              36.429905
            ],
            [
              10.6819688,
              36.4303375
            ],
            [
              10.6823697,
              36.4297584
            ],
            [
              10.6827341,
              36.4295971
            ],
            [
              10.6831258,
              36.4291427
            ],
            [
              10.6833536,
              36.42915
            ],
            [
              10.6834356,
              36.4289484
            ],
            [
              10.6841963,
              36.429161
            ],
            [
              10.6856364,
              36.4261298
            ],
            [
              10.6860588,
              36.4263435
            ],
            [
              10.6863016,
              36.4264579
            ],
            [
              10.6865457,
              36.4265787
            ],
            [
              10.6867978,
              36.4267093
            ],
            [
              10.6870566,
              36.4268561
            ],
            [
              10.6872176,
              36.4269327
            ],
            [
              10.6873691,
              36.4269748
            ],
            [
              10.6874844,
              36.4269802
            ],
            [
              10.687585,
              36.4269812
            ],
            [
              10.6876709,
              36.4270007
            ],
            [
              10.6877325,
              36.4270244
            ],
            [
              10.6879726,
              36.4271733
            ],
            [
              10.6883226,
              36.4273514
            ],
            [
              10.6886485,
              36.4274927
            ],
            [
              10.68902,
              36.4276416
            ],
            [
              10.6893794,
              36.4277905
            ],
            [
              10.6895243,
              36.4278359
            ],
            [
              10.6896517,
              36.4278876
            ],
            [
              10.6897885,
              36.4279664
            ],
            [
              10.6899118,
              36.4280484
            ],
            [
              10.6899977,
              36.4281056
            ],
            [
              10.6900969,
              36.4281671
            ],
            [
              10.6905314,
              36.4284822
            ],
            [
              10.6908265,
              36.4286732
            ],
            [
              10.6909686,
              36.4287606
            ],
            [
              10.691147,
              36.428862
            ],
            [
              10.6914568,
              36.4290207
            ],
            [
              10.6925029,
              36.4294879
            ],
            [
              10.6926665,
              36.4295818
            ],
            [
              10.6928167,
              36.4296605
            ],
            [
              10.6932271,
              36.4298645
            ],
            [
              10.6935664,
              36.4299993
            ],
            [
              10.6937863,
              36.4301051
            ],
            [
              10.6944273,
              36.4303673
            ],
            [
              10.6948122,
              36.4305183
            ],
            [
              10.6949577,
              36.4305755
            ],
            [
              10.6950811,
              36.4306138
            ],
            [
              10.695228,
              36.4306511
            ],
            [
              10.6953333,
              36.4306802
            ],
            [
              10.6955418,
              36.4307514
            ],
            [
              10.6957014,
              36.4308124
            ],
            [
              10.6958523,
              36.4308814
            ],
            [
              10.6960863,
              36.4309629
            ],
            [
              10.6963089,
              36.4310169
            ],
            [
              10.6965275,
              36.4310622
            ],
            [
              10.6968279,
              36.4311194
            ],
            [
              10.6970841,
              36.431142
            ],
            [
              10.6974113,
              36.4311819
            ],
            [
              10.6976286,
              36.4312024
            ],
            [
              10.69776,
              36.4312003
            ],
            [
              10.6978901,
              36.4311787
            ],
            [
              10.698153,
              36.4310503
            ],
            [
              10.6982267,
              36.431006
            ],
            [
              10.698283,
              36.4309715
            ],
            [
              10.6983501,
              36.4309607
            ],
            [
              10.6984238,
              36.4309651
            ],
            [
              10.6985231,
              36.4309823
            ],
            [
              10.6986357,
              36.4310071
            ],
            [
              10.6989549,
              36.4311032
            ],
            [
              10.699321,
              36.4312057
            ],
            [
              10.6995034,
              36.4312488
            ],
            [
              10.6996925,
              36.4313093
            ],
            [
              10.6997944,
              36.4313557
            ],
            [
              10.6999098,
              36.4313934
            ],
            [
              10.7000573,
              36.4314355
            ],
            [
              10.7001686,
              36.4314722
            ],
            [
              10.700347,
              36.4315121
            ],
            [
              10.7007064,
              36.4316297
            ],
            [
              10.7009143,
              36.4316858
            ],
            [
              10.7012643,
              36.43177
            ],
            [
              10.7015634,
              36.431852
            ],
            [
              10.7018074,
              36.4319027
            ],
            [
              10.7020086,
              36.4319459
            ],
            [
              10.7022098,
              36.4319826
            ],
            [
              10.7024539,
              36.4320182
            ],
            [
              10.7026845,
              36.4320311
            ],
            [
              10.7028709,
              36.4320344
            ],
            [
              10.7030506,
              36.4320462
            ],
            [
              10.7031606,
              36.4320603
            ],
            [
              10.7032639,
              36.432084
            ],
            [
              10.7033859,
              36.4321412
            ],
            [
              10.7034624,
              36.4321714
            ],
            [
              10.7035536,
              36.4321941
            ],
            [
              10.7037011,
              36.4322253
            ],
            [
              10.7038204,
              36.4322415
            ],
            [
              10.7039331,
              36.4322674
            ],
            [
              10.7040283,
              36.4323052
            ],
            [
              10.7041222,
              36.4323473
            ],
            [
              10.7042027,
              36.4323969
            ],
            [
              10.7042858,
              36.4324778
            ],
            [
              10.7044668,
              36.4326408
            ],
            [
              10.704613,
              36.4327433
            ],
            [
              10.705124,
              36.4330109
            ],
            [
              10.7053037,
              36.4330875
            ],
            [
              10.7054526,
              36.4331436
            ],
            [
              10.705639,
              36.4332115
            ],
            [
              10.7058428,
              36.4333
            ],
            [
              10.7061379,
              36.4334144
            ],
            [
              10.7063042,
              36.4334867
            ],
            [
              10.7065375,
              36.4335752
            ],
            [
              10.7069921,
              36.433764
            ],
            [
              10.7072081,
              36.4338579
            ],
            [
              10.7073636,
              36.433915
            ],
            [
              10.7075769,
              36.4339776
            ],
            [
              10.7079336,
              36.4340941
            ],
            [
              10.7080704,
              36.4341524
            ],
            [
              10.7081817,
              36.4342128
            ],
            [
              10.7083654,
              36.4343369
            ],
            [
              10.7086256,
              36.4344793
            ],
            [
              10.7091808,
              36.4347815
            ],
            [
              10.7096891,
              36.4349918
            ],
            [
              10.7102215,
              36.4352098
            ],
            [
              10.7105514,
              36.4353457
            ],
            [
              10.710892,
              36.4355205
            ],
            [
              10.711234,
              36.4357395
            ],
            [
              10.7116297,
              36.4359683
            ],
            [
              10.7122171,
              36.4362467
            ],
            [
              10.7127602,
              36.4364538
            ],
            [
              10.7132899,
              36.4366847
            ],
            [
              10.713762,
              36.4368854
            ],
            [
              10.7141201,
              36.4370429
            ],
            [
              10.7145398,
              36.4372091
            ],
            [
              10.7153727,
              36.4374993
            ],
            [
              10.7158112,
              36.4376482
            ],
            [
              10.7162363,
              36.4378036
            ],
            [
              10.7164603,
              36.4378532
            ],
            [
              10.716585,
              36.4378856
            ],
            [
              10.7167151,
              36.4379125
            ],
            [
              10.7170102,
              36.4379697
            ],
            [
              10.7174179,
              36.4380776
            ],
            [
              10.7177062,
              36.4381812
            ],
            [
              10.7180468,
              36.4383225
            ],
            [
              10.718417,
              36.4384703
            ],
            [
              10.718881,
              36.4386634
            ],
            [
              10.7193571,
              36.4388469
            ],
            [
              10.7195676,
              36.4389213
            ],
            [
              10.7197232,
              36.4389569
            ],
            [
              10.7199767,
              36.4390109
            ],
            [
              10.7201282,
              36.4390443
            ],
            [
              10.7203388,
              36.439122
            ],
            [
              10.7205681,
              36.439191
            ],
            [
              10.7209074,
              36.4392827
            ],
            [
              10.7212253,
              36.4393723
            ],
            [
              10.7214693,
              36.4394262
            ],
            [
              10.7218194,
              36.4394888
            ],
            [
              10.7222056,
              36.4395417
            ],
            [
              10.7226401,
              36.4396107
            ],
            [
              10.7230183,
              36.4396862
            ],
            [
              10.723257,
              36.4397445
            ],
            [
              10.7235118,
              36.4397985
            ],
            [
              10.7237157,
              36.4398351
            ],
            [
              10.7238766,
              36.4398438
            ],
            [
              10.7240966,
              36.439861
            ],
            [
              10.7246115,
              36.4398891
            ],
            [
              10.7249495,
              36.4399279
            ],
            [
              10.7252915,
              36.4399797
            ],
            [
              10.7256442,
              36.440011
            ],
            [
              10.7258856,
              36.4400283
            ],
            [
              10.7261458,
              36.4400682
            ],
            [
              10.7264556,
              36.440148
            ],
            [
              10.72676,
              36.4402063
            ],
            [
              10.7270886,
              36.4402311
            ],
            [
              10.7274869,
              36.4402732
            ],
            [
              10.7278838,
              36.4403045
            ],
            [
              10.7282111,
              36.4403012
            ],
            [
              10.7283961,
              36.4402829
            ],
            [
              10.7285691,
              36.4402613
            ],
            [
              10.728887,
              36.440202
            ],
            [
              10.7290345,
              36.440161
            ],
            [
              10.7291659,
              36.4401103
            ],
            [
              10.7292477,
              36.4400434
            ],
            [
              10.7293322,
              36.4399484
            ],
            [
              10.7294047,
              36.4398416
            ],
            [
              10.7294972,
              36.4397499
            ],
            [
              10.7295897,
              36.4396862
            ],
            [
              10.7297037,
              36.4396625
            ],
            [
              10.7298419,
              36.439656
            ],
            [
              10.72998,
              36.439642
            ],
            [
              10.7301463,
              36.4396345
            ],
            [
              10.7303877,
              36.4395643
            ],
            [
              10.7304977,
              36.4395169
            ],
            [
              10.7305902,
              36.4394586
            ],
            [
              10.7306653,
              36.4393917
            ],
            [
              10.730739,
              36.4393043
            ],
            [
              10.7307954,
              36.4392547
            ],
            [
              10.7309,
              36.4392266
            ],
            [
              10.7310006,
              36.4392277
            ],
            [
              10.7312138,
              36.4392709
            ],
            [
              10.7315209,
              36.4393874
            ],
            [
              10.7317932,
              36.4394791
            ],
            [
              10.7321593,
              36.4396043
            ],
            [
              10.7323296,
              36.4396647
            ],
            [
              10.7326273,
              36.4397661
            ],
            [
              10.7328312,
              36.4398405
            ],
            [
              10.733082,
              36.4399322
            ],
            [
              10.7336412,
              36.4402645
            ],
            [
              10.7339054,
              36.4404544
            ],
            [
              10.7341455,
              36.4406421
            ],
            [
              10.7344123,
              36.4408385
            ],
            [
              10.7346068,
              36.440982
            ],
            [
              10.7347637,
              36.441078
            ],
            [
              10.7349917,
              36.4411859
            ],
            [
              10.7352921,
              36.4413305
            ],
            [
              10.735571,
              36.4414405
            ],
            [
              10.735842,
              36.4415311
            ],
            [
              10.7361035,
              36.4415775
            ],
            [
              10.7363945,
              36.4416153
            ],
            [
              10.7366533,
              36.4416477
            ],
            [
              10.7368947,
              36.4416574
            ],
            [
              10.735084,
              36.4451309
            ],
            [
              10.7362849,
              36.4455476
            ],
            [
              10.7355507,
              36.4468033
            ],
            [
              10.7345622,
              36.4486207
            ],
            [
              10.7335054,
              36.4507899
            ],
            [
              10.7345281,
              36.4511489
            ],
            [
              10.7338482,
              36.4522466
            ],
            [
              10.733043,
              36.4535308
            ],
            [
              10.7315193,
              36.4529518
            ],
            [
              10.7308498,
              36.4526878
            ],
            [
              10.7288273,
              36.4518891
            ],
            [
              10.726167,
              36.4510317
            ],
            [
              10.7238712,
              36.450145
            ],
            [
              10.7199628,
              36.4480051
            ],
            [
              10.7185872,
              36.4487893
            ],
            [
              10.7171204,
              36.4501597
            ],
            [
              10.7160909,
              36.4511709
            ],
            [
              10.715025,
              36.4531861
            ],
            [
              10.7129752,
              36.4526658
            ],
            [
              10.710324,
              36.4527171
            ],
            [
              10.7035331,
              36.451621
            ],
            [
              10.701547,
              36.4508442
            ],
            [
              10.6988321,
              36.4503459
            ],
            [
              10.6966092,
              36.4497303
            ],
            [
              10.6929833,
              36.4481474
            ],
            [
              10.6917448,
              36.4475887
            ],
            [
              10.6897588,
              36.4471966
            ],
            [
              10.6824704,
              36.4436862
            ],
            [
              10.6803842,
              36.4421398
            ],
            [
              10.6787807,
              36.441131
            ],
            [
              10.6781242,
              36.4414857
            ]
          ]
        ]
      }
    },
    {
      "type": "Feature",
      "properties": {
        "name": "El Asouak",
        "name_ar": "الأسواق",
        "osm_id": 7103332,
        "admin_level": "6"
      },
      "geometry": {
        "type": "Polygon",
        "coordinates": [
          [
            [
              10.7279624,
              36.4591602
            ],
            [
              10.7285476,
              36.4596289
            ],
            [
              10.7292424,
              36.4611483
            ],
            [
              10.7293393,
              36.4612979
            ],
            [
              10.7294932,
              36.4614705
            ],
            [
              10.7297458,
              36.4616785
            ],
            [
              10.7300314,
              36.4618758
            ],
            [
              10.7308651,
              36.4623608
            ],
            [
              10.7311363,
              36.4625005
            ],
            [
              10.7333629,
              36.4635669
            ],
            [
              10.7336942,
              36.4630585
            ],
            [
              10.7339701,
              36.4625829
            ],
            [
              10.7344262,
              36.4617965
            ],
            [
              10.7345347,
              36.4616631
            ],
            [
              10.7350774,
              36.4609957
            ],
            [
              10.73551,
              36.460546
            ],
            [
              10.7360164,
              36.4598864
            ],
            [
              10.7368301,
              36.4586911
            ],
            [
              10.7371606,
              36.458203
            ],
            [
              10.7376566,
              36.4574967
            ],
            [
              10.738109,
              36.4564816
            ],
            [
              10.738497,
              36.4555703
            ],
            [
              10.7386267,
              36.4554108
            ],
            [
              10.739072,
              36.4551745
            ],
            [
              10.7394601,
              36.4548623
            ],
            [
              10.740003,
              36.4544256
            ],
            [
              10.7367591,
              36.4532903
            ],
            [
              10.7338482,
              36.4522466
            ],
            [
              10.733043,
              36.4535308
            ],
            [
              10.7315193,
              36.4529518
            ],
            [
              10.7305856,
              36.4541497
            ],
            [
              10.7303077,
              36.4545894
            ],
            [
              10.729568,
              36.4557152
            ],
            [
              10.730375,
              36.4561163
            ],
            [
              10.7307926,
              36.4563136
            ],
            [
              10.7312997,
              36.4565159
            ],
            [
              10.731689,
              36.4566238
            ],
            [
              10.7318266,
              36.4566619
            ],
            [
              10.7302473,
              36.4576515
            ],
            [
              10.7289353,
              36.4584796
            ],
            [
              10.7279624,
              36.4591602
            ]
          ]
        ]
      }
    },
    {
      "type": "Feature",
      "properties": {
        "name": "Amroun",
        "name_ar": "عمرون",
        "osm_id": 7103334,
        "admin_level": "6"
      },
      "geometry": {
        "type": "Polygon",
        "coordinates": [
          [
            [
              10.7221259,
              36.4794355
            ],
            [
              10.7231834,
              36.4798542
            ],
            [
              10.7244714,
              36.4801738
            ],
            [
              10.726141,
              36.4805957
            ],
            [
              10.7276358,
              36.4808131
            ],
            [
              10.7293213,
              36.4815035
            ],
            [
              10.7303231,
              36.4816058
            ],
            [
              10.7314998,
              36.4815163
            ],
            [
              10.7315952,
              36.4825775
            ],
            [
              10.7329627,
              36.4830633
            ],
            [
              10.7349663,
              36.484035
            ],
            [
              10.7359998,
              36.4841628
            ],
            [
              10.7411837,
              36.4785245
            ],
            [
              10.7395594,
              36.4776039
            ],
            [
              10.7411996,
              36.4751361
            ],
            [
              10.7398321,
              36.4745606
            ],
            [
              10.7403886,
              36.4733843
            ],
            [
              10.7397207,
              36.4730902
            ],
            [
              10.739848,
              36.4728089
            ],
            [
              10.7385015,
              36.4722156
            ],
            [
              10.7397413,
              36.4705801
            ],
            [
              10.7470831,
              36.4740492
            ],
            [
              10.750963,
              36.4755581
            ],
            [
              10.7518742,
              36.4756947
            ],
            [
              10.7537934,
              36.4755837
            ],
            [
              10.7553064,
              36.47484
            ],
            [
              10.7571249,
              36.4787969
            ],
            [
              10.7589132,
              36.48174
            ],
            [
              10.7590808,
              36.4826611
            ],
            [
              10.759444,
              36.4852896
            ],
            [
              10.759465,
              36.4870587
            ],
            [
              10.7591926,
              36.4877888
            ],
            [
              10.7592834,
              36.4886087
            ],
            [
              10.7598981,
              36.4896196
            ],
            [
              10.7603591,
              36.4899566
            ],
            [
              10.7613371,
              36.4905182
            ],
            [
              10.7633139,
              36.4917087
            ],
            [
              10.7637889,
              36.4921131
            ],
            [
              10.7640125,
              36.4925736
            ],
            [
              10.7633419,
              36.4931913
            ],
            [
              10.7632161,
              36.4936293
            ],
            [
              10.7633978,
              36.4941347
            ],
            [
              10.7638029,
              36.495797
            ],
            [
              10.7645713,
              36.4980656
            ],
            [
              10.7648228,
              36.4988293
            ],
            [
              10.7645713,
              36.4995817
            ],
            [
              10.7633,
              36.5010641
            ],
            [
              10.7622382,
              36.5022995
            ],
            [
              10.7605477,
              36.504085
            ],
            [
              10.758983,
              36.5055
            ],
            [
              10.7568036,
              36.5066903
            ],
            [
              10.7546102,
              36.5073641
            ],
            [
              10.7523888,
              36.5080603
            ],
            [
              10.7502792,
              36.5094303
            ],
            [
              10.7485608,
              36.5097784
            ],
            [
              10.7465491,
              36.5115525
            ],
            [
              10.7443696,
              36.5142249
            ],
            [
              10.7424277,
              36.516145
            ],
            [
              10.7411843,
              36.5174362
            ],
            [
              10.7401644,
              36.5182895
            ],
            [
              10.7390747,
              36.5186937
            ],
            [
              10.7377755,
              36.5189856
            ],
            [
              10.7367696,
              36.5197154
            ],
            [
              10.7362666,
              36.520434
            ],
            [
              10.7359034,
              36.521029
            ],
            [
              10.7356798,
              36.5216353
            ],
            [
              10.7348835,
              36.5219834
            ],
            [
              10.7343107,
              36.5222865
            ],
            [
              10.7331232,
              36.5230836
            ],
            [
              10.7329556,
              36.5235664
            ],
            [
              10.7328578,
              36.5243523
            ],
            [
              10.7325504,
              36.5248687
            ],
            [
              10.7320055,
              36.5252841
            ],
            [
              10.731335,
              36.5256097
            ],
            [
              10.7302872,
              36.525576
            ],
            [
              10.7302592,
              36.5258118
            ],
            [
              10.7297842,
              36.5266538
            ],
            [
              10.7291695,
              36.5270804
            ],
            [
              10.7282754,
              36.527361
            ],
            [
              10.7272415,
              36.5276193
            ],
            [
              10.727018,
              36.5279111
            ],
            [
              10.7268224,
              36.528551
            ],
            [
              10.7267665,
              36.5293032
            ],
            [
              10.7266129,
              36.5299094
            ],
            [
              10.7257327,
              36.5309759
            ],
            [
              10.7251878,
              36.5316382
            ],
            [
              10.7243775,
              36.5323903
            ],
            [
              10.7236231,
              36.532424
            ],
            [
              10.7229525,
              36.5328057
            ],
            [
              10.721793,
              36.5339956
            ],
            [
              10.7209407,
              36.5344895
            ],
            [
              10.7201304,
              36.5351855
            ],
            [
              10.7193062,
              36.5355672
            ],
            [
              10.718887,
              36.5356345
            ],
            [
              10.7181187,
              36.5361397
            ],
            [
              10.7176437,
              36.5363642
            ],
            [
              10.7171966,
              36.5364427
            ],
            [
              10.7167495,
              36.5360835
            ],
            [
              10.7168892,
              36.5353988
            ],
            [
              10.716987,
              36.5350508
            ],
            [
              10.7163164,
              36.5346467
            ],
            [
              10.7159253,
              36.5348488
            ],
            [
              10.7154083,
              36.5355896
            ],
            [
              10.7152407,
              36.5362631
            ],
            [
              10.7146819,
              36.5371275
            ],
            [
              10.7138855,
              36.5378571
            ],
            [
              10.7134664,
              36.5382949
            ],
            [
              10.7138995,
              36.5387775
            ],
            [
              10.7137039,
              36.5391143
            ],
            [
              10.7129215,
              36.5400796
            ],
            [
              10.7116782,
              36.5406521
            ],
            [
              10.7109517,
              36.5520329
            ],
            [
              10.7086884,
              36.5541204
            ],
            [
              10.7077664,
              36.5547264
            ],
            [
              10.7073752,
              36.5556691
            ],
            [
              10.7054193,
              36.55733
            ],
            [
              10.7029884,
              36.5570606
            ],
            [
              10.6991883,
              36.5589908
            ],
            [
              10.6970927,
              36.5590357
            ],
            [
              10.6959471,
              36.5597763
            ],
            [
              10.6948606,
              36.5594488
            ],
            [
              10.6943431,
              36.5583549
            ],
            [
              10.6943431,
              36.5570009
            ],
            [
              10.6928165,
              36.5558514
            ],
            [
              10.6917989,
              36.5545996
            ],
            [
              10.6910038,
              36.5535266
            ],
            [
              10.6892546,
              36.5510741
            ],
            [
              10.6875055,
              36.5484937
            ],
            [
              10.6856609,
              36.5465008
            ],
            [
              10.6849613,
              36.5457088
            ],
            [
              10.6839118,
              36.5449168
            ],
            [
              10.681781,
              36.5427194
            ],
            [
              10.6765296,
              36.5381681
            ],
            [
              10.6784855,
              36.5377593
            ],
            [
              10.6803459,
              36.5376826
            ],
            [
              10.6814431,
              36.5377593
            ],
            [
              10.68227,
              36.5376443
            ],
            [
              10.6850209,
              36.5362133
            ],
            [
              10.6851322,
              36.5354467
            ],
            [
              10.6859432,
              36.5346546
            ],
            [
              10.6875969,
              36.5340413
            ],
            [
              10.6882807,
              36.5340924
            ],
            [
              10.6887418,
              36.5342841
            ],
            [
              10.6905228,
              36.5334153
            ],
            [
              10.691286,
              36.532457
            ],
            [
              10.691286,
              36.5320992
            ],
            [
              10.6906977,
              36.5308598
            ],
            [
              10.6907931,
              36.5300676
            ],
            [
              10.6918903,
              36.5289304
            ],
            [
              10.6922083,
              36.528611
            ],
            [
              10.6934804,
              36.528036
            ],
            [
              10.6945299,
              36.5271671
            ],
            [
              10.6934645,
              36.5265666
            ],
            [
              10.6926535,
              36.5250715
            ],
            [
              10.6912701,
              36.5246882
            ],
            [
              10.6910634,
              36.5239854
            ],
            [
              10.6905228,
              36.5233337
            ],
            [
              10.6906341,
              36.5227586
            ],
            [
              10.6896323,
              36.5222475
            ],
            [
              10.6896005,
              36.5214424
            ],
            [
              10.6898549,
              36.5211102
            ],
            [
              10.6898072,
              36.5205607
            ],
            [
              10.6895051,
              36.5191038
            ],
            [
              10.68968,
              36.5187971
            ],
            [
              10.6903161,
              36.5185671
            ],
            [
              10.690332,
              36.5182221
            ],
            [
              10.6908567,
              36.5178898
            ],
            [
              10.6907613,
              36.5171486
            ],
            [
              10.6913655,
              36.5168419
            ],
            [
              10.6916518,
              36.5161646
            ],
            [
              10.6927012,
              36.5154745
            ],
            [
              10.6932101,
              36.5149633
            ],
            [
              10.6935758,
              36.5143115
            ],
            [
              10.6943868,
              36.5133785
            ],
            [
              10.6929557,
              36.5112826
            ],
            [
              10.692097,
              36.5100556
            ],
            [
              10.692415,
              36.5084197
            ],
            [
              10.6910952,
              36.5046364
            ],
            [
              10.6901252,
              36.5031026
            ],
            [
              10.6930511,
              36.5030131
            ],
            [
              10.6955317,
              36.5007763
            ],
            [
              10.6980759,
              36.4993574
            ],
            [
              10.703053,
              36.4965452
            ],
            [
              10.7047981,
              36.4948617
            ],
            [
              10.7054382,
              36.4942443
            ],
            [
              10.7069488,
              36.4944999
            ],
            [
              10.7084595,
              36.493669
            ],
            [
              10.7095248,
              36.4927486
            ],
            [
              10.7115125,
              36.4911251
            ],
            [
              10.7121804,
              36.4900129
            ],
            [
              10.7138659,
              36.4894759
            ],
            [
              10.7161716,
              36.4880185
            ],
            [
              10.7169508,
              36.4876989
            ],
            [
              10.7172052,
              36.4872131
            ],
            [
              10.7175868,
              36.4872515
            ],
            [
              10.7179207,
              36.487456
            ],
            [
              10.7180956,
              36.4867401
            ],
            [
              10.7180956,
              36.4864077
            ],
            [
              10.7187158,
              36.4860497
            ],
            [
              10.7193519,
              36.4852954
            ],
            [
              10.718843,
              36.4848607
            ],
            [
              10.7190179,
              36.484311
            ],
            [
              10.7196858,
              36.4839402
            ],
            [
              10.7201628,
              36.4837229
            ],
            [
              10.7207671,
              36.4837996
            ],
            [
              10.7215144,
              36.4838635
            ],
            [
              10.7216098,
              36.483595
            ],
            [
              10.7210851,
              36.4833777
            ],
            [
              10.7209261,
              36.4828663
            ],
            [
              10.720783,
              36.4825338
            ],
            [
              10.7213872,
              36.4822014
            ],
            [
              10.721419,
              36.4817156
            ],
            [
              10.7215303,
              36.4814343
            ],
            [
              10.7215144,
              36.4810763
            ],
            [
              10.7214349,
              36.4806544
            ],
            [
              10.7213713,
              36.4804498
            ],
            [
              10.7214985,
              36.480143
            ],
            [
              10.7221259,
              36.4794355
            ]
          ]
        ]
      }
    },
    {
      "type": "Feature",
      "properties": {
        "name": "Dar Chaabane",
        "name_ar": "دار شعبان",
        "osm_id": 7103335,
        "admin_level": "6"
      },
      "geometry": {
        "type": "Polygon",
        "coordinates": [
          [
            [
              10.7221259,
              36.4794355
            ],
            [
              10.7231834,
              36.4798542
            ],
            [
              10.7244714,
              36.4801738
            ],
            [
              10.726141,
              36.4805957
            ],
            [
              10.7276358,
              36.4808131
            ],
            [
              10.7293213,
              36.4815035
            ],
            [
              10.7303231,
              36.4816058
            ],
            [
              10.7314998,
              36.4815163
            ],
            [
              10.7315952,
              36.4825775
            ],
            [
              10.7329627,
              36.4830633
            ],
            [
              10.7349663,
              36.484035
            ],
            [
              10.7359998,
              36.4841628
            ],
            [
              10.7411837,
              36.4785245
            ],
            [
              10.7395594,
              36.4776039
            ],
            [
              10.7411996,
              36.4751361
            ],
            [
              10.7398321,
              36.4745606
            ],
            [
              10.7403886,
              36.4733843
            ],
            [
              10.7397207,
              36.4730902
            ],
            [
              10.739848,
              36.4728089
            ],
            [
              10.7385015,
              36.4722156
            ],
            [
              10.7397413,
              36.4705801
            ],
            [
              10.7470831,
              36.4740492
            ],
            [
              10.750963,
              36.4755581
            ],
            [
              10.7518742,
              36.4756947
            ],
            [
              10.7537934,
              36.4755837
            ],
            [
              10.7553064,
              36.47484
            ],
            [
              10.7563146,
              36.4739888
            ],
            [
              10.757291,
              36.4727169
            ],
            [
              10.758102,
              36.4717498
            ],
            [
              10.7624897,
              36.4734945
            ],
            [
              10.762825,
              36.4718093
            ],
            [
              10.7629647,
              36.4707532
            ],
            [
              10.7639508,
              36.4695924
            ],
            [
              10.7655766,
              36.4677574
            ],
            [
              10.7669178,
              36.4659597
            ],
            [
              10.7675605,
              36.4651957
            ],
            [
              10.7676443,
              36.463825
            ],
            [
              10.7680148,
              36.4624914
            ],
            [
              10.7653064,
              36.4616623
            ],
            [
              10.7638418,
              36.461214
            ],
            [
              10.7606514,
              36.4609876
            ],
            [
              10.7572345,
              36.4603527
            ],
            [
              10.7543685,
              36.4598048
            ],
            [
              10.7526177,
              36.4591599
            ],
            [
              10.7507208,
              36.4584503
            ],
            [
              10.7486171,
              36.4576364
            ],
            [
              10.7467928,
              36.4568394
            ],
            [
              10.7447483,
              36.455763
            ],
            [
              10.7446247,
              36.4559563
            ],
            [
              10.7441796,
              36.4563696
            ],
            [
              10.7438977,
              36.4568072
            ],
            [
              10.7430592,
              36.4581137
            ],
            [
              10.7419605,
              36.459683
            ],
            [
              10.7415068,
              36.4606162
            ],
            [
              10.7411447,
              36.4615653
            ],
            [
              10.7408662,
              36.4619546
            ],
            [
              10.7405144,
              36.4623408
            ],
            [
              10.740405,
              36.4623664
            ],
            [
              10.7400539,
              36.46234
            ],
            [
              10.7397843,
              36.4624669
            ],
            [
              10.7396026,
              36.4627943
            ],
            [
              10.7395281,
              36.463213
            ],
            [
              10.7393145,
              36.4636547
            ],
            [
              10.7390815,
              36.4641675
            ],
            [
              10.7386528,
              36.4648129
            ],
            [
              10.7384852,
              36.4650684
            ],
            [
              10.7381899,
              36.4654507
            ],
            [
              10.7379007,
              36.4655468
            ],
            [
              10.7374715,
              36.4655222
            ],
            [
              10.7372668,
              36.4657271
            ],
            [
              10.7367015,
              36.4661707
            ],
            [
              10.7365226,
              36.4666671
            ],
            [
              10.736456,
              36.4669624
            ],
            [
              10.7362324,
              36.4673207
            ],
            [
              10.7358389,
              36.4676994
            ],
            [
              10.7350146,
              36.4681107
            ],
            [
              10.734315,
              36.4685583
            ],
            [
              10.7338697,
              36.4690954
            ],
            [
              10.7335835,
              36.4693383
            ],
            [
              10.733504,
              36.4696197
            ],
            [
              10.7331224,
              36.4700288
            ],
            [
              10.7325817,
              36.4701951
            ],
            [
              10.7312301,
              36.470438
            ],
            [
              10.7305305,
              36.470502
            ],
            [
              10.7299103,
              36.4706938
            ],
            [
              10.7293538,
              36.4711158
            ],
            [
              10.7288926,
              36.4712948
            ],
            [
              10.728193,
              36.4714994
            ],
            [
              10.7275728,
              36.4717423
            ],
            [
              10.7269527,
              36.472663
            ],
            [
              10.7268255,
              36.4731233
            ],
            [
              10.7267778,
              36.4736476
            ],
            [
              10.7266188,
              36.4739545
            ],
            [
              10.7261894,
              36.4743125
            ],
            [
              10.7259509,
              36.474581
            ],
            [
              10.7258873,
              36.4750669
            ],
            [
              10.7258555,
              36.4755528
            ],
            [
              10.7255693,
              36.475898
            ],
            [
              10.7252194,
              36.4759492
            ],
            [
              10.7244403,
              36.476256
            ],
            [
              10.7237406,
              36.4764478
            ],
            [
              10.7233113,
              36.4768314
            ],
            [
              10.7221664,
              36.4783913
            ],
            [
              10.7219915,
              36.4785959
            ],
            [
              10.7213554,
              36.4788644
            ],
            [
              10.721101,
              36.479184
            ],
            [
              10.7212441,
              36.4795165
            ],
            [
              10.7216893,
              36.4796443
            ],
            [
              10.7221259,
              36.4794355
            ]
          ]
        ]
      }
    },
    {
      "type": "Feature",
      "properties": {
        "name": "Borj Hfaiedh",
        "name_ar": "برج حفيظ",
        "osm_id": 7103679,
        "admin_level": "6"
      },
      "geometry": {
        "type": "Polygon",
        "coordinates": [
          [
            [
              10.6276572,
              36.5346641
            ],
            [
              10.6246917,
              36.5325716
            ],
            [
              10.6190941,
              36.52903
            ],
            [
              10.6192264,
              36.5271883
            ],
            [
              10.6198214,
              36.5185636
            ],
            [
              10.6172985,
              36.5161713
            ],
            [
              10.6166039,
              36.5151099
            ],
            [
              10.6156122,
              36.5151453
            ],
            [
              10.6147086,
              36.5141358
            ],
            [
              10.6146866,
              36.5137284
            ],
            [
              10.6118878,
              36.5116206
            ],
            [
              10.608494,
              36.5093711
            ],
            [
              10.6044832,
              36.5073695
            ],
            [
              10.5994145,
              36.5050845
            ],
            [
              10.5985991,
              36.5053325
            ],
            [
              10.5976735,
              36.5063776
            ],
            [
              10.5939822,
              36.5047213
            ],
            [
              10.5929575,
              36.5067141
            ],
            [
              10.5924286,
              36.5088309
            ],
            [
              10.5921862,
              36.5107881
            ],
            [
              10.5882084,
              36.5093711
            ],
            [
              10.5830956,
              36.5080781
            ],
            [
              10.5793492,
              36.5063244
            ],
            [
              10.576859,
              36.5054387
            ],
            [
              10.5725942,
              36.5038523
            ],
            [
              10.5755271,
              36.5002939
            ],
            [
              10.5767191,
              36.4976979
            ],
            [
              10.5770393,
              36.4968559
            ],
            [
              10.5773128,
              36.4959988
            ],
            [
              10.577715,
              36.4942846
            ],
            [
              10.5785004,
              36.4920016
            ],
            [
              10.5786496,
              36.491682
            ],
            [
              10.5806109,
              36.4878292
            ],
            [
              10.5817569,
              36.4851183
            ],
            [
              10.5821976,
              36.4832578
            ],
            [
              10.5829689,
              36.4800152
            ],
            [
              10.5829689,
              36.4791469
            ],
            [
              10.5825061,
              36.4783141
            ],
            [
              10.5806991,
              36.4757092
            ],
            [
              10.5783631,
              36.4718282
            ],
            [
              10.5773493,
              36.469932
            ],
            [
              10.5752558,
              36.4686737
            ],
            [
              10.573658,
              36.4675661
            ],
            [
              10.5726773,
              36.4663166
            ],
            [
              10.5719501,
              36.4653064
            ],
            [
              10.5713992,
              36.4630733
            ],
            [
              10.5706259,
              36.4601331
            ],
            [
              10.570574,
              36.4594216
            ],
            [
              10.5705516,
              36.4589093
            ],
            [
              10.5707345,
              36.4590005
            ],
            [
              10.5709573,
              36.459137
            ],
            [
              10.5710245,
              36.4593247
            ],
            [
              10.571132,
              36.4596064
            ],
            [
              10.571325,
              36.4597566
            ],
            [
              10.5715534,
              36.4602995
            ],
            [
              10.5720823,
              36.4607958
            ],
            [
              10.5728096,
              36.4609908
            ],
            [
              10.5733826,
              36.4613807
            ],
            [
              10.5739776,
              36.4616997
            ],
            [
              10.5748591,
              36.4615048
            ],
            [
              10.5749913,
              36.4619301
            ],
            [
              10.5752778,
              36.4620719
            ],
            [
              10.5763576,
              36.4624796
            ],
            [
              10.5768865,
              36.4624796
            ],
            [
              10.5775256,
              36.4629935
            ],
            [
              10.5781868,
              36.4631885
            ],
            [
              10.5782969,
              36.4637734
            ],
            [
              10.5785394,
              36.4644114
            ],
            [
              10.5785614,
              36.4651026
            ],
            [
              10.5788699,
              36.4654748
            ],
            [
              10.5790022,
              36.4658647
            ],
            [
              10.5792446,
              36.466361
            ],
            [
              10.5797735,
              36.4664673
            ],
            [
              10.5805668,
              36.4668395
            ],
            [
              10.5813602,
              36.4670344
            ],
            [
              10.5820433,
              36.4671053
            ],
            [
              10.5833656,
              36.466804
            ],
            [
              10.5837182,
              36.467442
            ],
            [
              10.5857897,
              36.4676902
            ],
            [
              10.5864068,
              36.4685231
            ],
            [
              10.5870239,
              36.4683813
            ],
            [
              10.5868916,
              36.4687535
            ],
            [
              10.5874205,
              36.4688953
            ],
            [
              10.5875307,
              36.4693738
            ],
            [
              10.5880817,
              36.4692852
            ],
            [
              10.5886106,
              36.4693915
            ],
            [
              10.5890734,
              36.4697105
            ],
            [
              10.5893819,
              36.4698877
            ],
            [
              10.5901973,
              36.4701713
            ],
            [
              10.5911449,
              36.4699763
            ],
            [
              10.5921145,
              36.4693383
            ],
            [
              10.5924892,
              36.4688067
            ],
            [
              10.5936351,
              36.4680446
            ],
            [
              10.5949133,
              36.4676724
            ],
            [
              10.5963458,
              36.4664318
            ],
            [
              10.5976019,
              36.4669635
            ],
            [
              10.5991005,
              36.4652799
            ],
            [
              10.6006211,
              36.4630113
            ],
            [
              10.6008415,
              36.46014
            ],
            [
              10.6106482,
              36.4602286
            ],
            [
              10.6158359,
              36.46049
            ],
            [
              10.6194412,
              36.4606717
            ],
            [
              10.6236945,
              36.4612389
            ],
            [
              10.6231215,
              36.461682
            ],
            [
              10.6217331,
              36.4625327
            ],
            [
              10.6194988,
              36.4633669
            ],
            [
              10.6149072,
              36.4649202
            ],
            [
              10.6127207,
              36.4682611
            ],
            [
              10.6110444,
              36.4699315
            ],
            [
              10.6111902,
              36.4730964
            ],
            [
              10.6140326,
              36.4759389
            ],
            [
              10.6108257,
              36.4765249
            ],
            [
              10.6139962,
              36.4789863
            ],
            [
              10.6188793,
              36.4801584
            ],
            [
              10.6207378,
              36.482942
            ],
            [
              10.6225235,
              36.4858133
            ],
            [
              10.6241634,
              36.4888604
            ],
            [
              10.6295203,
              36.4934893
            ],
            [
              10.6335653,
              36.496829
            ],
            [
              10.6336382,
              36.4991726
            ],
            [
              10.6342212,
              36.5017211
            ],
            [
              10.6344763,
              36.5035666
            ],
            [
              10.6353145,
              36.505617
            ],
            [
              10.6357882,
              36.5066422
            ],
            [
              10.6359704,
              36.5078139
            ],
            [
              10.6363713,
              36.5088683
            ],
            [
              10.6373552,
              36.5111823
            ],
            [
              10.6377561,
              36.5129103
            ],
            [
              10.638084,
              36.5144333
            ],
            [
              10.6385213,
              36.5158392
            ],
            [
              10.6386307,
              36.5168056
            ],
            [
              10.6395781,
              36.5171278
            ],
            [
              10.6397603,
              36.5201736
            ],
            [
              10.6430036,
              36.52442
            ],
            [
              10.6384046,
              36.5262055
            ],
            [
              10.6306914,
              36.5316597
            ],
            [
              10.628069,
              36.5344043
            ],
            [
              10.6276572,
              36.5346641
            ]
          ]
        ]
      }
    },
    {
      "type": "Feature",
      "properties": {
        "name": "Bou Argoub Sud",
        "name_ar": "بو عرقوب الجنوبية",
        "osm_id": 7103680,
        "admin_level": "6"
      },
      "geometry": {
        "type": "Polygon",
        "coordinates": [
          [
            [
              10.5359847,
              36.4941188
            ],
            [
              10.535839,
              36.4944488
            ],
            [
              10.5346624,
              36.4971128
            ],
            [
              10.534398,
              36.4973962
            ],
            [
              10.5323264,
              36.4967053
            ],
            [
              10.5299464,
              36.4957309
            ],
            [
              10.5279189,
              36.494916
            ],
            [
              10.5268391,
              36.493853
            ],
            [
              10.5246133,
              36.493038
            ],
            [
              10.5229604,
              36.4925065
            ],
            [
              10.5217924,
              36.4920459
            ],
            [
              10.5209109,
              36.4920459
            ],
            [
              10.5196768,
              36.4917624
            ],
            [
              10.5186851,
              36.4914435
            ],
            [
              10.5171866,
              36.4913372
            ],
            [
              10.51571,
              36.4915321
            ],
            [
              10.5146963,
              36.4920813
            ],
            [
              10.5136826,
              36.4924002
            ],
            [
              10.5115229,
              36.4937113
            ],
            [
              10.5104871,
              36.4941365
            ],
            [
              10.5090547,
              36.4943845
            ],
            [
              10.508085,
              36.4945085
            ],
            [
              10.5070052,
              36.4942782
            ],
            [
              10.5063,
              36.4953766
            ],
            [
              10.5052642,
              36.4957132
            ],
            [
              10.5048234,
              36.4956246
            ],
            [
              10.5040301,
              36.496103
            ],
            [
              10.5037656,
              36.496847
            ],
            [
              10.5036775,
              36.4976797
            ],
            [
              10.503369,
              36.4986186
            ],
            [
              10.5018043,
              36.4989906
            ],
            [
              10.499887,
              36.4992209
            ],
            [
              10.4967797,
              36.5012404
            ],
            [
              10.4960304,
              36.5022325
            ],
            [
              10.4956778,
              36.5043582
            ],
            [
              10.4955897,
              36.505669
            ],
            [
              10.4955015,
              36.5064484
            ],
            [
              10.5065259,
              36.5073385
            ],
            [
              10.5129608,
              36.5073031
            ],
            [
              10.5194399,
              36.508791
            ],
            [
              10.5281227,
              36.5105623
            ],
            [
              10.5333126,
              36.5109343
            ],
            [
              10.5354723,
              36.5116605
            ],
            [
              10.5431634,
              36.5141756
            ],
            [
              10.5486949,
              36.5159822
            ],
            [
              10.5534771,
              36.5176471
            ],
            [
              10.5525955,
              36.5193296
            ],
            [
              10.5503323,
              36.5227013
            ],
            [
              10.5536216,
              36.5240416
            ],
            [
              10.5562161,
              36.5251366
            ],
            [
              10.5565803,
              36.5245948
            ],
            [
              10.5575184,
              36.5233283
            ],
            [
              10.5583751,
              36.5223689
            ],
            [
              10.5595139,
              36.5215596
            ],
            [
              10.5606915,
              36.5207454
            ],
            [
              10.5612837,
              36.5200619
            ],
            [
              10.5619662,
              36.5188277
            ],
            [
              10.5627831,
              36.5167938
            ],
            [
              10.5637871,
              36.5147011
            ],
            [
              10.5644625,
              36.5137085
            ],
            [
              10.564894,
              36.5132125
            ],
            [
              10.5667327,
              36.5111554
            ],
            [
              10.570833,
              36.50644
            ],
            [
              10.5712569,
              36.5054684
            ],
            [
              10.5717556,
              36.5049472
            ],
            [
              10.5725942,
              36.5038523
            ],
            [
              10.5755271,
              36.5002939
            ],
            [
              10.5767191,
              36.4976979
            ],
            [
              10.5770393,
              36.4968559
            ],
            [
              10.5773128,
              36.4959988
            ],
            [
              10.577715,
              36.4942846
            ],
            [
              10.5785004,
              36.4920016
            ],
            [
              10.5786496,
              36.491682
            ],
            [
              10.5751456,
              36.4898313
            ],
            [
              10.5731262,
              36.4890456
            ],
            [
              10.5670577,
              36.4863763
            ],
            [
              10.5575155,
              36.4826731
            ],
            [
              10.5572069,
              36.4803518
            ],
            [
              10.555466,
              36.4775344
            ],
            [
              10.5512127,
              36.4768433
            ],
            [
              10.5486343,
              36.4773217
            ],
            [
              10.5481495,
              36.4796253
            ],
            [
              10.5462983,
              36.4794659
            ],
            [
              10.5448438,
              36.4813087
            ],
            [
              10.5439623,
              36.4811847
            ],
            [
              10.54264,
              36.4808834
            ],
            [
              10.5416483,
              36.4814327
            ],
            [
              10.5410754,
              36.481982
            ],
            [
              10.5405024,
              36.4831338
            ],
            [
              10.5395548,
              36.4838248
            ],
            [
              10.538541,
              36.484002
            ],
            [
              10.537924,
              36.485012
            ],
            [
              10.5376375,
              36.4856498
            ],
            [
              10.5376155,
              36.4871382
            ],
            [
              10.5370204,
              36.4879
            ],
            [
              10.5368882,
              36.4886087
            ],
            [
              10.5372408,
              36.4897072
            ],
            [
              10.5371527,
              36.4903273
            ],
            [
              10.5372629,
              36.4912663
            ],
            [
              10.5369543,
              36.4922231
            ],
            [
              10.5365136,
              36.4921876
            ],
            [
              10.5362271,
              36.4929495
            ],
            [
              10.5359847,
              36.4941188
            ]
          ]
        ]
      }
    },
    {
      "type": "Feature",
      "properties": {
        "name": "El Machrouha",
        "name_ar": "المشروحة",
        "osm_id": 7103681,
        "admin_level": "6"
      },
      "geometry": {
        "type": "Polygon",
        "coordinates": [
          [
            [
              10.6276572,
              36.5346641
            ],
            [
              10.6246917,
              36.5325716
            ],
            [
              10.6190941,
              36.52903
            ],
            [
              10.6192264,
              36.5271883
            ],
            [
              10.6198214,
              36.5185636
            ],
            [
              10.6172985,
              36.5161713
            ],
            [
              10.6166039,
              36.5151099
            ],
            [
              10.6156122,
              36.5151453
            ],
            [
              10.6147086,
              36.5141358
            ],
            [
              10.6146866,
              36.5137284
            ],
            [
              10.6118878,
              36.5116206
            ],
            [
              10.608494,
              36.5093711
            ],
            [
              10.6044832,
              36.5073695
            ],
            [
              10.5994145,
              36.5050845
            ],
            [
              10.5985991,
              36.5053325
            ],
            [
              10.5976735,
              36.5063776
            ],
            [
              10.5939822,
              36.5047213
            ],
            [
              10.5929575,
              36.5067141
            ],
            [
              10.5924286,
              36.5088309
            ],
            [
              10.5921862,
              36.5107881
            ],
            [
              10.5882084,
              36.5093711
            ],
            [
              10.5830956,
              36.5080781
            ],
            [
              10.5793492,
              36.5063244
            ],
            [
              10.576859,
              36.5054387
            ],
            [
              10.5725942,
              36.5038523
            ],
            [
              10.5717556,
              36.5049472
            ],
            [
              10.5712569,
              36.5054684
            ],
            [
              10.570833,
              36.50644
            ],
            [
              10.5667327,
              36.5111554
            ],
            [
              10.564894,
              36.5132125
            ],
            [
              10.5644625,
              36.5137085
            ],
            [
              10.5637871,
              36.5147011
            ],
            [
              10.5627831,
              36.5167938
            ],
            [
              10.5619662,
              36.5188277
            ],
            [
              10.5646061,
              36.5200557
            ],
            [
              10.5780049,
              36.5259708
            ],
            [
              10.5719226,
              36.5329479
            ],
            [
              10.5701155,
              36.5352853
            ],
            [
              10.5689257,
              36.5364962
            ],
            [
              10.5789969,
              36.5408677
            ],
            [
              10.5797854,
              36.5410028
            ],
            [
              10.5797656,
              36.5412779
            ],
            [
              10.5796296,
              36.5416494
            ],
            [
              10.5791797,
              36.5426308
            ],
            [
              10.5787766,
              36.5434257
            ],
            [
              10.5782928,
              36.5451624
            ],
            [
              10.5780687,
              36.546792
            ],
            [
              10.5780885,
              36.5470502
            ],
            [
              10.5783143,
              36.5505356
            ],
            [
              10.5781604,
              36.5516297
            ],
            [
              10.5776183,
              36.5546966
            ],
            [
              10.577515,
              36.5552166
            ],
            [
              10.5770987,
              36.556486
            ],
            [
              10.5770482,
              36.5581839
            ],
            [
              10.5787377,
              36.5574646
            ],
            [
              10.5819883,
              36.5569335
            ],
            [
              10.5863958,
              36.5560042
            ],
            [
              10.5907813,
              36.5551721
            ],
            [
              10.5933376,
              36.5540746
            ],
            [
              10.5974587,
              36.5521096
            ],
            [
              10.6066924,
              36.5476659
            ],
            [
              10.6110118,
              36.5454706
            ],
            [
              10.6120256,
              36.5449571
            ],
            [
              10.6141191,
              36.5433637
            ],
            [
              10.6180198,
              36.5407433
            ],
            [
              10.6276572,
              36.5346641
            ]
          ]
        ]
      }
    },
    {
      "type": "Feature",
      "properties": {
        "name": "Bou Argoub Nord",
        "name_ar": "بو عرقوب الشمالية",
        "osm_id": 7103682,
        "admin_level": "6"
      },
      "geometry": {
        "type": "Polygon",
        "coordinates": [
          [
            [
              10.4927689,
              36.5409557
            ],
            [
              10.4941572,
              36.5418233
            ],
            [
              10.496978,
              36.5421066
            ],
            [
              10.4988292,
              36.5421243
            ],
            [
              10.4991377,
              36.5425138
            ],
            [
              10.4990496,
              36.5433283
            ],
            [
              10.5009448,
              36.5445322
            ],
            [
              10.5035012,
              36.5461788
            ],
            [
              10.504559,
              36.5459309
            ],
            [
              10.505154,
              36.545205
            ],
            [
              10.5071374,
              36.5441958
            ],
            [
              10.5085478,
              36.5442489
            ],
            [
              10.5099803,
              36.5451696
            ],
            [
              10.5111703,
              36.5468161
            ],
            [
              10.5120738,
              36.5479315
            ],
            [
              10.5142556,
              36.548498
            ],
            [
              10.5154236,
              36.5481793
            ],
            [
              10.5174731,
              36.547365
            ],
            [
              10.5193022,
              36.5465683
            ],
            [
              10.5210652,
              36.546285
            ],
            [
              10.5219247,
              36.5466922
            ],
            [
              10.5230045,
              36.5474889
            ],
            [
              10.5239521,
              36.5479315
            ],
            [
              10.5246133,
              36.5483033
            ],
            [
              10.5253405,
              36.5490114
            ],
            [
              10.5258914,
              36.5496488
            ],
            [
              10.5263542,
              36.5504277
            ],
            [
              10.5269492,
              36.5510651
            ],
            [
              10.5276324,
              36.5516493
            ],
            [
              10.5287563,
              36.5522335
            ],
            [
              10.530321,
              36.552977
            ],
            [
              10.531467,
              36.5532603
            ],
            [
              10.5324587,
              36.5535523
            ],
            [
              10.5328223,
              36.5538267
            ],
            [
              10.5341996,
              36.5543313
            ],
            [
              10.5344641,
              36.5547473
            ],
            [
              10.534409,
              36.5552075
            ],
            [
              10.5352154,
              36.5557949
            ],
            [
              10.5362902,
              36.5546676
            ],
            [
              10.5390883,
              36.5508258
            ],
            [
              10.5401268,
              36.5494402
            ],
            [
              10.5415542,
              36.5475324
            ],
            [
              10.5422413,
              36.546521
            ],
            [
              10.5442091,
              36.5427781
            ],
            [
              10.5454848,
              36.540535
            ],
            [
              10.5540243,
              36.5447382
            ],
            [
              10.5561894,
              36.5457756
            ],
            [
              10.5565545,
              36.5468155
            ],
            [
              10.5616625,
              36.5496936
            ],
            [
              10.5652231,
              36.5426865
            ],
            [
              10.5689257,
              36.5364962
            ],
            [
              10.5701155,
              36.5352853
            ],
            [
              10.5719226,
              36.5329479
            ],
            [
              10.5780049,
              36.5259708
            ],
            [
              10.5646061,
              36.5200557
            ],
            [
              10.5619662,
              36.5188277
            ],
            [
              10.5612837,
              36.5200619
            ],
            [
              10.5606915,
              36.5207454
            ],
            [
              10.5595139,
              36.5215596
            ],
            [
              10.5583751,
              36.5223689
            ],
            [
              10.5575184,
              36.5233283
            ],
            [
              10.5565803,
              36.5245948
            ],
            [
              10.5562161,
              36.5251366
            ],
            [
              10.5536216,
              36.5240416
            ],
            [
              10.5503323,
              36.5227013
            ],
            [
              10.5525955,
              36.5193296
            ],
            [
              10.5534771,
              36.5176471
            ],
            [
              10.5486949,
              36.5159822
            ],
            [
              10.5431634,
              36.5141756
            ],
            [
              10.5354723,
              36.5116605
            ],
            [
              10.5333126,
              36.5109343
            ],
            [
              10.5281227,
              36.5105623
            ],
            [
              10.5194399,
              36.508791
            ],
            [
              10.5129608,
              36.5073031
            ],
            [
              10.5065259,
              36.5073385
            ],
            [
              10.4955015,
              36.5064484
            ],
            [
              10.4878765,
              36.5093357
            ],
            [
              10.4909177,
              36.5123114
            ],
            [
              10.4949947,
              36.5174655
            ],
            [
              10.4984766,
              36.5219817
            ],
            [
              10.5002837,
              36.5233011
            ],
            [
              10.4994903,
              36.5251783
            ],
            [
              10.4984546,
              36.5271086
            ],
            [
              10.49343,
              36.5376978
            ],
            [
              10.4927689,
              36.5409557
            ]
          ]
        ]
      }
    },
    {
      "type": "Feature",
      "properties": {
        "name": "Bir Bouregba",
        "name_ar": "بير بورقبة",
        "osm_id": 7104926,
        "admin_level": "6"
      },
      "geometry": {
        "type": "Polygon",
        "coordinates": [
          [
            [
              10.5359847,
              36.4941188
            ],
            [
              10.5333352,
              36.492836
            ],
            [
              10.532434,
              36.4885923
            ],
            [
              10.5317259,
              36.4847968
            ],
            [
              10.5302239,
              36.4796037
            ],
            [
              10.5317259,
              36.4768086
            ],
            [
              10.5288181,
              36.4765074
            ],
            [
              10.5282283,
              36.4764463
            ],
            [
              10.5282927,
              36.4759977
            ],
            [
              10.5270052,
              36.4761012
            ],
            [
              10.5258465,
              36.4759114
            ],
            [
              10.5246663,
              36.4751695
            ],
            [
              10.5232501,
              36.4747726
            ],
            [
              10.5211902,
              36.4743758
            ],
            [
              10.5194092,
              36.4731334
            ],
            [
              10.5187011,
              36.4721844
            ],
            [
              10.5186153,
              36.4714252
            ],
            [
              10.517993,
              36.4705969
            ],
            [
              10.517714,
              36.4703381
            ],
            [
              10.5167484,
              36.4708385
            ],
            [
              10.5137015,
              36.4704589
            ],
            [
              10.5134011,
              36.4700447
            ],
            [
              10.5124784,
              36.4701655
            ],
            [
              10.5105472,
              36.4680086
            ],
            [
              10.5099035,
              36.4653338
            ],
            [
              10.509603,
              36.4632285
            ],
            [
              10.5118776,
              36.4615028
            ],
            [
              10.5121351,
              36.4607779
            ],
            [
              10.5110729,
              36.4598288
            ],
            [
              10.5104077,
              36.4594836
            ],
            [
              10.5100429,
              36.4587933
            ],
            [
              10.5100966,
              36.4575421
            ],
            [
              10.5097962,
              36.4560492
            ],
            [
              10.5087447,
              36.4557731
            ],
            [
              10.5082298,
              36.455704
            ],
            [
              10.5071032,
              36.4537538
            ],
            [
              10.5062986,
              36.453236
            ],
            [
              10.5058372,
              36.4525025
            ],
            [
              10.5056226,
              36.4521314
            ],
            [
              10.5058694,
              36.4517862
            ],
            [
              10.5061698,
              36.4511735
            ],
            [
              10.5065024,
              36.4506729
            ],
            [
              10.5067706,
              36.4504313
            ],
            [
              10.5065775,
              36.4501465
            ],
            [
              10.5065561,
              36.4496546
            ],
            [
              10.5069262,
              36.449098
            ],
            [
              10.5068404,
              36.4477905
            ],
            [
              10.506658,
              36.4471216
            ],
            [
              10.50654,
              36.446155
            ],
            [
              10.5067653,
              36.4456286
            ],
            [
              10.5068296,
              36.4448864
            ],
            [
              10.5068886,
              36.4442779
            ],
            [
              10.5071032,
              36.4439542
            ],
            [
              10.503965,
              36.4424395
            ],
            [
              10.5026025,
              36.4417836
            ],
            [
              10.5009502,
              36.4410241
            ],
            [
              10.4981071,
              36.4389353
            ],
            [
              10.4976349,
              36.4385517
            ],
            [
              10.4970235,
              36.4380549
            ],
            [
              10.4959721,
              36.4372004
            ],
            [
              10.4957789,
              36.4365703
            ],
            [
              10.4958648,
              36.435595
            ],
            [
              10.496133,
              36.4350512
            ],
            [
              10.4960176,
              36.4347263
            ],
            [
              10.4964012,
              36.4347361
            ],
            [
              10.496664,
              36.4348958
            ],
            [
              10.497061,
              36.4348527
            ],
            [
              10.4972809,
              36.4347793
            ],
            [
              10.4976725,
              36.4347793
            ],
            [
              10.4981178,
              36.4351807
            ],
            [
              10.4990136,
              36.4353533
            ],
            [
              10.4993677,
              36.4355
            ],
            [
              10.4997432,
              36.4357935
            ],
            [
              10.5014491,
              36.4362165
            ],
            [
              10.502361,
              36.4359834
            ],
            [
              10.5032193,
              36.4353533
            ],
            [
              10.5037665,
              36.4354742
            ],
            [
              10.5041098,
              36.4351203
            ],
            [
              10.50426,
              36.4347318
            ],
            [
              10.5045712,
              36.4345506
            ],
            [
              10.5048823,
              36.4346887
            ],
            [
              10.5053651,
              36.4354698
            ],
            [
              10.5054402,
              36.4357288
            ],
            [
              10.5056065,
              36.4359057
            ],
            [
              10.5060839,
              36.4367516
            ],
            [
              10.5061644,
              36.4369674
            ],
            [
              10.507189,
              36.4377011
            ],
            [
              10.5089325,
              36.439013
            ],
            [
              10.5094367,
              36.4391598
            ],
            [
              10.5097157,
              36.439177
            ],
            [
              10.5102092,
              36.4394187
            ],
            [
              10.5120224,
              36.4397467
            ],
            [
              10.5126339,
              36.4396863
            ],
            [
              10.5131569,
              36.4397057
            ],
            [
              10.5135754,
              36.4396108
            ],
            [
              10.513865,
              36.4394727
            ],
            [
              10.5143693,
              36.4392482
            ],
            [
              10.5152169,
              36.4389893
            ],
            [
              10.5159142,
              36.4388598
            ],
            [
              10.5161395,
              36.4388685
            ],
            [
              10.5167725,
              36.4387649
            ],
            [
              10.5174163,
              36.4384542
            ],
            [
              10.5180493,
              36.4384801
            ],
            [
              10.5184248,
              36.4386009
            ],
            [
              10.5186394,
              36.4387822
            ],
            [
              10.5192938,
              36.4381175
            ],
            [
              10.5191865,
              36.4378241
            ],
            [
              10.5213323,
              36.4361323
            ],
            [
              10.523124,
              36.434734
            ],
            [
              10.5241647,
              36.4342247
            ],
            [
              10.5252483,
              36.4337068
            ],
            [
              10.5264392,
              36.4333702
            ],
            [
              10.5264392,
              36.4329558
            ],
            [
              10.5267396,
              36.4324034
            ],
            [
              10.5271473,
              36.4320581
            ],
            [
              10.527319,
              36.4320236
            ],
            [
              10.5275228,
              36.4315661
            ],
            [
              10.527952,
              36.4313934
            ],
            [
              10.5307737,
              36.4302281
            ],
            [
              10.5321899,
              36.4296411
            ],
            [
              10.533649,
              36.428916
            ],
            [
              10.5341211,
              36.4284326
            ],
            [
              10.5350223,
              36.4277506
            ],
            [
              10.5354622,
              36.4275348
            ],
            [
              10.5366316,
              36.4265766
            ],
            [
              10.5374685,
              36.4259637
            ],
            [
              10.5390349,
              36.4252299
            ],
            [
              10.5399897,
              36.424781
            ],
            [
              10.5413094,
              36.4242026
            ],
            [
              10.542275,
              36.4238832
            ],
            [
              10.5429938,
              36.423676
            ],
            [
              10.5438521,
              36.4234191
            ],
            [
              10.546073,
              36.4217184
            ],
            [
              10.5476287,
              36.4220551
            ],
            [
              10.5491029,
              36.421774
            ],
            [
              10.5501821,
              36.4213127
            ],
            [
              10.5509117,
              36.4210709
            ],
            [
              10.5514589,
              36.4210709
            ],
            [
              10.5522743,
              36.4208465
            ],
            [
              10.5528214,
              36.420458
            ],
            [
              10.5533472,
              36.4199918
            ],
            [
              10.5540982,
              36.4197587
            ],
            [
              10.5551496,
              36.4203501
            ],
            [
              10.5562869,
              36.4203414
            ],
            [
              10.5569306,
              36.4201515
            ],
            [
              10.5577138,
              36.4200263
            ],
            [
              10.5588993,
              36.419599
            ],
            [
              10.5602716,
              36.4187696
            ],
            [
              10.5631801,
              36.4191673
            ],
            [
              10.5654536,
              36.4209452
            ],
            [
              10.5672356,
              36.419858
            ],
            [
              10.5661306,
              36.4179672
            ],
            [
              10.567579,
              36.4177859
            ],
            [
              10.5683826,
              36.4182084
            ],
            [
              10.5705927,
              36.41883
            ],
            [
              10.5729209,
              36.4199351
            ],
            [
              10.5736505,
              36.420738
            ],
            [
              10.574498,
              36.4212301
            ],
            [
              10.5763917,
              36.4220287
            ],
            [
              10.5782049,
              36.4227452
            ],
            [
              10.5797176,
              36.4235222
            ],
            [
              10.5799966,
              36.4235913
            ],
            [
              10.5807154,
              36.4245236
            ],
            [
              10.5824106,
              36.4262329
            ],
            [
              10.5826627,
              36.4265825
            ],
            [
              10.5832581,
              36.4262976
            ],
            [
              10.5833815,
              36.4272602
            ],
            [
              10.5847119,
              36.427135
            ],
            [
              10.5849372,
              36.4271566
            ],
            [
              10.5859564,
              36.4268415
            ],
            [
              10.5867665,
              36.4268286
            ],
            [
              10.5875336,
              36.4270271
            ],
            [
              10.5877428,
              36.4270746
            ],
            [
              10.5890142,
              36.4264962
            ],
            [
              10.5898805,
              36.4271113
            ],
            [
              10.5908032,
              36.4275505
            ],
            [
              10.5911894,
              36.4300366
            ],
            [
              10.5926056,
              36.432937
            ],
            [
              10.5935069,
              36.4337656
            ],
            [
              10.5943652,
              36.434249
            ],
            [
              10.5953093,
              36.4351467
            ],
            [
              10.594451,
              36.4370111
            ],
            [
              10.5941935,
              36.4384267
            ],
            [
              10.5968543,
              36.4449171
            ],
            [
              10.6027766,
              36.451269
            ],
            [
              10.6111022,
              36.4564467
            ],
            [
              10.6158359,
              36.46049
            ],
            [
              10.6106482,
              36.4602286
            ],
            [
              10.6008415,
              36.46014
            ],
            [
              10.6006211,
              36.4630113
            ],
            [
              10.5991005,
              36.4652799
            ],
            [
              10.5976019,
              36.4669635
            ],
            [
              10.5963458,
              36.4664318
            ],
            [
              10.5949133,
              36.4676724
            ],
            [
              10.5936351,
              36.4680446
            ],
            [
              10.5924892,
              36.4688067
            ],
            [
              10.5921145,
              36.4693383
            ],
            [
              10.5911449,
              36.4699763
            ],
            [
              10.5901973,
              36.4701713
            ],
            [
              10.5893819,
              36.4698877
            ],
            [
              10.5890734,
              36.4697105
            ],
            [
              10.5886106,
              36.4693915
            ],
            [
              10.5880817,
              36.4692852
            ],
            [
              10.5875307,
              36.4693738
            ],
            [
              10.5874205,
              36.4688953
            ],
            [
              10.5868916,
              36.4687535
            ],
            [
              10.5870239,
              36.4683813
            ],
            [
              10.5864068,
              36.4685231
            ],
            [
              10.5857897,
              36.4676902
            ],
            [
              10.5837182,
              36.467442
            ],
            [
              10.5833656,
              36.466804
            ],
            [
              10.5820433,
              36.4671053
            ],
            [
              10.5813602,
              36.4670344
            ],
            [
              10.5805668,
              36.4668395
            ],
            [
              10.5797735,
              36.4664673
            ],
            [
              10.5792446,
              36.466361
            ],
            [
              10.5790022,
              36.4658647
            ],
            [
              10.5788699,
              36.4654748
            ],
            [
              10.5785614,
              36.4651026
            ],
            [
              10.5785394,
              36.4644114
            ],
            [
              10.5782969,
              36.4637734
            ],
            [
              10.5781868,
              36.4631885
            ],
            [
              10.5775256,
              36.4629935
            ],
            [
              10.5768865,
              36.4624796
            ],
            [
              10.5763576,
              36.4624796
            ],
            [
              10.5752778,
              36.4620719
            ],
            [
              10.5749913,
              36.4619301
            ],
            [
              10.5748591,
              36.4615048
            ],
            [
              10.5739776,
              36.4616997
            ],
            [
              10.5733826,
              36.4613807
            ],
            [
              10.5728096,
              36.4609908
            ],
            [
              10.5720823,
              36.4607958
            ],
            [
              10.5715534,
              36.4602995
            ],
            [
              10.571325,
              36.4597566
            ],
            [
              10.571132,
              36.4596064
            ],
            [
              10.5710245,
              36.4593247
            ],
            [
              10.5709573,
              36.459137
            ],
            [
              10.5707345,
              36.4590005
            ],
            [
              10.5705516,
              36.4589093
            ],
            [
              10.570574,
              36.4594216
            ],
            [
              10.5706259,
              36.4601331
            ],
            [
              10.5713992,
              36.4630733
            ],
            [
              10.5719501,
              36.4653064
            ],
            [
              10.5726773,
              36.4663166
            ],
            [
              10.573658,
              36.4675661
            ],
            [
              10.5752558,
              36.4686737
            ],
            [
              10.5773493,
              36.469932
            ],
            [
              10.5783631,
              36.4718282
            ],
            [
              10.5806991,
              36.4757092
            ],
            [
              10.5825061,
              36.4783141
            ],
            [
              10.5829689,
              36.4791469
            ],
            [
              10.5829689,
              36.4800152
            ],
            [
              10.5821976,
              36.4832578
            ],
            [
              10.5817569,
              36.4851183
            ],
            [
              10.5806109,
              36.4878292
            ],
            [
              10.5786496,
              36.491682
            ],
            [
              10.5751456,
              36.4898313
            ],
            [
              10.5731262,
              36.4890456
            ],
            [
              10.5670577,
              36.4863763
            ],
            [
              10.5575155,
              36.4826731
            ],
            [
              10.5572069,
              36.4803518
            ],
            [
              10.555466,
              36.4775344
            ],
            [
              10.5512127,
              36.4768433
            ],
            [
              10.5486343,
              36.4773217
            ],
            [
              10.5481495,
              36.4796253
            ],
            [
              10.5462983,
              36.4794659
            ],
            [
              10.5448438,
              36.4813087
            ],
            [
              10.5439623,
              36.4811847
            ],
            [
              10.54264,
              36.4808834
            ],
            [
              10.5416483,
              36.4814327
            ],
            [
              10.5410754,
              36.481982
            ],
            [
              10.5405024,
              36.4831338
            ],
            [
              10.5395548,
              36.4838248
            ],
            [
              10.538541,
              36.484002
            ],
            [
              10.537924,
              36.485012
            ],
            [
              10.5376375,
              36.4856498
            ],
            [
              10.5376155,
              36.4871382
            ],
            [
              10.5370204,
              36.4879
            ],
            [
              10.5368882,
              36.4886087
            ],
            [
              10.5372408,
              36.4897072
            ],
            [
              10.5371527,
              36.4903273
            ],
            [
              10.5372629,
              36.4912663
            ],
            [
              10.5369543,
              36.4922231
            ],
            [
              10.5365136,
              36.4921876
            ],
            [
              10.5362271,
              36.4929495
            ],
            [
              10.5359847,
              36.4941188
            ]
          ]
        ]
      }
    },
    {
      "type": "Feature",
      "properties": {
        "name": "Hammamet Nord",
        "name_ar": "الحمامات الجوفية",
        "osm_id": 7104927,
        "admin_level": "6"
      },
      "geometry": {
        "type": "Polygon",
        "coordinates": [
          [
            [
              10.6739366,
              36.4473999
            ],
            [
              10.6744345,
              36.4470555
            ],
            [
              10.6750631,
              36.4463519
            ],
            [
              10.6759286,
              36.4455605
            ],
            [
              10.6765208,
              36.4449375
            ],
            [
              10.6776231,
              36.4442853
            ],
            [
              10.6780787,
              36.4438456
            ],
            [
              10.6780695,
              36.4429148
            ],
            [
              10.6779511,
              36.4423651
            ],
            [
              10.6781242,
              36.4414857
            ],
            [
              10.6741156,
              36.4396094
            ],
            [
              10.67183,
              36.4382346
            ],
            [
              10.6716906,
              36.4380879
            ],
            [
              10.6703924,
              36.4370089
            ],
            [
              10.6696414,
              36.4361285
            ],
            [
              10.6687831,
              36.433867
            ],
            [
              10.667914,
              36.4318731
            ],
            [
              10.6667338,
              36.4308458
            ],
            [
              10.6661008,
              36.4305351
            ],
            [
              10.6643199,
              36.4299136
            ],
            [
              10.6624048,
              36.4288561
            ],
            [
              10.6621044,
              36.4287094
            ],
            [
              10.6618093,
              36.4290719
            ],
            [
              10.6614821,
              36.4288129
            ],
            [
              10.6613694,
              36.4286878
            ],
            [
              10.6611656,
              36.4282907
            ],
            [
              10.6607364,
              36.4278461
            ],
            [
              10.660436,
              36.4280015
            ],
            [
              10.6597494,
              36.4281741
            ],
            [
              10.6588374,
              36.4287439
            ],
            [
              10.6585638,
              36.4288129
            ],
            [
              10.6581293,
              36.428977
            ],
            [
              10.6577699,
              36.4288993
            ],
            [
              10.6575446,
              36.4290115
            ],
            [
              10.6573729,
              36.4289683
            ],
            [
              10.6567829,
              36.4286403
            ],
            [
              10.6570618,
              36.4282238
            ],
            [
              10.6575017,
              36.4279993
            ],
            [
              10.6580381,
              36.4271879
            ],
            [
              10.6568043,
              36.4265232
            ],
            [
              10.6560104,
              36.4259621
            ],
            [
              10.6553452,
              36.4254441
            ],
            [
              10.6544762,
              36.4250297
            ],
            [
              10.6539934,
              36.4248053
            ],
            [
              10.6529312,
              36.4240628
            ],
            [
              10.6526737,
              36.4232859
            ],
            [
              10.6524538,
              36.4234111
            ],
            [
              10.6518422,
              36.4229578
            ],
            [
              10.6514721,
              36.4229017
            ],
            [
              10.6508605,
              36.422837
            ],
            [
              10.6504797,
              36.4228888
            ],
            [
              10.6499379,
              36.4227183
            ],
            [
              10.6495221,
              36.4225585
            ],
            [
              10.6487577,
              36.4224269
            ],
            [
              10.6475024,
              36.4218744
            ],
            [
              10.6476526,
              36.4214341
            ],
            [
              10.6478886,
              36.4210542
            ],
            [
              10.6476204,
              36.4208298
            ],
            [
              10.6470625,
              36.420329
            ],
            [
              10.6467836,
              36.4197765
            ],
            [
              10.6468372,
              36.4188872
            ],
            [
              10.6466602,
              36.4182354
            ],
            [
              10.6455605,
              36.4177908
            ],
            [
              10.6457965,
              36.4174713
            ],
            [
              10.6469499,
              36.4160597
            ],
            [
              10.648012,
              36.4154856
            ],
            [
              10.6481998,
              36.4149719
            ],
            [
              10.64835,
              36.4148165
            ],
            [
              10.6487362,
              36.4147258
            ],
            [
              10.6490581,
              36.4144797
            ],
            [
              10.6491386,
              36.413884
            ],
            [
              10.6494282,
              36.4131415
            ],
            [
              10.6497072,
              36.4121658
            ],
            [
              10.6497072,
              36.410685
            ],
            [
              10.6500881,
              36.4104432
            ],
            [
              10.6504636,
              36.409964
            ],
            [
              10.6504421,
              36.4093251
            ],
            [
              10.6507425,
              36.4090315
            ],
            [
              10.6513058,
              36.4084875
            ],
            [
              10.6517242,
              36.4079047
            ],
            [
              10.6520192,
              36.4073693
            ],
            [
              10.6518959,
              36.4067433
            ],
            [
              10.651397,
              36.4057503
            ],
            [
              10.651515,
              36.4052624
            ],
            [
              10.6514758,
              36.4046229
            ],
            [
              10.6513953,
              36.4045646
            ],
            [
              10.6512065,
              36.4043913
            ],
            [
              10.6507032,
              36.4039869
            ],
            [
              10.6502175,
              36.4036709
            ],
            [
              10.6496056,
              36.4033068
            ],
            [
              10.6493849,
              36.4030761
            ],
            [
              10.6491783,
              36.4028601
            ],
            [
              10.6490002,
              36.402878
            ],
            [
              10.6489243,
              36.403007
            ],
            [
              10.6489009,
              36.4032467
            ],
            [
              10.648921,
              36.4034694
            ],
            [
              10.6488958,
              36.403711
            ],
            [
              10.6488206,
              36.4038019
            ],
            [
              10.6487319,
              36.4038784
            ],
            [
              10.6486319,
              36.4039392
            ],
            [
              10.6485603,
              36.4039827
            ],
            [
              10.6483666,
              36.4040552
            ],
            [
              10.6481956,
              36.4041779
            ],
            [
              10.6480541,
              36.4042521
            ],
            [
              10.6478338,
              36.404297
            ],
            [
              10.647555,
              36.404364
            ],
            [
              10.6472566,
              36.4044059
            ],
            [
              10.6465953,
              36.4044022
            ],
            [
              10.6463295,
              36.4043587
            ],
            [
              10.6462509,
              36.4043471
            ],
            [
              10.6458847,
              36.4042581
            ],
            [
              10.6456044,
              36.4042062
            ],
            [
              10.6452142,
              36.4041382
            ],
            [
              10.6446335,
              36.4039645
            ],
            [
              10.6441051,
              36.4037292
            ],
            [
              10.6433272,
              36.4032931
            ],
            [
              10.6429307,
              36.4029778
            ],
            [
              10.6425677,
              36.4028244
            ],
            [
              10.6422789,
              36.4028219
            ],
            [
              10.6418701,
              36.4028764
            ],
            [
              10.641328,
              36.4035095
            ],
            [
              10.6412743,
              36.4039585
            ],
            [
              10.6411027,
              36.4040622
            ],
            [
              10.6408881,
              36.4044076
            ],
            [
              10.6407701,
              36.4047789
            ],
            [
              10.6413709,
              36.4055906
            ],
            [
              10.641285,
              36.4059791
            ],
            [
              10.6409846,
              36.4065318
            ],
            [
              10.6412743,
              36.407542
            ],
            [
              10.6409739,
              36.4077147
            ],
            [
              10.6397186,
              36.4069031
            ],
            [
              10.6382166,
              36.4063591
            ],
            [
              10.6376372,
              36.4063073
            ],
            [
              10.6365214,
              36.4063591
            ],
            [
              10.6334745,
              36.4065318
            ],
            [
              10.6310497,
              36.4064972
            ],
            [
              10.6275092,
              36.4066872
            ],
            [
              10.6239365,
              36.4074902
            ],
            [
              10.6224881,
              36.4071794
            ],
            [
              10.6205033,
              36.4067304
            ],
            [
              10.6194841,
              36.4063677
            ],
            [
              10.6169735,
              36.4057373
            ],
            [
              10.6124459,
              36.4055679
            ],
            [
              10.6108366,
              36.4055161
            ],
            [
              10.6107454,
              36.4057492
            ],
            [
              10.6100802,
              36.4077611
            ],
            [
              10.6098227,
              36.4077007
            ],
            [
              10.6090824,
              36.4078302
            ],
            [
              10.6075911,
              36.408236
            ],
            [
              10.6053059,
              36.40878
            ],
            [
              10.6031172,
              36.4093067
            ],
            [
              10.6017251,
              36.4100536
            ],
            [
              10.6003331,
              36.4108026
            ],
            [
              10.598904,
              36.4116785
            ],
            [
              10.598139,
              36.4121474
            ],
            [
              10.597667,
              36.4125446
            ],
            [
              10.5972378,
              36.4131231
            ],
            [
              10.5959718,
              36.4146427
            ],
            [
              10.5940192,
              36.4159982
            ],
            [
              10.5926673,
              36.41684
            ],
            [
              10.5919914,
              36.4173278
            ],
            [
              10.5918412,
              36.4176214
            ],
            [
              10.5917768,
              36.4189854
            ],
            [
              10.5917768,
              36.4195164
            ],
            [
              10.5916159,
              36.4198272
            ],
            [
              10.5913852,
              36.4201812
            ],
            [
              10.5910151,
              36.420656
            ],
            [
              10.5906771,
              36.4210316
            ],
            [
              10.5904035,
              36.4212647
            ],
            [
              10.5901621,
              36.4214416
            ],
            [
              10.5901192,
              36.4217049
            ],
            [
              10.589969,
              36.4219165
            ],
            [
              10.5898027,
              36.4220071
            ],
            [
              10.5894648,
              36.4221668
            ],
            [
              10.5892234,
              36.4225078
            ],
            [
              10.5890678,
              36.4229352
            ],
            [
              10.5889927,
              36.4232589
            ],
            [
              10.588821,
              36.4233927
            ],
            [
              10.588585,
              36.4235049
            ],
            [
              10.5884938,
              36.4237682
            ],
            [
              10.5885582,
              36.4240488
            ],
            [
              10.5888854,
              36.4244373
            ],
            [
              10.5890142,
              36.4248258
            ],
            [
              10.5889981,
              36.4253524
            ],
            [
              10.588864,
              36.426043
            ],
            [
              10.5890142,
              36.4264962
            ],
            [
              10.5898805,
              36.4271113
            ],
            [
              10.5908032,
              36.4275505
            ],
            [
              10.5911894,
              36.4300366
            ],
            [
              10.5926056,
              36.432937
            ],
            [
              10.5935069,
              36.4337656
            ],
            [
              10.5943652,
              36.434249
            ],
            [
              10.5953093,
              36.4351467
            ],
            [
              10.594451,
              36.4370111
            ],
            [
              10.5941935,
              36.4384267
            ],
            [
              10.5968543,
              36.4449171
            ],
            [
              10.6027766,
              36.451269
            ],
            [
              10.6111022,
              36.4564467
            ],
            [
              10.6158359,
              36.46049
            ],
            [
              10.6194412,
              36.4606717
            ],
            [
              10.6236945,
              36.4612389
            ],
            [
              10.6231215,
              36.461682
            ],
            [
              10.6217331,
              36.4625327
            ],
            [
              10.6194988,
              36.4633669
            ],
            [
              10.6329093,
              36.4624877
            ],
            [
              10.635606,
              36.4648909
            ],
            [
              10.6409629,
              36.4656822
            ],
            [
              10.6398332,
              36.4687886
            ],
            [
              10.6447893,
              36.4681732
            ],
            [
              10.6483241,
              36.4677336
            ],
            [
              10.652442,
              36.4649788
            ],
            [
              10.6555031,
              36.4625756
            ],
            [
              10.6562684,
              36.4610223
            ],
            [
              10.6566692,
              36.4584724
            ],
            [
              10.6577078,
              36.4570509
            ],
            [
              10.658054,
              36.4563767
            ],
            [
              10.6597485,
              36.4548819
            ],
            [
              10.6602952,
              36.4545008
            ],
            [
              10.6609511,
              36.4536655
            ],
            [
              10.6625728,
              36.4525516
            ],
            [
              10.6635931,
              36.4519654
            ],
            [
              10.663994,
              36.4516136
            ],
            [
              10.6650326,
              36.4509102
            ],
            [
              10.6658343,
              36.4509248
            ],
            [
              10.6661076,
              36.4505584
            ],
            [
              10.6667635,
              36.4502067
            ],
            [
              10.6666998,
              36.4499282
            ],
            [
              10.667547,
              36.4496351
            ],
            [
              10.6682394,
              36.4497743
            ],
            [
              10.6682485,
              36.4491587
            ],
            [
              10.6689318,
              36.4494079
            ],
            [
              10.6702164,
              36.4490488
            ],
            [
              10.6720202,
              36.4484112
            ],
            [
              10.6730679,
              36.4480008
            ],
            [
              10.6739366,
              36.4473999
            ]
          ]
        ]
      }
    },
    {
      "type": "Feature",
      "properties": {
        "name": "El Mrezga",
        "name_ar": "المرازقة",
        "osm_id": 7104928,
        "admin_level": "6"
      },
      "geometry": {
        "type": "Polygon",
        "coordinates": [
          [
            [
              10.6699803,
              36.4176543
            ],
            [
              10.6706268,
              36.4182478
            ],
            [
              10.6714375,
              36.4188756
            ],
            [
              10.6723381,
              36.4196098
            ],
            [
              10.673318,
              36.420281
            ],
            [
              10.6747949,
              36.421235
            ],
            [
              10.6758571,
              36.4217832
            ],
            [
              10.6768656,
              36.4222364
            ],
            [
              10.6774503,
              36.4224695
            ],
            [
              10.6778902,
              36.4226767
            ],
            [
              10.678609,
              36.4229314
            ],
            [
              10.6789201,
              36.4229055
            ],
            [
              10.6795156,
              36.4229573
            ],
            [
              10.6799179,
              36.4231127
            ],
            [
              10.6802237,
              36.4232594
            ],
            [
              10.6807333,
              36.4235486
            ],
            [
              10.6810445,
              36.4237947
            ],
            [
              10.6814629,
              36.4239889
            ],
            [
              10.6819564,
              36.4242134
            ],
            [
              10.6829864,
              36.4245328
            ],
            [
              10.6836784,
              36.4248565
            ],
            [
              10.6845555,
              36.4254371
            ],
            [
              10.6849498,
              36.4256745
            ],
            [
              10.6852609,
              36.4258817
            ],
            [
              10.6856364,
              36.4261298
            ],
            [
              10.6841963,
              36.429161
            ],
            [
              10.6834356,
              36.4289484
            ],
            [
              10.6833536,
              36.42915
            ],
            [
              10.6831258,
              36.4291427
            ],
            [
              10.6827341,
              36.4295971
            ],
            [
              10.6823697,
              36.4297584
            ],
            [
              10.6819688,
              36.4303375
            ],
            [
              10.6807389,
              36.429905
            ],
            [
              10.6804382,
              36.4304108
            ],
            [
              10.6793359,
              36.432038
            ],
            [
              10.6763574,
              36.4360663
            ],
            [
              10.6741156,
              36.4396094
            ],
            [
              10.67183,
              36.4382346
            ],
            [
              10.6716906,
              36.4380879
            ],
            [
              10.6703924,
              36.4370089
            ],
            [
              10.6696414,
              36.4361285
            ],
            [
              10.6687831,
              36.433867
            ],
            [
              10.667914,
              36.4318731
            ],
            [
              10.6667338,
              36.4308458
            ],
            [
              10.6661008,
              36.4305351
            ],
            [
              10.6643199,
              36.4299136
            ],
            [
              10.6624048,
              36.4288561
            ],
            [
              10.6621044,
              36.4287094
            ],
            [
              10.6618093,
              36.4290719
            ],
            [
              10.6614821,
              36.4288129
            ],
            [
              10.6613694,
              36.4286878
            ],
            [
              10.6611656,
              36.4282907
            ],
            [
              10.6607364,
              36.4278461
            ],
            [
              10.660436,
              36.4280015
            ],
            [
              10.6597494,
              36.4281741
            ],
            [
              10.6588374,
              36.4287439
            ],
            [
              10.6585638,
              36.4288129
            ],
            [
              10.6581293,
              36.428977
            ],
            [
              10.6577699,
              36.4288993
            ],
            [
              10.6575446,
              36.4290115
            ],
            [
              10.6573729,
              36.4289683
            ],
            [
              10.6567829,
              36.4286403
            ],
            [
              10.6570618,
              36.4282238
            ],
            [
              10.6575017,
              36.4279993
            ],
            [
              10.6580381,
              36.4271879
            ],
            [
              10.6568043,
              36.4265232
            ],
            [
              10.6560104,
              36.4259621
            ],
            [
              10.6553452,
              36.4254441
            ],
            [
              10.6544762,
              36.4250297
            ],
            [
              10.6539934,
              36.4248053
            ],
            [
              10.6529312,
              36.4240628
            ],
            [
              10.6526737,
              36.4232859
            ],
            [
              10.6524538,
              36.4234111
            ],
            [
              10.6518422,
              36.4229578
            ],
            [
              10.6514721,
              36.4229017
            ],
            [
              10.6508605,
              36.422837
            ],
            [
              10.6504797,
              36.4228888
            ],
            [
              10.6499379,
              36.4227183
            ],
            [
              10.6495221,
              36.4225585
            ],
            [
              10.6487577,
              36.4224269
            ],
            [
              10.6475024,
              36.4218744
            ],
            [
              10.6476526,
              36.4214341
            ],
            [
              10.6478886,
              36.4210542
            ],
            [
              10.6476204,
              36.4208298
            ],
            [
              10.6470625,
              36.420329
            ],
            [
              10.6467836,
              36.4197765
            ],
            [
              10.6468372,
              36.4188872
            ],
            [
              10.6466602,
              36.4182354
            ],
            [
              10.6455605,
              36.4177908
            ],
            [
              10.6457965,
              36.4174713
            ],
            [
              10.6469499,
              36.4160597
            ],
            [
              10.648012,
              36.4154856
            ],
            [
              10.6481998,
              36.4149719
            ],
            [
              10.64835,
              36.4148165
            ],
            [
              10.6487362,
              36.4147258
            ],
            [
              10.6490581,
              36.4144797
            ],
            [
              10.6491386,
              36.413884
            ],
            [
              10.6494282,
              36.4131415
            ],
            [
              10.6497072,
              36.4121658
            ],
            [
              10.6497072,
              36.410685
            ],
            [
              10.6500881,
              36.4104432
            ],
            [
              10.6504636,
              36.409964
            ],
            [
              10.6504421,
              36.4093251
            ],
            [
              10.6507425,
              36.4090315
            ],
            [
              10.6513058,
              36.4084875
            ],
            [
              10.6517242,
              36.4079047
            ],
            [
              10.6520192,
              36.4073693
            ],
            [
              10.6518959,
              36.4067433
            ],
            [
              10.651397,
              36.4057503
            ],
            [
              10.651515,
              36.4052624
            ],
            [
              10.6514758,
              36.4046229
            ],
            [
              10.6515965,
              36.4047049
            ],
            [
              10.6519814,
              36.4049683
            ],
            [
              10.6522563,
              36.4051237
            ],
            [
              10.6526439,
              36.4053385
            ],
            [
              10.6528893,
              36.4054756
            ],
            [
              10.6530368,
              36.4055231
            ],
            [
              10.6531253,
              36.4055252
            ],
            [
              10.653234,
              36.4055263
            ],
            [
              10.653407,
              36.4055511
            ],
            [
              10.6538267,
              36.4056828
            ],
            [
              10.6541526,
              36.4057994
            ],
            [
              10.6544276,
              36.4058728
            ],
            [
              10.654555,
              36.4058825
            ],
            [
              10.654622,
              36.4058728
            ],
            [
              10.6547239,
              36.4058296
            ],
            [
              10.6547937,
              36.4057411
            ],
            [
              10.6550083,
              36.4055296
            ],
            [
              10.6551665,
              36.4054713
            ],
            [
              10.6552738,
              36.405454
            ],
            [
              10.6554401,
              36.405495
            ],
            [
              10.656006,
              36.4058609
            ],
            [
              10.6561911,
              36.4059516
            ],
            [
              10.6563252,
              36.4059904
            ],
            [
              10.6564178,
              36.4060023
            ],
            [
              10.6564848,
              36.4060077
            ],
            [
              10.6565532,
              36.4060002
            ],
            [
              10.6566954,
              36.4060142
            ],
            [
              10.6567833,
              36.4060879
            ],
            [
              10.6573203,
              36.4065701
            ],
            [
              10.6577173,
              36.4069586
            ],
            [
              10.6580982,
              36.4073299
            ],
            [
              10.6585085,
              36.4077034
            ],
            [
              10.658699,
              36.4078761
            ],
            [
              10.6588089,
              36.407984
            ],
            [
              10.6590396,
              36.4081977
            ],
            [
              10.659454,
              36.408542
            ],
            [
              10.6598255,
              36.4088259
            ],
            [
              10.6601956,
              36.4090936
            ],
            [
              10.6603512,
              36.4092382
            ],
            [
              10.6604665,
              36.4093763
            ],
            [
              10.6605417,
              36.4094605
            ],
            [
              10.6608072,
              36.409726
            ],
            [
              10.6610137,
              36.4099052
            ],
            [
              10.6612793,
              36.4101297
            ],
            [
              10.661408,
              36.4102376
            ],
            [
              10.6615394,
              36.4103639
            ],
            [
              10.6617232,
              36.4105776
            ],
            [
              10.6618184,
              36.4107017
            ],
            [
              10.6619351,
              36.4108248
            ],
            [
              10.6622516,
              36.4110395
            ],
            [
              10.6623575,
              36.411128
            ],
            [
              10.6624943,
              36.4112252
            ],
            [
              10.6628376,
              36.4114497
            ],
            [
              10.6629677,
              36.4115403
            ],
            [
              10.6630924,
              36.4116429
            ],
            [
              10.6632386,
              36.4117907
            ],
            [
              10.6633539,
              36.4119095
            ],
            [
              10.6636329,
              36.4121393
            ],
            [
              10.664278,
              36.4126682
            ],
            [
              10.6645556,
              36.4128959
            ],
            [
              10.6650437,
              36.4132844
            ],
            [
              10.6654286,
              36.4135586
            ],
            [
              10.6658578,
              36.4139018
            ],
            [
              10.6662239,
              36.4142515
            ],
            [
              10.6665739,
              36.4145947
            ],
            [
              10.6670474,
              36.4150188
            ],
            [
              10.6674135,
              36.4153167
            ],
            [
              10.6676844,
              36.415539
            ],
            [
              10.6678869,
              36.4156976
            ],
            [
              10.66808,
              36.4158336
            ],
            [
              10.668481,
              36.4161952
            ],
            [
              10.6686312,
              36.416329
            ],
            [
              10.6687975,
              36.4164866
            ],
            [
              10.668878,
              36.4165761
            ],
            [
              10.6689933,
              36.4166851
            ],
            [
              10.6691636,
              36.4168772
            ],
            [
              10.6692682,
              36.4170013
            ],
            [
              10.6699803,
              36.4176543
            ]
          ]
        ]
      }
    },
    {
      "type": "Feature",
      "properties": {
        "name": "Hammamet Est",
        "name_ar": "الحمامات الشرقية",
        "osm_id": 7104929,
        "admin_level": "6"
      },
      "geometry": {
        "type": "Polygon",
        "coordinates": [
          [
            [
              10.6124459,
              36.4055679
            ],
            [
              10.6169735,
              36.4057373
            ],
            [
              10.6194841,
              36.4063677
            ],
            [
              10.6205033,
              36.4067304
            ],
            [
              10.6224881,
              36.4071794
            ],
            [
              10.6239365,
              36.4074902
            ],
            [
              10.6275092,
              36.4066872
            ],
            [
              10.6310497,
              36.4064972
            ],
            [
              10.6334745,
              36.4065318
            ],
            [
              10.6365214,
              36.4063591
            ],
            [
              10.6376372,
              36.4063073
            ],
            [
              10.6382166,
              36.4063591
            ],
            [
              10.6397186,
              36.4069031
            ],
            [
              10.6409739,
              36.4077147
            ],
            [
              10.6412743,
              36.407542
            ],
            [
              10.6409846,
              36.4065318
            ],
            [
              10.641285,
              36.4059791
            ],
            [
              10.6413709,
              36.4055906
            ],
            [
              10.6407701,
              36.4047789
            ],
            [
              10.6408881,
              36.4044076
            ],
            [
              10.6411027,
              36.4040622
            ],
            [
              10.6412743,
              36.4039585
            ],
            [
              10.641328,
              36.4035095
            ],
            [
              10.6418701,
              36.4028764
            ],
            [
              10.641565,
              36.4028009
            ],
            [
              10.6410044,
              36.4025181
            ],
            [
              10.6404546,
              36.402205
            ],
            [
              10.6394407,
              36.4015336
            ],
            [
              10.6389391,
              36.4011407
            ],
            [
              10.6384402,
              36.400791
            ],
            [
              10.6377429,
              36.4002405
            ],
            [
              10.6375846,
              36.4001422
            ],
            [
              10.6374478,
              36.4000634
            ],
            [
              10.6373432,
              36.4000375
            ],
            [
              10.637248,
              36.4000472
            ],
            [
              10.6371769,
              36.4000915
            ],
            [
              10.6371595,
              36.4001304
            ],
            [
              10.6371595,
              36.4001811
            ],
            [
              10.6371595,
              36.400248
            ],
            [
              10.6371085,
              36.4002847
            ],
            [
              10.6370621,
              36.4004413
            ],
            [
              10.6371326,
              36.4005582
            ],
            [
              10.6371152,
              36.400696
            ],
            [
              10.6370243,
              36.4008306
            ],
            [
              10.6367633,
              36.4010224
            ],
            [
              10.6364125,
              36.4011494
            ],
            [
              10.6361845,
              36.4011968
            ],
            [
              10.6358975,
              36.4011904
            ],
            [
              10.6355542,
              36.4011364
            ],
            [
              10.6351599,
              36.4010263
            ],
            [
              10.6347468,
              36.4008817
            ],
            [
              10.634425,
              36.4007543
            ],
            [
              10.6338453,
              36.4005067
            ],
            [
              10.633643,
              36.4004313
            ],
            [
              10.6334031,
              36.4003797
            ],
            [
              10.6332596,
              36.4003689
            ],
            [
              10.6331429,
              36.4003873
            ],
            [
              10.6330007,
              36.4004175
            ],
            [
              10.6329122,
              36.4004089
            ],
            [
              10.6328009,
              36.4003722
            ],
            [
              10.6326775,
              36.4002977
            ],
            [
              10.6325206,
              36.4001973
            ],
            [
              10.6322014,
              36.4000937
            ],
            [
              10.6319466,
              36.4000656
            ],
            [
              10.6316301,
              36.4000267
            ],
            [
              10.6311929,
              36.3998735
            ],
            [
              10.6306887,
              36.399677
            ],
            [
              10.6305492,
              36.3995906
            ],
            [
              10.6304929,
              36.3995043
            ],
            [
              10.6304768,
              36.3994093
            ],
            [
              10.630466,
              36.3993294
            ],
            [
              10.6304446,
              36.3992927
            ],
            [
              10.6303802,
              36.3992776
            ],
            [
              10.6302837,
              36.3992906
            ],
            [
              10.6301898,
              36.3993445
            ],
            [
              10.6299252,
              36.3995863
            ],
            [
              10.6298035,
              36.3996381
            ],
            [
              10.6296306,
              36.3996765
            ],
            [
              10.6294817,
              36.3996684
            ],
            [
              10.6293556,
              36.399636
            ],
            [
              10.6291115,
              36.3995431
            ],
            [
              10.6287548,
              36.3993596
            ],
            [
              10.6280655,
              36.3989969
            ],
            [
              10.6271696,
              36.3983601
            ],
            [
              10.6267114,
              36.3980424
            ],
            [
              10.6254272,
              36.3973219
            ],
            [
              10.625048,
              36.3970776
            ],
            [
              10.6247556,
              36.3968876
            ],
            [
              10.6244794,
              36.3967667
            ],
            [
              10.6238598,
              36.3964602
            ],
            [
              10.6234172,
              36.3962086
            ],
            [
              10.6232115,
              36.3961128
            ],
            [
              10.6231061,
              36.3961342
            ],
            [
              10.6229854,
              36.3961342
            ],
            [
              10.6229022,
              36.3961298
            ],
            [
              10.6226233,
              36.3959571
            ],
            [
              10.6219044,
              36.395562
            ],
            [
              10.6215477,
              36.3954411
            ],
            [
              10.6214297,
              36.3953461
            ],
            [
              10.6211293,
              36.3950179
            ],
            [
              10.6207994,
              36.3947956
            ],
            [
              10.620507,
              36.394666
            ],
            [
              10.6202629,
              36.3944458
            ],
            [
              10.619925,
              36.3941047
            ],
            [
              10.619823,
              36.3940032
            ],
            [
              10.6197184,
              36.3939255
            ],
            [
              10.6194609,
              36.3937506
            ],
            [
              10.6189299,
              36.3935476
            ],
            [
              10.6185597,
              36.3934591
            ],
            [
              10.6182593,
              36.3933857
            ],
            [
              10.6179133,
              36.393159
            ],
            [
              10.6176129,
              36.3929863
            ],
            [
              10.6168404,
              36.3924292
            ],
            [
              10.6165293,
              36.3922673
            ],
            [
              10.616186,
              36.3921637
            ],
            [
              10.6158051,
              36.3921572
            ],
            [
              10.6154859,
              36.3921896
            ],
            [
              10.6150755,
              36.3921788
            ],
            [
              10.6145015,
              36.3921377
            ],
            [
              10.6141958,
              36.392155
            ],
            [
              10.613831,
              36.3922219
            ],
            [
              10.613582,
              36.3921979
            ],
            [
              10.6133106,
              36.3922289
            ],
            [
              10.6130759,
              36.392289
            ],
            [
              10.6128171,
              36.3925113
            ],
            [
              10.6127219,
              36.3926659
            ],
            [
              10.6124094,
              36.3931914
            ],
            [
              10.6122807,
              36.3935822
            ],
            [
              10.6121617,
              36.3938449
            ],
            [
              10.6120372,
              36.3940921
            ],
            [
              10.6119252,
              36.3942224
            ],
            [
              10.611717,
              36.394415
            ],
            [
              10.6115606,
              36.3945387
            ],
            [
              10.6115178,
              36.3945745
            ],
            [
              10.6114912,
              36.3946194
            ],
            [
              10.6114836,
              36.3946687
            ],
            [
              10.6114971,
              36.3947205
            ],
            [
              10.6115314,
              36.3947656
            ],
            [
              10.6115824,
              36.3947989
            ],
            [
              10.6115768,
              36.3948826
            ],
            [
              10.6117142,
              36.3950511
            ],
            [
              10.6118059,
              36.3953349
            ],
            [
              10.6118282,
              36.3955362
            ],
            [
              10.6119317,
              36.3958179
            ],
            [
              10.6120101,
              36.3959894
            ],
            [
              10.6120002,
              36.3962582
            ],
            [
              10.61176,
              36.3966885
            ],
            [
              10.6110238,
              36.397466
            ],
            [
              10.6103906,
              36.3981066
            ],
            [
              10.6119926,
              36.3989727
            ],
            [
              10.6116654,
              36.4006739
            ],
            [
              10.611475,
              36.401613
            ],
            [
              10.6114267,
              36.4030594
            ],
            [
              10.6114374,
              36.4038107
            ],
            [
              10.6121777,
              36.4044971
            ],
            [
              10.6124459,
              36.4055679
            ]
          ]
        ]
      }
    },
    {
      "type": "Feature",
      "properties": {
        "name": "Hammamet Ouest",
        "name_ar": "الحمامات الغربية",
        "osm_id": 7104930,
        "admin_level": "6"
      },
      "geometry": {
        "type": "Polygon",
        "coordinates": [
          [
            [
              10.567579,
              36.4177859
            ],
            [
              10.5676326,
              36.4097735
            ],
            [
              10.5680832,
              36.4094195
            ],
            [
              10.5691024,
              36.4087978
            ],
            [
              10.5700788,
              36.4081243
            ],
            [
              10.5712811,
              36.4072532
            ],
            [
              10.5719825,
              36.406674
            ],
            [
              10.573291,
              36.4057585
            ],
            [
              10.5734166,
              36.4053171
            ],
            [
              10.5734584,
              36.40442
            ],
            [
              10.5735978,
              36.4038932
            ],
            [
              10.5743488,
              36.4019589
            ],
            [
              10.575808,
              36.4002232
            ],
            [
              10.5763481,
              36.3979401
            ],
            [
              10.5765761,
              36.3979749
            ],
            [
              10.5767979,
              36.3979717
            ],
            [
              10.5770857,
              36.3980924
            ],
            [
              10.5774473,
              36.3982802
            ],
            [
              10.5777901,
              36.3984054
            ],
            [
              10.5783615,
              36.3985716
            ],
            [
              10.5787061,
              36.3987087
            ],
            [
              10.5790105,
              36.3988458
            ],
            [
              10.5794142,
              36.398984
            ],
            [
              10.5798903,
              36.3991513
            ],
            [
              10.5802403,
              36.3992571
            ],
            [
              10.5805434,
              36.3993704
            ],
            [
              10.5807996,
              36.3994784
            ],
            [
              10.5810048,
              36.3995593
            ],
            [
              10.5812046,
              36.399623
            ],
            [
              10.5813923,
              36.3996856
            ],
            [
              10.5817035,
              36.3998001
            ],
            [
              10.5820857,
              36.3999566
            ],
            [
              10.5824491,
              36.4000947
            ],
            [
              10.5826382,
              36.4001638
            ],
            [
              10.5828233,
              36.4002264
            ],
            [
              10.5830432,
              36.4003009
            ],
            [
              10.5833048,
              36.400397
            ],
            [
              10.5835676,
              36.400519
            ],
            [
              10.5837948,
              36.4006292
            ],
            [
              10.5841926,
              36.4007942
            ],
            [
              10.5845413,
              36.4009464
            ],
            [
              10.5852494,
              36.4012217
            ],
            [
              10.5854666,
              36.4013113
            ],
            [
              10.5857201,
              36.401403
            ],
            [
              10.5859508,
              36.4014829
            ],
            [
              10.5861928,
              36.4015655
            ],
            [
              10.5864282,
              36.4016286
            ],
            [
              10.5866542,
              36.4016842
            ],
            [
              10.5869029,
              36.401736
            ],
            [
              10.5870518,
              36.4017679
            ],
            [
              10.5871806,
              36.4017943
            ],
            [
              10.5872644,
              36.4018154
            ],
            [
              10.5873489,
              36.4018402
            ],
            [
              10.5874716,
              36.4018839
            ],
            [
              10.5875903,
              36.4019314
            ],
            [
              10.5876727,
              36.4019616
            ],
            [
              10.5877807,
              36.4019989
            ],
            [
              10.5878464,
              36.4020291
            ],
            [
              10.5879396,
              36.4020733
            ],
            [
              10.5880362,
              36.4021225
            ],
            [
              10.5880865,
              36.4021467
            ],
            [
              10.5881468,
              36.4021694
            ],
            [
              10.5882823,
              36.4022131
            ],
            [
              10.5883761,
              36.4022517
            ],
            [
              10.5884405,
              36.4022822
            ],
            [
              10.5884932,
              36.4023081
            ],
            [
              10.5885458,
              36.4023275
            ],
            [
              10.5886719,
              36.4023605
            ],
            [
              10.5888207,
              36.4023864
            ],
            [
              10.5889099,
              36.4024101
            ],
            [
              10.5890112,
              36.4024382
            ],
            [
              10.5890879,
              36.4024611
            ],
            [
              10.5891889,
              36.4024857
            ],
            [
              10.5892834,
              36.4025089
            ],
            [
              10.5893867,
              36.4025375
            ],
            [
              10.589502,
              36.4025785
            ],
            [
              10.5896522,
              36.4026314
            ],
            [
              10.5897608,
              36.4026659
            ],
            [
              10.5898494,
              36.4026837
            ],
            [
              10.5899513,
              36.4026999
            ],
            [
              10.5900324,
              36.4027145
            ],
            [
              10.5901149,
              36.4027307
            ],
            [
              10.5902617,
              36.4027571
            ],
            [
              10.5903784,
              36.402782
            ],
            [
              10.590532,
              36.4028138
            ],
            [
              10.5906272,
              36.402837
            ],
            [
              10.5907372,
              36.4028608
            ],
            [
              10.5908136,
              36.402878
            ],
            [
              10.5909061,
              36.4028905
            ],
            [
              10.5909993,
              36.4028953
            ],
            [
              10.5910765,
              36.4028975
            ],
            [
              10.5911878,
              36.4028959
            ],
            [
              10.5913065,
              36.4028867
            ],
            [
              10.5914265,
              36.4028699
            ],
            [
              10.5914962,
              36.4028473
            ],
            [
              10.5915941,
              36.4028214
            ],
            [
              10.5916531,
              36.4028095
            ],
            [
              10.5917336,
              36.4028009
            ],
            [
              10.5918677,
              36.4027955
            ],
            [
              10.5920032,
              36.4028019
            ],
            [
              10.5921775,
              36.4028225
            ],
            [
              10.5923653,
              36.4028548
            ],
            [
              10.5924397,
              36.4028656
            ],
            [
              10.592498,
              36.4028737
            ],
            [
              10.5925698,
              36.4028797
            ],
            [
              10.5926623,
              36.4028872
            ],
            [
              10.5927663,
              36.4028926
            ],
            [
              10.5933791,
              36.4029088
            ],
            [
              10.5935454,
              36.4029541
            ],
            [
              10.5938163,
              36.4029541
            ],
            [
              10.5941167,
              36.4029541
            ],
            [
              10.5948141,
              36.403129
            ],
            [
              10.5954686,
              36.4032477
            ],
            [
              10.5959594,
              36.40336
            ],
            [
              10.5963162,
              36.4034053
            ],
            [
              10.5965307,
              36.403414
            ],
            [
              10.5976009,
              36.4033967
            ],
            [
              10.5988294,
              36.4034399
            ],
            [
              10.5998325,
              36.403347
            ],
            [
              10.6002885,
              36.4032844
            ],
            [
              10.6006452,
              36.4031873
            ],
            [
              10.6008679,
              36.4031117
            ],
            [
              10.6013019,
              36.4028557
            ],
            [
              10.6018116,
              36.4025643
            ],
            [
              10.6023175,
              36.4021297
            ],
            [
              10.6026669,
              36.4017633
            ],
            [
              10.6033477,
              36.4013609
            ],
            [
              10.6046671,
              36.4009149
            ],
            [
              10.6051904,
              36.4008346
            ],
            [
              10.6058261,
              36.400601
            ],
            [
              10.6064242,
              36.4003001
            ],
            [
              10.6067512,
              36.4000222
            ],
            [
              10.607333,
              36.3996621
            ],
            [
              10.6081607,
              36.3992009
            ],
            [
              10.6083646,
              36.399066
            ],
            [
              10.6085363,
              36.3989581
            ],
            [
              10.6086324,
              36.3988985
            ],
            [
              10.6090111,
              36.3987703
            ],
            [
              10.6094214,
              36.3986429
            ],
            [
              10.6098479,
              36.3984162
            ],
            [
              10.6103906,
              36.3981066
            ],
            [
              10.6119926,
              36.3989727
            ],
            [
              10.6116654,
              36.4006739
            ],
            [
              10.611475,
              36.401613
            ],
            [
              10.6114267,
              36.4030594
            ],
            [
              10.6114374,
              36.4038107
            ],
            [
              10.6121777,
              36.4044971
            ],
            [
              10.6124459,
              36.4055679
            ],
            [
              10.6108366,
              36.4055161
            ],
            [
              10.6107454,
              36.4057492
            ],
            [
              10.6100802,
              36.4077611
            ],
            [
              10.6098227,
              36.4077007
            ],
            [
              10.6090824,
              36.4078302
            ],
            [
              10.6075911,
              36.408236
            ],
            [
              10.6053059,
              36.40878
            ],
            [
              10.6031172,
              36.4093067
            ],
            [
              10.6017251,
              36.4100536
            ],
            [
              10.6003331,
              36.4108026
            ],
            [
              10.598904,
              36.4116785
            ],
            [
              10.598139,
              36.4121474
            ],
            [
              10.597667,
              36.4125446
            ],
            [
              10.5972378,
              36.4131231
            ],
            [
              10.5959718,
              36.4146427
            ],
            [
              10.5940192,
              36.4159982
            ],
            [
              10.5926673,
              36.41684
            ],
            [
              10.5919914,
              36.4173278
            ],
            [
              10.5918412,
              36.4176214
            ],
            [
              10.5917768,
              36.4189854
            ],
            [
              10.5917768,
              36.4195164
            ],
            [
              10.5916159,
              36.4198272
            ],
            [
              10.5913852,
              36.4201812
            ],
            [
              10.5910151,
              36.420656
            ],
            [
              10.5906771,
              36.4210316
            ],
            [
              10.5904035,
              36.4212647
            ],
            [
              10.5901621,
              36.4214416
            ],
            [
              10.5901192,
              36.4217049
            ],
            [
              10.589969,
              36.4219165
            ],
            [
              10.5898027,
              36.4220071
            ],
            [
              10.5894648,
              36.4221668
            ],
            [
              10.5892234,
              36.4225078
            ],
            [
              10.5890678,
              36.4229352
            ],
            [
              10.5889927,
              36.4232589
            ],
            [
              10.588821,
              36.4233927
            ],
            [
              10.588585,
              36.4235049
            ],
            [
              10.5884938,
              36.4237682
            ],
            [
              10.5885582,
              36.4240488
            ],
            [
              10.5888854,
              36.4244373
            ],
            [
              10.5890142,
              36.4248258
            ],
            [
              10.5889981,
              36.4253524
            ],
            [
              10.588864,
              36.426043
            ],
            [
              10.5890142,
              36.4264962
            ],
            [
              10.5877428,
              36.4270746
            ],
            [
              10.5875336,
              36.4270271
            ],
            [
              10.5867665,
              36.4268286
            ],
            [
              10.5859564,
              36.4268415
            ],
            [
              10.5849372,
              36.4271566
            ],
            [
              10.5847119,
              36.427135
            ],
            [
              10.5833815,
              36.4272602
            ],
            [
              10.5832581,
              36.4262976
            ],
            [
              10.5826627,
              36.4265825
            ],
            [
              10.5824106,
              36.4262329
            ],
            [
              10.5807154,
              36.4245236
            ],
            [
              10.5799966,
              36.4235913
            ],
            [
              10.5797176,
              36.4235222
            ],
            [
              10.5782049,
              36.4227452
            ],
            [
              10.5763917,
              36.4220287
            ],
            [
              10.574498,
              36.4212301
            ],
            [
              10.5736505,
              36.420738
            ],
            [
              10.5729209,
              36.4199351
            ],
            [
              10.5705927,
              36.41883
            ],
            [
              10.5683826,
              36.4182084
            ],
            [
              10.567579,
              36.4177859
            ]
          ]
        ]
      }
    },
    {
      "type": "Feature",
      "properties": {
        "name": "Manaret El Hammamet",
        "name_ar": "منارة الحمامات",
        "osm_id": 7104931,
        "admin_level": "6"
      },
      "geometry": {
        "type": "Polygon",
        "coordinates": [
          [
            [
              10.5064884,
              36.3917716
            ],
            [
              10.5104902,
              36.3883688
            ],
            [
              10.512355,
              36.386987
            ],
            [
              10.5239129,
              36.3768997
            ],
            [
              10.529681,
              36.37167
            ],
            [
              10.5318501,
              36.370385
            ],
            [
              10.52868,
              36.3663675
            ],
            [
              10.5226958,
              36.3565312
            ],
            [
              10.5274501,
              36.3544778
            ],
            [
              10.52788,
              36.3542921
            ],
            [
              10.5293673,
              36.3536497
            ],
            [
              10.5291867,
              36.3530588
            ],
            [
              10.529365,
              36.3529065
            ],
            [
              10.5295291,
              36.3528271
            ],
            [
              10.5295615,
              36.3528771
            ],
            [
              10.53105,
              36.3551758
            ],
            [
              10.5316132,
              36.3559664
            ],
            [
              10.5320746,
              36.3565971
            ],
            [
              10.5325627,
              36.3571976
            ],
            [
              10.532831,
              36.3576296
            ],
            [
              10.5333218,
              36.3582928
            ],
            [
              10.5337697,
              36.3589149
            ],
            [
              10.5341291,
              36.3594117
            ],
            [
              10.5344805,
              36.3599063
            ],
            [
              10.5347916,
              36.3603362
            ],
            [
              10.5351001,
              36.3607617
            ],
            [
              10.5354327,
              36.361157
            ],
            [
              10.5357224,
              36.3615134
            ],
            [
              10.5361918,
              36.3622521
            ],
            [
              10.5365324,
              36.362818
            ],
            [
              10.5367282,
              36.3630534
            ],
            [
              10.5369589,
              36.3633839
            ],
            [
              10.5371788,
              36.3636646
            ],
            [
              10.53738,
              36.3639757
            ],
            [
              10.5375329,
              36.3641657
            ],
            [
              10.5376294,
              36.3643018
            ],
            [
              10.5377448,
              36.3645092
            ],
            [
              10.5379781,
              36.3648137
            ],
            [
              10.5381793,
              36.3650491
            ],
            [
              10.5383027,
              36.365263
            ],
            [
              10.5384609,
              36.3654185
            ],
            [
              10.5385494,
              36.3655567
            ],
            [
              10.5386165,
              36.3657532
            ],
            [
              10.5387264,
              36.3659087
            ],
            [
              10.5388606,
              36.3661118
            ],
            [
              10.539059,
              36.3663731
            ],
            [
              10.5393031,
              36.3666301
            ],
            [
              10.5396143,
              36.3670599
            ],
            [
              10.539794,
              36.3673191
            ],
            [
              10.5399093,
              36.3674595
            ],
            [
              10.5400944,
              36.3677424
            ],
            [
              10.5403277,
              36.3679606
            ],
            [
              10.5405289,
              36.3682565
            ],
            [
              10.5407059,
              36.3685415
            ],
            [
              10.5410278,
              36.368885
            ],
            [
              10.5412692,
              36.3691484
            ],
            [
              10.541575,
              36.3694098
            ],
            [
              10.5416742,
              36.3696171
            ],
            [
              10.541811,
              36.3697057
            ],
            [
              10.5421033,
              36.3699648
            ],
            [
              10.5423394,
              36.3701873
            ],
            [
              10.5425888,
              36.3703622
            ],
            [
              10.5427498,
              36.3705199
            ],
            [
              10.5429295,
              36.3705933
            ],
            [
              10.5431145,
              36.3706775
            ],
            [
              10.5434042,
              36.3708309
            ],
            [
              10.5437651,
              36.3709094
            ],
            [
              10.5442168,
              36.3709592
            ],
            [
              10.5447963,
              36.3709691
            ],
            [
              10.5451167,
              36.3710079
            ],
            [
              10.5452891,
              36.3709358
            ],
            [
              10.5458798,
              36.3705302
            ],
            [
              10.5459156,
              36.370436
            ],
            [
              10.5459825,
              36.3703649
            ],
            [
              10.5461321,
              36.3703714
            ],
            [
              10.5464981,
              36.3707743
            ],
            [
              10.5466256,
              36.3709495
            ],
            [
              10.5468227,
              36.3713509
            ],
            [
              10.5469023,
              36.3715943
            ],
            [
              10.5469316,
              36.3716841
            ],
            [
              10.5469504,
              36.3717949
            ],
            [
              10.546936,
              36.3718662
            ],
            [
              10.5468883,
              36.371915
            ],
            [
              10.5466306,
              36.3720651
            ],
            [
              10.5460187,
              36.3724047
            ],
            [
              10.5458311,
              36.3721912
            ],
            [
              10.5457503,
              36.3722372
            ],
            [
              10.5459417,
              36.372455
            ],
            [
              10.5458228,
              36.3725228
            ],
            [
              10.5453394,
              36.3719729
            ],
            [
              10.5452296,
              36.3720313
            ],
            [
              10.5451241,
              36.3719207
            ],
            [
              10.5450432,
              36.3719705
            ],
            [
              10.5451427,
              36.3720889
            ],
            [
              10.5450219,
              36.3721585
            ],
            [
              10.5449071,
              36.3720224
            ],
            [
              10.54464,
              36.3721778
            ],
            [
              10.5444108,
              36.3723086
            ],
            [
              10.5442142,
              36.3724156
            ],
            [
              10.5439368,
              36.3725666
            ],
            [
              10.5437318,
              36.3726819
            ],
            [
              10.5437906,
              36.3727481
            ],
            [
              10.5445556,
              36.3736099
            ],
            [
              10.5446269,
              36.3735707
            ],
            [
              10.5447047,
              36.373523
            ],
            [
              10.5447874,
              36.3735384
            ],
            [
              10.5449067,
              36.3736602
            ],
            [
              10.5450737,
              36.3735628
            ],
            [
              10.5452332,
              36.3734656
            ],
            [
              10.5456024,
              36.3732575
            ],
            [
              10.5456207,
              36.3732475
            ],
            [
              10.5458993,
              36.3735712
            ],
            [
              10.5462011,
              36.3739198
            ],
            [
              10.5462633,
              36.3740259
            ],
            [
              10.5463232,
              36.3741399
            ],
            [
              10.5463501,
              36.3742204
            ],
            [
              10.5464028,
              36.3743629
            ],
            [
              10.5464275,
              36.3744521
            ],
            [
              10.5464492,
              36.3746169
            ],
            [
              10.5464503,
              36.3747582
            ],
            [
              10.5464449,
              36.3748676
            ],
            [
              10.5471306,
              36.375314
            ],
            [
              10.5474442,
              36.3750264
            ],
            [
              10.5474988,
              36.375061
            ],
            [
              10.5480476,
              36.374691
            ],
            [
              10.5485981,
              36.3743709
            ],
            [
              10.5485695,
              36.3743431
            ],
            [
              10.5486027,
              36.3743247
            ],
            [
              10.5491898,
              36.3739905
            ],
            [
              10.5490316,
              36.3738059
            ],
            [
              10.5491804,
              36.3737162
            ],
            [
              10.549129,
              36.3735714
            ],
            [
              10.5490624,
              36.3733396
            ],
            [
              10.5489732,
              36.3733901
            ],
            [
              10.5487733,
              36.3731855
            ],
            [
              10.548801,
              36.3731621
            ],
            [
              10.5488757,
              36.3731167
            ],
            [
              10.5487483,
              36.3729772
            ],
            [
              10.5488951,
              36.372894
            ],
            [
              10.5487835,
              36.3726369
            ],
            [
              10.5486671,
              36.3727035
            ],
            [
              10.5484987,
              36.3725282
            ],
            [
              10.54845,
              36.3724671
            ],
            [
              10.5484575,
              36.3724016
            ],
            [
              10.5486334,
              36.3723014
            ],
            [
              10.5484909,
              36.3720269
            ],
            [
              10.5484202,
              36.3720732
            ],
            [
              10.5478386,
              36.3714078
            ],
            [
              10.5479773,
              36.371331
            ],
            [
              10.5473639,
              36.3706225
            ],
            [
              10.5476013,
              36.3704889
            ],
            [
              10.5474915,
              36.370351
            ],
            [
              10.547462,
              36.3703668
            ],
            [
              10.547451,
              36.3703543
            ],
            [
              10.5472318,
              36.3704814
            ],
            [
              10.5471819,
              36.3704261
            ],
            [
              10.5474304,
              36.3702819
            ],
            [
              10.5474093,
              36.3702584
            ],
            [
              10.5473924,
              36.3702746
            ],
            [
              10.5473239,
              36.3702641
            ],
            [
              10.547256,
              36.3702484
            ],
            [
              10.5472071,
              36.3702074
            ],
            [
              10.5471636,
              36.3701749
            ],
            [
              10.5471219,
              36.3700887
            ],
            [
              10.5471127,
              36.3700352
            ],
            [
              10.5471465,
              36.3699772
            ],
            [
              10.5472553,
              36.3699033
            ],
            [
              10.5472504,
              36.3698186
            ],
            [
              10.5474051,
              36.3697646
            ],
            [
              10.5473178,
              36.3695849
            ],
            [
              10.5472131,
              36.369436
            ],
            [
              10.5471081,
              36.3693375
            ],
            [
              10.5470058,
              36.369379
            ],
            [
              10.546904,
              36.3693784
            ],
            [
              10.5468066,
              36.3693428
            ],
            [
              10.5467544,
              36.3692572
            ],
            [
              10.5467503,
              36.369199
            ],
            [
              10.5467816,
              36.3691156
            ],
            [
              10.5469433,
              36.369025
            ],
            [
              10.5470925,
              36.3690136
            ],
            [
              10.5472824,
              36.3691322
            ],
            [
              10.547462,
              36.3693253
            ],
            [
              10.5476018,
              36.3695365
            ],
            [
              10.5477163,
              36.3697658
            ],
            [
              10.5477941,
              36.3700104
            ],
            [
              10.5478466,
              36.3702216
            ],
            [
              10.5485876,
              36.371326
            ],
            [
              10.5488198,
              36.3716997
            ],
            [
              10.5490646,
              36.3721595
            ],
            [
              10.5493093,
              36.372732
            ],
            [
              10.5495308,
              36.3733138
            ],
            [
              10.5497814,
              36.3742992
            ],
            [
              10.5498235,
              36.3746634
            ],
            [
              10.5497464,
              36.3747497
            ],
            [
              10.5496299,
              36.3747872
            ],
            [
              10.5495131,
              36.3747591
            ],
            [
              10.5494449,
              36.3746819
            ],
            [
              10.5494601,
              36.3745787
            ],
            [
              10.5495303,
              36.3744922
            ],
            [
              10.5491524,
              36.3744104
            ],
            [
              10.5489864,
              36.3744755
            ],
            [
              10.5487801,
              36.3746381
            ],
            [
              10.5486028,
              36.3748839
            ],
            [
              10.5485041,
              36.3750378
            ],
            [
              10.5484168,
              36.3752544
            ],
            [
              10.5484011,
              36.3754834
            ],
            [
              10.548447,
              36.3757005
            ],
            [
              10.5485844,
              36.3760169
            ],
            [
              10.5496326,
              36.3773265
            ],
            [
              10.5511768,
              36.379217
            ],
            [
              10.5530448,
              36.3812443
            ],
            [
              10.5532839,
              36.3816474
            ],
            [
              10.5552634,
              36.3836106
            ],
            [
              10.5576287,
              36.3858195
            ],
            [
              10.5587659,
              36.3869194
            ],
            [
              10.5596284,
              36.3875983
            ],
            [
              10.5599076,
              36.3880594
            ],
            [
              10.5605976,
              36.3886204
            ],
            [
              10.5611803,
              36.3890131
            ],
            [
              10.5626981,
              36.3901335
            ],
            [
              10.564497,
              36.3914866
            ],
            [
              10.566381,
              36.3927695
            ],
            [
              10.5673836,
              36.3934401
            ],
            [
              10.5682129,
              36.3940058
            ],
            [
              10.5699376,
              36.3949286
            ],
            [
              10.5704386,
              36.3951773
            ],
            [
              10.5706725,
              36.3952926
            ],
            [
              10.5708742,
              36.3953777
            ],
            [
              10.5710915,
              36.3954821
            ],
            [
              10.5714101,
              36.3956626
            ],
            [
              10.572004,
              36.3959973
            ],
            [
              10.5726595,
              36.3962512
            ],
            [
              10.5730409,
              36.3964714
            ],
            [
              10.5735199,
              36.3966813
            ],
            [
              10.5740152,
              36.3968702
            ],
            [
              10.5747144,
              36.3971983
            ],
            [
              10.5755174,
              36.3975622
            ],
            [
              10.5757124,
              36.3976506
            ],
            [
              10.5760664,
              36.3978389
            ],
            [
              10.5763481,
              36.3979401
            ],
            [
              10.575808,
              36.4002232
            ],
            [
              10.5743488,
              36.4019589
            ],
            [
              10.5735978,
              36.4038932
            ],
            [
              10.5734584,
              36.40442
            ],
            [
              10.5734166,
              36.4053171
            ],
            [
              10.573291,
              36.4057585
            ],
            [
              10.5719825,
              36.406674
            ],
            [
              10.5712811,
              36.4072532
            ],
            [
              10.5700788,
              36.4081243
            ],
            [
              10.5691024,
              36.4087978
            ],
            [
              10.5680832,
              36.4094195
            ],
            [
              10.5676326,
              36.4097735
            ],
            [
              10.567579,
              36.4177859
            ],
            [
              10.5661306,
              36.4179672
            ],
            [
              10.5672356,
              36.419858
            ],
            [
              10.5654536,
              36.4209452
            ],
            [
              10.5631801,
              36.4191673
            ],
            [
              10.5602716,
              36.4187696
            ],
            [
              10.5588993,
              36.419599
            ],
            [
              10.5577138,
              36.4200263
            ],
            [
              10.5569306,
              36.4201515
            ],
            [
              10.5562869,
              36.4203414
            ],
            [
              10.5551496,
              36.4203501
            ],
            [
              10.5540982,
              36.4197587
            ],
            [
              10.5533472,
              36.4199918
            ],
            [
              10.5528214,
              36.420458
            ],
            [
              10.5522743,
              36.4208465
            ],
            [
              10.5514589,
              36.4210709
            ],
            [
              10.5509117,
              36.4210709
            ],
            [
              10.5501821,
              36.4213127
            ],
            [
              10.5491029,
              36.421774
            ],
            [
              10.5476287,
              36.4220551
            ],
            [
              10.546073,
              36.4217184
            ],
            [
              10.5438521,
              36.4234191
            ],
            [
              10.5429938,
              36.423676
            ],
            [
              10.542275,
              36.4238832
            ],
            [
              10.5413094,
              36.4242026
            ],
            [
              10.5399897,
              36.424781
            ],
            [
              10.5390349,
              36.4252299
            ],
            [
              10.5374685,
              36.4259637
            ],
            [
              10.5366316,
              36.4265766
            ],
            [
              10.5354622,
              36.4275348
            ],
            [
              10.5350223,
              36.4277506
            ],
            [
              10.5341211,
              36.4284326
            ],
            [
              10.533649,
              36.428916
            ],
            [
              10.5321899,
              36.4296411
            ],
            [
              10.5307737,
              36.4302281
            ],
            [
              10.527952,
              36.4313934
            ],
            [
              10.5275228,
              36.4315661
            ],
            [
              10.527319,
              36.4320236
            ],
            [
              10.5271473,
              36.4320581
            ],
            [
              10.5267396,
              36.4324034
            ],
            [
              10.5264392,
              36.4329558
            ],
            [
              10.5264392,
              36.4333702
            ],
            [
              10.5252483,
              36.4337068
            ],
            [
              10.5241647,
              36.4342247
            ],
            [
              10.523124,
              36.434734
            ],
            [
              10.5213323,
              36.4361323
            ],
            [
              10.5191865,
              36.4378241
            ],
            [
              10.5192938,
              36.4381175
            ],
            [
              10.5186394,
              36.4387822
            ],
            [
              10.5184248,
              36.4386009
            ],
            [
              10.5180493,
              36.4384801
            ],
            [
              10.5174163,
              36.4384542
            ],
            [
              10.5167725,
              36.4387649
            ],
            [
              10.5161395,
              36.4388685
            ],
            [
              10.5159142,
              36.4388598
            ],
            [
              10.5152169,
              36.4389893
            ],
            [
              10.5143693,
              36.4392482
            ],
            [
              10.513865,
              36.4394727
            ],
            [
              10.5135754,
              36.4396108
            ],
            [
              10.5131569,
              36.4397057
            ],
            [
              10.5126339,
              36.4396863
            ],
            [
              10.5120224,
              36.4397467
            ],
            [
              10.5102092,
              36.4394187
            ],
            [
              10.5097157,
              36.439177
            ],
            [
              10.5094367,
              36.4391598
            ],
            [
              10.5089325,
              36.439013
            ],
            [
              10.507189,
              36.4377011
            ],
            [
              10.5061644,
              36.4369674
            ],
            [
              10.5060839,
              36.4367516
            ],
            [
              10.5056065,
              36.4359057
            ],
            [
              10.5054402,
              36.4357288
            ],
            [
              10.5053651,
              36.4354698
            ],
            [
              10.5048823,
              36.4346887
            ],
            [
              10.5045712,
              36.4345506
            ],
            [
              10.50426,
              36.4347318
            ],
            [
              10.5041098,
              36.4351203
            ],
            [
              10.5037665,
              36.4354742
            ],
            [
              10.5032193,
              36.4353533
            ],
            [
              10.502361,
              36.4359834
            ],
            [
              10.5014491,
              36.4362165
            ],
            [
              10.4997432,
              36.4357935
            ],
            [
              10.4993677,
              36.4355
            ],
            [
              10.4990136,
              36.4353533
            ],
            [
              10.4981178,
              36.4351807
            ],
            [
              10.4976725,
              36.4347793
            ],
            [
              10.4972809,
              36.4347793
            ],
            [
              10.497061,
              36.4348527
            ],
            [
              10.496664,
              36.4348958
            ],
            [
              10.4964012,
              36.4347361
            ],
            [
              10.4960176,
              36.4347263
            ],
            [
              10.4958326,
              36.4342053
            ],
            [
              10.4960257,
              36.4339291
            ],
            [
              10.4960257,
              36.4334543
            ],
            [
              10.4964441,
              36.4329364
            ],
            [
              10.4962939,
              36.4325566
            ],
            [
              10.4961174,
              36.4320915
            ],
            [
              10.4969698,
              36.4316502
            ],
            [
              10.4970235,
              36.4312531
            ],
            [
              10.4971415,
              36.4310028
            ],
            [
              10.4975921,
              36.4306662
            ],
            [
              10.4983002,
              36.4303036
            ],
            [
              10.4986328,
              36.4299238
            ],
            [
              10.4989761,
              36.4294145
            ],
            [
              10.4996199,
              36.4286203
            ],
            [
              10.5001778,
              36.4284304
            ],
            [
              10.500682,
              36.4281369
            ],
            [
              10.5011863,
              36.4281455
            ],
            [
              10.5016476,
              36.4283009
            ],
            [
              10.5020875,
              36.4282319
            ],
            [
              10.5029351,
              36.4269974
            ],
            [
              10.5029458,
              36.4265485
            ],
            [
              10.5027205,
              36.4258406
            ],
            [
              10.5029458,
              36.4251327
            ],
            [
              10.5033857,
              36.424822
            ],
            [
              10.5042225,
              36.4247529
            ],
            [
              10.5048233,
              36.4246838
            ],
            [
              10.5055744,
              36.4245112
            ],
            [
              10.5058962,
              36.4237601
            ],
            [
              10.5063147,
              36.4234493
            ],
            [
              10.506776,
              36.4232853
            ],
            [
              10.507173,
              36.4231558
            ],
            [
              10.5074197,
              36.4229227
            ],
            [
              10.5074948,
              36.4226206
            ],
            [
              10.5076987,
              36.4224047
            ],
            [
              10.5081278,
              36.4220681
            ],
            [
              10.5084604,
              36.4221544
            ],
            [
              10.5086643,
              36.4217659
            ],
            [
              10.5093187,
              36.4213429
            ],
            [
              10.5096406,
              36.4210493
            ],
            [
              10.5096835,
              36.4208076
            ],
            [
              10.5094367,
              36.4205745
            ],
            [
              10.5091685,
              36.4204191
            ],
            [
              10.5090612,
              36.4201687
            ],
            [
              10.509587,
              36.4199443
            ],
            [
              10.5110568,
              36.4193313
            ],
            [
              10.511722,
              36.418891
            ],
            [
              10.5119366,
              36.4186147
            ],
            [
              10.5119151,
              36.4183471
            ],
            [
              10.5118937,
              36.4182262
            ],
            [
              10.5129129,
              36.4180622
            ],
            [
              10.5137927,
              36.4171988
            ],
            [
              10.5137712,
              36.4168707
            ],
            [
              10.5144042,
              36.4165081
            ],
            [
              10.5144578,
              36.4156793
            ],
            [
              10.5152732,
              36.4155929
            ],
            [
              10.5160672,
              36.4145914
            ],
            [
              10.5170006,
              36.4141338
            ],
            [
              10.5179125,
              36.4138748
            ],
            [
              10.5185133,
              36.4133222
            ],
            [
              10.5196184,
              36.4130805
            ],
            [
              10.5201549,
              36.4126401
            ],
            [
              10.5203265,
              36.4123034
            ],
            [
              10.521099,
              36.4121134
            ],
            [
              10.5211097,
              36.4116385
            ],
            [
              10.5217642,
              36.4112932
            ],
            [
              10.5220539,
              36.4107665
            ],
            [
              10.522129,
              36.4105765
            ],
            [
              10.5238241,
              36.4099894
            ],
            [
              10.5251974,
              36.4101534
            ],
            [
              10.5261952,
              36.4095836
            ],
            [
              10.5269033,
              36.4094281
            ],
            [
              10.5271715,
              36.4089705
            ],
            [
              10.5283624,
              36.4088842
            ],
            [
              10.529446,
              36.4088237
            ],
            [
              10.5296928,
              36.4083315
            ],
            [
              10.530476,
              36.4080811
            ],
            [
              10.5308622,
              36.4077012
            ],
            [
              10.531624,
              36.4074594
            ],
            [
              10.5324179,
              36.4073817
            ],
            [
              10.5331046,
              36.4073904
            ],
            [
              10.5335337,
              36.407399
            ],
            [
              10.5340702,
              36.407045
            ],
            [
              10.5345208,
              36.406665
            ],
            [
              10.5350572,
              36.406665
            ],
            [
              10.535422,
              36.4066909
            ],
            [
              10.5379004,
              36.4054562
            ],
            [
              10.5387801,
              36.4051194
            ],
            [
              10.5365163,
              36.4039623
            ],
            [
              10.5325037,
              36.4024511
            ],
            [
              10.5254871,
              36.3999296
            ],
            [
              10.5182773,
              36.3973734
            ],
            [
              10.5132884,
              36.3957585
            ],
            [
              10.5112714,
              36.3949899
            ],
            [
              10.5101127,
              36.3944285
            ],
            [
              10.5087286,
              36.393444
            ],
            [
              10.5075485,
              36.3924249
            ],
            [
              10.5070764,
              36.3920017
            ],
            [
              10.5064884,
              36.3917716
            ]
          ]
        ]
      }
    },
    {
      "type": "Feature",
      "properties": {
        "name": "Yasmine Hammamet",
        "name_ar": "ياسمين الحمامات",
        "osm_id": 7104932,
        "admin_level": "6"
      },
      "geometry": {
        "type": "Polygon",
        "coordinates": [
          [
            [
              10.5052967,
              36.3084451
            ],
            [
              10.5054619,
              36.309174
            ],
            [
              10.5057512,
              36.3096307
            ],
            [
              10.5060949,
              36.3101775
            ],
            [
              10.5066112,
              36.3111902
            ],
            [
              10.5070237,
              36.3123248
            ],
            [
              10.5074002,
              36.3133666
            ],
            [
              10.5092041,
              36.3172418
            ],
            [
              10.5096989,
              36.3179341
            ],
            [
              10.5116087,
              36.3220341
            ],
            [
              10.5121846,
              36.3232107
            ],
            [
              10.5128584,
              36.3244267
            ],
            [
              10.5131431,
              36.3251193
            ],
            [
              10.513571,
              36.3257921
            ],
            [
              10.5148962,
              36.3285685
            ],
            [
              10.5152747,
              36.3292765
            ],
            [
              10.51557,
              36.3299437
            ],
            [
              10.5158947,
              36.3305163
            ],
            [
              10.5167795,
              36.3320531
            ],
            [
              10.5177287,
              36.3335934
            ],
            [
              10.5180419,
              36.334212
            ],
            [
              10.5189052,
              36.3357177
            ],
            [
              10.5205953,
              36.3386655
            ],
            [
              10.521528,
              36.3401549
            ],
            [
              10.5219558,
              36.3409516
            ],
            [
              10.5224619,
              36.3417088
            ],
            [
              10.522914,
              36.3425847
            ],
            [
              10.5234099,
              36.3431762
            ],
            [
              10.5239121,
              36.344134
            ],
            [
              10.5245317,
              36.3450524
            ],
            [
              10.525362,
              36.3465155
            ],
            [
              10.5263837,
              36.3481436
            ],
            [
              10.5269445,
              36.3490491
            ],
            [
              10.5275151,
              36.3496946
            ],
            [
              10.5278782,
              36.3503689
            ],
            [
              10.5284859,
              36.3511456
            ],
            [
              10.528717,
              36.3515918
            ],
            [
              10.5289284,
              36.3518175
            ],
            [
              10.5295291,
              36.3528271
            ],
            [
              10.529365,
              36.3529065
            ],
            [
              10.5291867,
              36.3530588
            ],
            [
              10.5293673,
              36.3536497
            ],
            [
              10.52788,
              36.3542921
            ],
            [
              10.5274501,
              36.3544778
            ],
            [
              10.5226958,
              36.3565312
            ],
            [
              10.5196774,
              36.3519614
            ],
            [
              10.5185616,
              36.3502721
            ],
            [
              10.5176014,
              36.3486216
            ],
            [
              10.516566,
              36.3467421
            ],
            [
              10.5155361,
              36.3448367
            ],
            [
              10.5146241,
              36.3431386
            ],
            [
              10.514034,
              36.3419892
            ],
            [
              10.5125481,
              36.3403428
            ],
            [
              10.509544,
              36.3371106
            ],
            [
              10.5076879,
              36.3350883
            ],
            [
              10.5056226,
              36.3328324
            ],
            [
              10.5045668,
              36.3316819
            ],
            [
              10.5044953,
              36.3314692
            ],
            [
              10.5041548,
              36.3313278
            ],
            [
              10.5036779,
              36.3308069
            ],
            [
              10.5018031,
              36.3287355
            ],
            [
              10.5001509,
              36.3270327
            ],
            [
              10.4991527,
              36.3259814
            ],
            [
              10.4986703,
              36.3255114
            ],
            [
              10.4977155,
              36.3248631
            ],
            [
              10.4962027,
              36.3240593
            ],
            [
              10.4962456,
              36.3229874
            ],
            [
              10.4962671,
              36.3225811
            ],
            [
              10.4959452,
              36.3215265
            ],
            [
              10.4955482,
              36.3203422
            ],
            [
              10.4953015,
              36.3192357
            ],
            [
              10.4950225,
              36.3184059
            ],
            [
              10.4944539,
              36.3177143
            ],
            [
              10.4945826,
              36.31704
            ],
            [
              10.4949689,
              36.3161237
            ],
            [
              10.4955053,
              36.3151381
            ],
            [
              10.4960632,
              36.3143601
            ],
            [
              10.496192,
              36.313461
            ],
            [
              10.4962992,
              36.3130114
            ],
            [
              10.4970311,
              36.3121279
            ],
            [
              10.4978048,
              36.3110622
            ],
            [
              10.4987876,
              36.3099278
            ],
            [
              10.499378,
              36.3092948
            ],
            [
              10.4997575,
              36.3090418
            ],
            [
              10.5003238,
              36.3089212
            ],
            [
              10.5041058,
              36.3087514
            ],
            [
              10.5049763,
              36.3085275
            ],
            [
              10.5052967,
              36.3084451
            ]
          ]
        ]
      }
    },
    {
      "type": "Feature",
      "properties": {
        "name": "Ain Tebournok",
        "name_ar": "عين طبرنق",
        "osm_id": 7104938,
        "admin_level": "6"
      },
      "geometry": {
        "type": "Polygon",
        "coordinates": [
          [
            [
              10.420499,
              36.4872504
            ],
            [
              10.4205215,
              36.4876089
            ],
            [
              10.4212081,
              36.4968897
            ],
            [
              10.4276025,
              36.4997876
            ],
            [
              10.4285467,
              36.5036513
            ],
            [
              10.4310787,
              36.5042377
            ],
            [
              10.4331386,
              36.5063764
            ],
            [
              10.4351127,
              36.5072733
            ],
            [
              10.4385889,
              36.5093429
            ],
            [
              10.4396617,
              36.5121369
            ],
            [
              10.4409063,
              36.5151032
            ],
            [
              10.4417217,
              36.5173451
            ],
            [
              10.4439962,
              36.5189661
            ],
            [
              10.446142,
              36.520794
            ],
            [
              10.4474723,
              36.5212078
            ],
            [
              10.4464424,
              36.5220356
            ],
            [
              10.4438674,
              36.5230012
            ],
            [
              10.4421508,
              36.5219321
            ],
            [
              10.4385459,
              36.5237599
            ],
            [
              10.4356706,
              36.5250704
            ],
            [
              10.433439,
              36.527312
            ],
            [
              10.4306924,
              36.528588
            ],
            [
              10.424341,
              36.5277259
            ],
            [
              10.4219377,
              36.5281742
            ],
            [
              10.4212725,
              36.5279328
            ],
            [
              10.4193413,
              36.5277604
            ],
            [
              10.4188263,
              36.5283983
            ],
            [
              10.4174316,
              36.5285535
            ],
            [
              10.4162085,
              36.529226
            ],
            [
              10.4148567,
              36.5297605
            ],
            [
              10.4140627,
              36.5298467
            ],
            [
              10.4133332,
              36.5304157
            ],
            [
              10.4115307,
              36.5306571
            ],
            [
              10.4097712,
              36.5303812
            ],
            [
              10.4090631,
              36.5301226
            ],
            [
              10.4077756,
              36.5307605
            ],
            [
              10.4066169,
              36.5308467
            ],
            [
              10.4055655,
              36.5307088
            ],
            [
              10.4048789,
              36.5311571
            ],
            [
              10.4038703,
              36.5313812
            ],
            [
              10.4029048,
              36.531933
            ],
            [
              10.4022396,
              36.5322778
            ],
            [
              10.4016817,
              36.5323985
            ],
            [
              10.4008019,
              36.5326744
            ],
            [
              10.3995788,
              36.5330364
            ],
            [
              10.3980768,
              36.5331916
            ],
            [
              10.3965318,
              36.5332089
            ],
            [
              10.3955877,
              36.533502
            ],
            [
              10.3949654,
              36.5334675
            ],
            [
              10.39415,
              36.5336227
            ],
            [
              10.3906739,
              36.5356916
            ],
            [
              10.3889144,
              36.5369847
            ],
            [
              10.387584,
              36.5377088
            ],
            [
              10.3870904,
              36.5384329
            ],
            [
              10.3858888,
              36.5387087
            ],
            [
              10.3847945,
              36.5397259
            ],
            [
              10.3840435,
              36.5402948
            ],
            [
              10.3831208,
              36.5412602
            ],
            [
              10.3824556,
              36.5424842
            ],
            [
              10.3811038,
              36.5432255
            ],
            [
              10.3809965,
              36.5439323
            ],
            [
              10.3802884,
              36.5441802
            ],
            [
              10.3786752,
              36.5444038
            ],
            [
              10.3782908,
              36.546796
            ],
            [
              10.3777842,
              36.5499489
            ],
            [
              10.38252,
              36.5497072
            ],
            [
              10.3852987,
              36.5497072
            ],
            [
              10.3909636,
              36.5505346
            ],
            [
              10.3964567,
              36.5510862
            ],
            [
              10.4016066,
              36.5537063
            ],
            [
              10.4215193,
              36.5535684
            ],
            [
              10.4266691,
              36.5665295
            ],
            [
              10.4331923,
              36.5706656
            ],
            [
              10.4309607,
              36.5774206
            ],
            [
              10.4330742,
              36.5761283
            ],
            [
              10.4356492,
              36.5763178
            ],
            [
              10.4396832,
              36.5742672
            ],
            [
              10.4457557,
              36.5731126
            ],
            [
              10.4483306,
              36.5759387
            ],
            [
              10.4539096,
              36.574922
            ],
            [
              10.4567421,
              36.5716478
            ],
            [
              10.4616773,
              36.5711653
            ],
            [
              10.4645956,
              36.5688216
            ],
            [
              10.4700887,
              36.5704415
            ],
            [
              10.4691396,
              36.5691615
            ],
            [
              10.47629,
              36.5646682
            ],
            [
              10.4763758,
              36.5482937
            ],
            [
              10.4812253,
              36.5461561
            ],
            [
              10.4834569,
              36.5431566
            ],
            [
              10.4927689,
              36.5409557
            ],
            [
              10.49343,
              36.5376978
            ],
            [
              10.4984546,
              36.5271086
            ],
            [
              10.4994903,
              36.5251783
            ],
            [
              10.5002837,
              36.5233011
            ],
            [
              10.4984766,
              36.5219817
            ],
            [
              10.4949947,
              36.5174655
            ],
            [
              10.4909177,
              36.5123114
            ],
            [
              10.4878765,
              36.5093357
            ],
            [
              10.4846907,
              36.510602
            ],
            [
              10.4798842,
              36.5113263
            ],
            [
              10.4757643,
              36.5112228
            ],
            [
              10.4722452,
              36.510326
            ],
            [
              10.463748,
              36.5067386
            ],
            [
              10.4572248,
              36.503634
            ],
            [
              10.4473543,
              36.4996324
            ],
            [
              10.4390287,
              36.4969415
            ],
            [
              10.4309607,
              36.4891443
            ],
            [
              10.420499,
              36.4872504
            ]
          ]
        ]
      }
    },
    {
      "type": "Feature",
      "properties": {
        "name": "Sidi Ejdidi",
        "name_ar": "سيدي الجديدي",
        "osm_id": 7105070,
        "admin_level": "6"
      },
      "geometry": {
        "type": "Polygon",
        "coordinates": [
          [
            [
              10.3987574,
              36.4866037
            ],
            [
              10.3968383,
              36.4873146
            ],
            [
              10.3912686,
              36.4905884
            ],
            [
              10.3831127,
              36.4855948
            ],
            [
              10.3782204,
              36.4873199
            ],
            [
              10.3739288,
              36.4869059
            ],
            [
              10.3684357,
              36.487596
            ],
            [
              10.3628567,
              36.4871129
            ],
            [
              10.3476694,
              36.4878535
            ],
            [
              10.3493646,
              36.4854038
            ],
            [
              10.3508237,
              36.4839201
            ],
            [
              10.3504375,
              36.4827814
            ],
            [
              10.3528193,
              36.477916
            ],
            [
              10.3525189,
              36.4752071
            ],
            [
              10.3512958,
              36.4733091
            ],
            [
              10.3503946,
              36.4720149
            ],
            [
              10.3497294,
              36.4718596
            ],
            [
              10.3491071,
              36.4710486
            ],
            [
              10.3487638,
              36.4693576
            ],
            [
              10.3474119,
              36.4684258
            ],
            [
              10.3455451,
              36.4668727
            ],
            [
              10.3460172,
              36.4637665
            ],
            [
              10.3471759,
              36.4630245
            ],
            [
              10.3483132,
              36.4608156
            ],
            [
              10.3499654,
              36.4592969
            ],
            [
              10.3502873,
              36.4588654
            ],
            [
              10.3503516,
              36.4582441
            ],
            [
              10.3499654,
              36.457433
            ],
            [
              10.350416,
              36.4565528
            ],
            [
              10.3515318,
              36.455034
            ],
            [
              10.3515533,
              36.4532736
            ],
            [
              10.3512099,
              36.452566
            ],
            [
              10.3498873,
              36.4516859
            ],
            [
              10.3500375,
              36.449839
            ],
            [
              10.3495654,
              36.4488034
            ],
            [
              10.3484926,
              36.4481993
            ],
            [
              10.3466043,
              36.4463697
            ],
            [
              10.3449091,
              36.4447126
            ],
            [
              10.3452095,
              36.4426931
            ],
            [
              10.3445444,
              36.4413812
            ],
            [
              10.3454456,
              36.4398276
            ],
            [
              10.3452525,
              36.438999
            ],
            [
              10.3456172,
              36.4381704
            ],
            [
              10.3474626,
              36.4366512
            ],
            [
              10.3474197,
              36.4359262
            ],
            [
              10.345467,
              36.435719
            ],
            [
              10.3455314,
              36.4344933
            ],
            [
              10.3440937,
              36.43401
            ],
            [
              10.3441367,
              36.4331813
            ],
            [
              10.3451023,
              36.4319728
            ],
            [
              10.3446302,
              36.4308161
            ],
            [
              10.3458104,
              36.428261
            ],
            [
              10.345467,
              36.4277775
            ],
            [
              10.3457031,
              36.4260165
            ],
            [
              10.3444156,
              36.4234785
            ],
            [
              10.3468189,
              36.4216137
            ],
            [
              10.3481278,
              36.4191619
            ],
            [
              10.3507027,
              36.4161746
            ],
            [
              10.3546319,
              36.4124285
            ],
            [
              10.3553035,
              36.4027652
            ],
            [
              10.3672895,
              36.3828708
            ],
            [
              10.3878507,
              36.3843272
            ],
            [
              10.3896093,
              36.384086
            ],
            [
              10.3919672,
              36.3823136
            ],
            [
              10.3921756,
              36.3817787
            ],
            [
              10.3946248,
              36.3797837
            ],
            [
              10.3967792,
              36.3790368
            ],
            [
              10.3983906,
              36.3788497
            ],
            [
              10.3987992,
              36.3789429
            ],
            [
              10.4001629,
              36.3784602
            ],
            [
              10.4005132,
              36.3782006
            ],
            [
              10.4015356,
              36.3778608
            ],
            [
              10.4018703,
              36.3780128
            ],
            [
              10.4049691,
              36.3785935
            ],
            [
              10.4077938,
              36.3788504
            ],
            [
              10.4103258,
              36.379455
            ],
            [
              10.4124036,
              36.3796372
            ],
            [
              10.4159048,
              36.3794377
            ],
            [
              10.4176429,
              36.378954
            ],
            [
              10.4220257,
              36.3778854
            ],
            [
              10.4257688,
              36.3769865
            ],
            [
              10.4280997,
              36.376204
            ],
            [
              10.4299061,
              36.3753633
            ],
            [
              10.432792,
              36.3745313
            ],
            [
              10.4364049,
              36.3732963
            ],
            [
              10.445731,
              36.3701083
            ],
            [
              10.4477615,
              36.3697842
            ],
            [
              10.4513465,
              36.3689873
            ],
            [
              10.453355,
              36.3681633
            ],
            [
              10.4545829,
              36.3678683
            ],
            [
              10.4550709,
              36.3671645
            ],
            [
              10.4563036,
              36.3662255
            ],
            [
              10.4562988,
              36.3658576
            ],
            [
              10.4571984,
              36.3649378
            ],
            [
              10.4580615,
              36.3644535
            ],
            [
              10.4587166,
              36.3642633
            ],
            [
              10.4604966,
              36.3626306
            ],
            [
              10.4618911,
              36.3617951
            ],
            [
              10.463399,
              36.3605816
            ],
            [
              10.4653797,
              36.359185
            ],
            [
              10.4665973,
              36.3586176
            ],
            [
              10.4673263,
              36.3582421
            ],
            [
              10.4702057,
              36.3559462
            ],
            [
              10.4709853,
              36.3555656
            ],
            [
              10.4718643,
              36.3547494
            ],
            [
              10.4746774,
              36.3534766
            ],
            [
              10.4803208,
              36.3596286
            ],
            [
              10.4902557,
              36.3704798
            ],
            [
              10.4954913,
              36.3762676
            ],
            [
              10.4976156,
              36.379049
            ],
            [
              10.5064884,
              36.3917716
            ],
            [
              10.5070764,
              36.3920017
            ],
            [
              10.5075485,
              36.3924249
            ],
            [
              10.5087286,
              36.393444
            ],
            [
              10.5101127,
              36.3944285
            ],
            [
              10.5112714,
              36.3949899
            ],
            [
              10.5132884,
              36.3957585
            ],
            [
              10.5182773,
              36.3973734
            ],
            [
              10.5254871,
              36.3999296
            ],
            [
              10.5325037,
              36.4024511
            ],
            [
              10.5365163,
              36.4039623
            ],
            [
              10.5387801,
              36.4051194
            ],
            [
              10.5379004,
              36.4054562
            ],
            [
              10.535422,
              36.4066909
            ],
            [
              10.5350572,
              36.406665
            ],
            [
              10.5345208,
              36.406665
            ],
            [
              10.5340702,
              36.407045
            ],
            [
              10.5335337,
              36.407399
            ],
            [
              10.5331046,
              36.4073904
            ],
            [
              10.5324179,
              36.4073817
            ],
            [
              10.531624,
              36.4074594
            ],
            [
              10.5308622,
              36.4077012
            ],
            [
              10.530476,
              36.4080811
            ],
            [
              10.5296928,
              36.4083315
            ],
            [
              10.529446,
              36.4088237
            ],
            [
              10.5283624,
              36.4088842
            ],
            [
              10.5271715,
              36.4089705
            ],
            [
              10.5269033,
              36.4094281
            ],
            [
              10.5261952,
              36.4095836
            ],
            [
              10.5251974,
              36.4101534
            ],
            [
              10.5238241,
              36.4099894
            ],
            [
              10.522129,
              36.4105765
            ],
            [
              10.5220539,
              36.4107665
            ],
            [
              10.5217642,
              36.4112932
            ],
            [
              10.5211097,
              36.4116385
            ],
            [
              10.521099,
              36.4121134
            ],
            [
              10.5203265,
              36.4123034
            ],
            [
              10.5201549,
              36.4126401
            ],
            [
              10.5196184,
              36.4130805
            ],
            [
              10.5185133,
              36.4133222
            ],
            [
              10.5179125,
              36.4138748
            ],
            [
              10.5170006,
              36.4141338
            ],
            [
              10.5160672,
              36.4145914
            ],
            [
              10.5152732,
              36.4155929
            ],
            [
              10.5144578,
              36.4156793
            ],
            [
              10.5144042,
              36.4165081
            ],
            [
              10.5137712,
              36.4168707
            ],
            [
              10.5137927,
              36.4171988
            ],
            [
              10.5129129,
              36.4180622
            ],
            [
              10.5118937,
              36.4182262
            ],
            [
              10.5119151,
              36.4183471
            ],
            [
              10.5119366,
              36.4186147
            ],
            [
              10.511722,
              36.418891
            ],
            [
              10.5110568,
              36.4193313
            ],
            [
              10.509587,
              36.4199443
            ],
            [
              10.5090612,
              36.4201687
            ],
            [
              10.5091685,
              36.4204191
            ],
            [
              10.5094367,
              36.4205745
            ],
            [
              10.5096835,
              36.4208076
            ],
            [
              10.5096406,
              36.4210493
            ],
            [
              10.5093187,
              36.4213429
            ],
            [
              10.5086643,
              36.4217659
            ],
            [
              10.5084604,
              36.4221544
            ],
            [
              10.5081278,
              36.4220681
            ],
            [
              10.5076987,
              36.4224047
            ],
            [
              10.5074948,
              36.4226206
            ],
            [
              10.5074197,
              36.4229227
            ],
            [
              10.507173,
              36.4231558
            ],
            [
              10.506776,
              36.4232853
            ],
            [
              10.5063147,
              36.4234493
            ],
            [
              10.5058962,
              36.4237601
            ],
            [
              10.5055744,
              36.4245112
            ],
            [
              10.5048233,
              36.4246838
            ],
            [
              10.5042225,
              36.4247529
            ],
            [
              10.5033857,
              36.424822
            ],
            [
              10.5029458,
              36.4251327
            ],
            [
              10.5027205,
              36.4258406
            ],
            [
              10.5029458,
              36.4265485
            ],
            [
              10.5029351,
              36.4269974
            ],
            [
              10.5020875,
              36.4282319
            ],
            [
              10.5016476,
              36.4283009
            ],
            [
              10.5011863,
              36.4281455
            ],
            [
              10.500682,
              36.4281369
            ],
            [
              10.5001778,
              36.4284304
            ],
            [
              10.4996199,
              36.4286203
            ],
            [
              10.4989761,
              36.4294145
            ],
            [
              10.4986328,
              36.4299238
            ],
            [
              10.4983002,
              36.4303036
            ],
            [
              10.4975921,
              36.4306662
            ],
            [
              10.4971415,
              36.4310028
            ],
            [
              10.4970235,
              36.4312531
            ],
            [
              10.4969698,
              36.4316502
            ],
            [
              10.4961174,
              36.4320915
            ],
            [
              10.4962939,
              36.4325566
            ],
            [
              10.4964441,
              36.4329364
            ],
            [
              10.4960257,
              36.4334543
            ],
            [
              10.4960257,
              36.4339291
            ],
            [
              10.4958326,
              36.4342053
            ],
            [
              10.4960176,
              36.4347263
            ],
            [
              10.496133,
              36.4350512
            ],
            [
              10.4958648,
              36.435595
            ],
            [
              10.4957789,
              36.4365703
            ],
            [
              10.4959721,
              36.4372004
            ],
            [
              10.4970235,
              36.4380549
            ],
            [
              10.4976349,
              36.4385517
            ],
            [
              10.4948455,
              36.4414162
            ],
            [
              10.4918414,
              36.4443679
            ],
            [
              10.4893738,
              36.447682
            ],
            [
              10.4853397,
              36.4494771
            ],
            [
              10.4844171,
              36.4500639
            ],
            [
              10.4834729,
              36.4508579
            ],
            [
              10.4831725,
              36.4517036
            ],
            [
              10.4815847,
              36.4523595
            ],
            [
              10.4795247,
              36.4527392
            ],
            [
              10.4777866,
              36.4529635
            ],
            [
              10.4762846,
              36.4540681
            ],
            [
              10.4751688,
              36.4565016
            ],
            [
              10.4746967,
              36.458866
            ],
            [
              10.4740745,
              36.4606954
            ],
            [
              10.4739886,
              36.4612131
            ],
            [
              10.4731196,
              36.4617481
            ],
            [
              10.4704696,
              36.4630424
            ],
            [
              10.4690748,
              36.4638362
            ],
            [
              10.4677981,
              36.4635946
            ],
            [
              10.466575,
              36.4640174
            ],
            [
              10.4655772,
              36.4642762
            ],
            [
              10.4643649,
              36.4646386
            ],
            [
              10.4633778,
              36.4659846
            ],
            [
              10.4628521,
              36.466951
            ],
            [
              10.4620904,
              36.4671063
            ],
            [
              10.4617578,
              36.4676671
            ],
            [
              10.4603952,
              36.4678828
            ],
            [
              10.4591828,
              36.4682107
            ],
            [
              10.4586142,
              36.4686852
            ],
            [
              10.4588288,
              36.4693582
            ],
            [
              10.4590112,
              36.4697292
            ],
            [
              10.4586571,
              36.4704539
            ],
            [
              10.4578203,
              36.4711096
            ],
            [
              10.4568332,
              36.4711183
            ],
            [
              10.4559749,
              36.471334
            ],
            [
              10.4542261,
              36.4720932
            ],
            [
              10.4532176,
              36.4722571
            ],
            [
              10.4524773,
              36.4728869
            ],
            [
              10.4514474,
              36.473025
            ],
            [
              10.4502457,
              36.4733787
            ],
            [
              10.4492265,
              36.4737238
            ],
            [
              10.4478103,
              36.4740085
            ],
            [
              10.4474991,
              36.4743536
            ],
            [
              10.4464853,
              36.4748367
            ],
            [
              10.4459703,
              36.4749834
            ],
            [
              10.4448652,
              36.4750265
            ],
            [
              10.443846,
              36.474923
            ],
            [
              10.4430842,
              36.4749316
            ],
            [
              10.4424083,
              36.474621
            ],
            [
              10.4418826,
              36.4743795
            ],
            [
              10.4407024,
              36.4742328
            ],
            [
              10.4394364,
              36.4740171
            ],
            [
              10.4383528,
              36.4733269
            ],
            [
              10.4377949,
              36.473232
            ],
            [
              10.4370278,
              36.4731803
            ],
            [
              10.4350322,
              36.4725936
            ],
            [
              10.4338521,
              36.4732148
            ],
            [
              10.4319209,
              36.4749057
            ],
            [
              10.4314059,
              36.4754751
            ],
            [
              10.4296464,
              36.4755441
            ],
            [
              10.4279297,
              36.4757339
            ],
            [
              10.4268139,
              36.475872
            ],
            [
              10.4254192,
              36.4754061
            ],
            [
              10.4239386,
              36.4750438
            ],
            [
              10.4231876,
              36.4744226
            ],
            [
              10.4225439,
              36.4745779
            ],
            [
              10.4220074,
              36.4748712
            ],
            [
              10.4212135,
              36.4745089
            ],
            [
              10.4207414,
              36.474854
            ],
            [
              10.4205269,
              36.4757167
            ],
            [
              10.4199475,
              36.4758202
            ],
            [
              10.4198402,
              36.4764759
            ],
            [
              10.4187029,
              36.47689
            ],
            [
              10.4179948,
              36.4772868
            ],
            [
              10.4173511,
              36.4770107
            ],
            [
              10.4163855,
              36.4773386
            ],
            [
              10.4153126,
              36.4775801
            ],
            [
              10.4143041,
              36.4768555
            ],
            [
              10.4135102,
              36.477097
            ],
            [
              10.4131454,
              36.4765966
            ],
            [
              10.4125446,
              36.476148
            ],
            [
              10.4093045,
              36.4777699
            ],
            [
              10.4083604,
              36.4782703
            ],
            [
              10.4063004,
              36.4788914
            ],
            [
              10.4061502,
              36.4797713
            ],
            [
              10.4051846,
              36.4804442
            ],
            [
              10.403983,
              36.4809963
            ],
            [
              10.4010004,
              36.481859
            ],
            [
              10.4003566,
              36.4826181
            ],
            [
              10.400421,
              36.4828424
            ],
            [
              10.4009575,
              36.483429
            ],
            [
              10.3997129,
              36.4840328
            ],
            [
              10.3987473,
              36.4844641
            ],
            [
              10.3981894,
              36.4852232
            ],
            [
              10.3987574,
              36.4866037
            ]
          ]
        ]
      }
    },
    {
      "type": "Feature",
      "properties": {
        "name": "Esselloum",
        "name_ar": "السلوم",
        "osm_id": 7105249,
        "admin_level": "6"
      },
      "geometry": {
        "type": "Polygon",
        "coordinates": [
          [
            [
              10.4539204,
              36.2861331
            ],
            [
              10.4504765,
              36.2772077
            ],
            [
              10.4462243,
              36.2654552
            ],
            [
              10.4490495,
              36.2636272
            ],
            [
              10.4496074,
              36.2614126
            ],
            [
              10.453899,
              36.260115
            ],
            [
              10.4616452,
              36.2571216
            ],
            [
              10.4676104,
              36.2561181
            ],
            [
              10.4736186,
              36.2553221
            ],
            [
              10.4762364,
              36.26643
            ],
            [
              10.4788113,
              36.2717585
            ],
            [
              10.4812575,
              36.2710665
            ],
            [
              10.4887455,
              36.2708347
            ],
            [
              10.4900821,
              36.2707934
            ],
            [
              10.490226,
              36.2717164
            ],
            [
              10.4910368,
              36.2737857
            ],
            [
              10.4918146,
              36.2759621
            ],
            [
              10.4926676,
              36.2782628
            ],
            [
              10.4928285,
              36.2788466
            ],
            [
              10.4929411,
              36.2791926
            ],
            [
              10.4930323,
              36.2793915
            ],
            [
              10.4931825,
              36.2796229
            ],
            [
              10.4933622,
              36.2800056
            ],
            [
              10.4935178,
              36.2804445
            ],
            [
              10.4936627,
              36.2808489
            ],
            [
              10.493947,
              36.2815862
            ],
            [
              10.4942554,
              36.2823429
            ],
            [
              10.4945451,
              36.2832921
            ],
            [
              10.4946631,
              36.283597
            ],
            [
              10.4950467,
              36.2843602
            ],
            [
              10.4955533,
              36.2855128
            ],
            [
              10.4962718,
              36.2872492
            ],
            [
              10.4963349,
              36.2876101
            ],
            [
              10.4965679,
              36.2880509
            ],
            [
              10.4969067,
              36.2889894
            ],
            [
              10.4971726,
              36.2900012
            ],
            [
              10.497341,
              36.2902218
            ],
            [
              10.4975659,
              36.2904424
            ],
            [
              10.4986699,
              36.2934445
            ],
            [
              10.4986837,
              36.2938821
            ],
            [
              10.4989807,
              36.2943312
            ],
            [
              10.4990612,
              36.2948891
            ],
            [
              10.4992832,
              36.2953442
            ],
            [
              10.4997555,
              36.2960834
            ],
            [
              10.4997618,
              36.2963995
            ],
            [
              10.4998955,
              36.2966471
            ],
            [
              10.5002053,
              36.2970681
            ],
            [
              10.5005533,
              36.2977729
            ],
            [
              10.5006644,
              36.2982989
            ],
            [
              10.5011152,
              36.2990189
            ],
            [
              10.5012418,
              36.299736
            ],
            [
              10.5015949,
              36.3002934
            ],
            [
              10.5017208,
              36.3007236
            ],
            [
              10.5024895,
              36.3025295
            ],
            [
              10.5028884,
              36.3032991
            ],
            [
              10.5035842,
              36.3045055
            ],
            [
              10.5038904,
              36.3054784
            ],
            [
              10.5041966,
              36.3059151
            ],
            [
              10.5042339,
              36.306207
            ],
            [
              10.5043523,
              36.3064554
            ],
            [
              10.5045622,
              36.306707
            ],
            [
              10.50459,
              36.3069296
            ],
            [
              10.5046855,
              36.3070596
            ],
            [
              10.504856,
              36.307423
            ],
            [
              10.5049675,
              36.3077913
            ],
            [
              10.5051206,
              36.3081029
            ],
            [
              10.5052345,
              36.3082948
            ],
            [
              10.5052967,
              36.3084451
            ],
            [
              10.5049763,
              36.3085275
            ],
            [
              10.5041058,
              36.3087514
            ],
            [
              10.5003238,
              36.3089212
            ],
            [
              10.4997575,
              36.3090418
            ],
            [
              10.499378,
              36.3092948
            ],
            [
              10.4987876,
              36.3099278
            ],
            [
              10.4978048,
              36.3110622
            ],
            [
              10.4970311,
              36.3121279
            ],
            [
              10.4962992,
              36.3130114
            ],
            [
              10.496192,
              36.313461
            ],
            [
              10.4960632,
              36.3143601
            ],
            [
              10.4955053,
              36.3151381
            ],
            [
              10.4949689,
              36.3161237
            ],
            [
              10.4945826,
              36.31704
            ],
            [
              10.4944539,
              36.3177143
            ],
            [
              10.4950225,
              36.3184059
            ],
            [
              10.4953015,
              36.3192357
            ],
            [
              10.4955482,
              36.3203422
            ],
            [
              10.4959452,
              36.3215265
            ],
            [
              10.4962671,
              36.3225811
            ],
            [
              10.4962456,
              36.3229874
            ],
            [
              10.4962027,
              36.3240593
            ],
            [
              10.4792083,
              36.3142607
            ],
            [
              10.4721058,
              36.3101974
            ],
            [
              10.4698321,
              36.3089869
            ],
            [
              10.4677063,
              36.3073791
            ],
            [
              10.4667598,
              36.3065594
            ],
            [
              10.4658983,
              36.3057397
            ],
            [
              10.4610166,
              36.2997313
            ],
            [
              10.46055,
              36.2990874
            ],
            [
              10.4601205,
              36.2986985
            ],
            [
              10.4595609,
              36.2980213
            ],
            [
              10.4587362,
              36.2969029
            ],
            [
              10.4574753,
              36.2945614
            ],
            [
              10.4569523,
              36.2933641
            ],
            [
              10.4552314,
              36.2888709
            ],
            [
              10.4548926,
              36.2878184
            ],
            [
              10.4542208,
              36.2860423
            ],
            [
              10.4539204,
              36.2861331
            ]
          ]
        ]
      }
    },
    {
      "type": "Feature",
      "properties": {
        "name": "Bouficha",
        "name_ar": "بوفيشة",
        "osm_id": 7105250,
        "admin_level": "6"
      },
      "geometry": {
        "type": "Polygon",
        "coordinates": [
          [
            [
              10.4991527,
              36.3259814
            ],
            [
              10.4986703,
              36.3255114
            ],
            [
              10.4977155,
              36.3248631
            ],
            [
              10.4962027,
              36.3240593
            ],
            [
              10.4792083,
              36.3142607
            ],
            [
              10.4721058,
              36.3101974
            ],
            [
              10.4698321,
              36.3089869
            ],
            [
              10.4677063,
              36.3073791
            ],
            [
              10.4667598,
              36.3065594
            ],
            [
              10.4658983,
              36.3057397
            ],
            [
              10.4610166,
              36.2997313
            ],
            [
              10.46055,
              36.2990874
            ],
            [
              10.4601205,
              36.2986985
            ],
            [
              10.4595609,
              36.2980213
            ],
            [
              10.4587362,
              36.2969029
            ],
            [
              10.4574753,
              36.2945614
            ],
            [
              10.4569523,
              36.2933641
            ],
            [
              10.4552314,
              36.2888709
            ],
            [
              10.4548926,
              36.2878184
            ],
            [
              10.4542208,
              36.2860423
            ],
            [
              10.4539204,
              36.2861331
            ],
            [
              10.4512811,
              36.2867385
            ],
            [
              10.4483629,
              36.2873871
            ],
            [
              10.4449189,
              36.2882173
            ],
            [
              10.4400373,
              36.2894886
            ],
            [
              10.4370225,
              36.2903187
            ],
            [
              10.4331923,
              36.2912441
            ],
            [
              10.4279244,
              36.2923682
            ],
            [
              10.4243088,
              36.2931897
            ],
            [
              10.4217661,
              36.2938124
            ],
            [
              10.4211208,
              36.2939548
            ],
            [
              10.4229463,
              36.298992
            ],
            [
              10.4264868,
              36.3079149
            ],
            [
              10.4264439,
              36.3171308
            ],
            [
              10.4279674,
              36.3174593
            ],
            [
              10.4285038,
              36.3179088
            ],
            [
              10.4303062,
              36.31771
            ],
            [
              10.4303492,
              36.3192314
            ],
            [
              10.4304994,
              36.3201132
            ],
            [
              10.4311002,
              36.3202429
            ],
            [
              10.4322696,
              36.3202342
            ],
            [
              10.4328597,
              36.3201996
            ],
            [
              10.4333532,
              36.3202861
            ],
            [
              10.4355956,
              36.3205886
            ],
            [
              10.4366255,
              36.3200527
            ],
            [
              10.4380632,
              36.3194043
            ],
            [
              10.4394687,
              36.3188252
            ],
            [
              10.440842,
              36.3179175
            ],
            [
              10.4419578,
              36.3176322
            ],
            [
              10.4427517,
              36.3176668
            ],
            [
              10.4432881,
              36.31771
            ],
            [
              10.4439426,
              36.3175803
            ],
            [
              10.4444898,
              36.3178137
            ],
            [
              10.4450798,
              36.3183151
            ],
            [
              10.4453159,
              36.3189202
            ],
            [
              10.4455197,
              36.3195167
            ],
            [
              10.4457558,
              36.319923
            ],
            [
              10.4461527,
              36.3201478
            ],
            [
              10.4465819,
              36.3205022
            ],
            [
              10.4469037,
              36.3210641
            ],
            [
              10.4463888,
              36.3213148
            ],
            [
              10.4465497,
              36.3214704
            ],
            [
              10.4468716,
              36.3219112
            ],
            [
              10.4471612,
              36.3221014
            ],
            [
              10.4473973,
              36.3224904
            ],
            [
              10.4474724,
              36.3229226
            ],
            [
              10.448159,
              36.3232078
            ],
            [
              10.4484272,
              36.3232338
            ],
            [
              10.4488564,
              36.3234844
            ],
            [
              10.4491568,
              36.3234672
            ],
            [
              10.4494465,
              36.3237956
            ],
            [
              10.4500473,
              36.3238734
            ],
            [
              10.450337,
              36.324055
            ],
            [
              10.450691,
              36.324055
            ],
            [
              10.4514313,
              36.3243316
            ],
            [
              10.4521394,
              36.3242624
            ],
            [
              10.4524291,
              36.3241803
            ],
            [
              10.4529065,
              36.3241673
            ],
            [
              10.4534162,
              36.3240679
            ],
            [
              10.4541725,
              36.32415
            ],
            [
              10.4549665,
              36.3246644
            ],
            [
              10.4573697,
              36.3254337
            ],
            [
              10.4599017,
              36.3269031
            ],
            [
              10.4616613,
              36.3253126
            ],
            [
              10.463335,
              36.3258313
            ],
            [
              10.4661888,
              36.3265746
            ],
            [
              10.4715103,
              36.3266611
            ],
            [
              10.4741711,
              36.3288738
            ],
            [
              10.4764027,
              36.3286664
            ],
            [
              10.4788059,
              36.3303259
            ],
            [
              10.4811234,
              36.3297036
            ],
            [
              10.487389,
              36.3264536
            ],
            [
              10.4902214,
              36.3276292
            ],
            [
              10.494513,
              36.3278366
            ],
            [
              10.4991527,
              36.3259814
            ]
          ]
        ]
      }
    },
    {
      "type": "Feature",
      "properties": {
        "name": "Sidi Said",
        "name_ar": "سيدي سعيد",
        "osm_id": 7105455,
        "admin_level": "6"
      },
      "geometry": {
        "type": "Polygon",
        "coordinates": [
          [
            [
              10.3672895,
              36.3828708
            ],
            [
              10.3878507,
              36.3843272
            ],
            [
              10.3896093,
              36.384086
            ],
            [
              10.3919672,
              36.3823136
            ],
            [
              10.3921756,
              36.3817787
            ],
            [
              10.3946248,
              36.3797837
            ],
            [
              10.3967792,
              36.3790368
            ],
            [
              10.3983906,
              36.3788497
            ],
            [
              10.3987992,
              36.3789429
            ],
            [
              10.4001629,
              36.3784602
            ],
            [
              10.4005132,
              36.3782006
            ],
            [
              10.4015356,
              36.3778608
            ],
            [
              10.4018703,
              36.3780128
            ],
            [
              10.4049691,
              36.3785935
            ],
            [
              10.4077938,
              36.3788504
            ],
            [
              10.4103258,
              36.379455
            ],
            [
              10.4124036,
              36.3796372
            ],
            [
              10.4159048,
              36.3794377
            ],
            [
              10.4176429,
              36.378954
            ],
            [
              10.4220257,
              36.3778854
            ],
            [
              10.4257688,
              36.3769865
            ],
            [
              10.4280997,
              36.376204
            ],
            [
              10.4299061,
              36.3753633
            ],
            [
              10.432792,
              36.3745313
            ],
            [
              10.4364049,
              36.3732963
            ],
            [
              10.4340291,
              36.3709
            ],
            [
              10.4355097,
              36.3706408
            ],
            [
              10.4361749,
              36.3701398
            ],
            [
              10.437162,
              36.3678418
            ],
            [
              10.4375697,
              36.3672716
            ],
            [
              10.4386211,
              36.3665978
            ],
            [
              10.4410673,
              36.3633666
            ],
            [
              10.4415179,
              36.3623644
            ],
            [
              10.4423547,
              36.3620879
            ],
            [
              10.4431701,
              36.3612239
            ],
            [
              10.4455734,
              36.3591504
            ],
            [
              10.4462493,
              36.3583468
            ],
            [
              10.4485238,
              36.3569989
            ],
            [
              10.4490602,
              36.3568348
            ],
            [
              10.449543,
              36.3569903
            ],
            [
              10.4502833,
              36.3562213
            ],
            [
              10.4530192,
              36.355098
            ],
            [
              10.4556907,
              36.3538797
            ],
            [
              10.4572249,
              36.3532316
            ],
            [
              10.4584694,
              36.3530243
            ],
            [
              10.4593599,
              36.3522639
            ],
            [
              10.4594994,
              36.350553
            ],
            [
              10.460701,
              36.3498444
            ],
            [
              10.4631257,
              36.3488593
            ],
            [
              10.4666448,
              36.3474594
            ],
            [
              10.4691124,
              36.3462669
            ],
            [
              10.4693056,
              36.3460076
            ],
            [
              10.4707432,
              36.3452645
            ],
            [
              10.4712367,
              36.3447287
            ],
            [
              10.4717946,
              36.3442793
            ],
            [
              10.4753137,
              36.3403558
            ],
            [
              10.4762364,
              36.3390941
            ],
            [
              10.4687691,
              36.3352568
            ],
            [
              10.4719019,
              36.3308488
            ],
            [
              10.462997,
              36.3281348
            ],
            [
              10.4599017,
              36.3269031
            ],
            [
              10.4573697,
              36.3254337
            ],
            [
              10.4549665,
              36.3246644
            ],
            [
              10.4541725,
              36.32415
            ],
            [
              10.4534162,
              36.3240679
            ],
            [
              10.4529065,
              36.3241673
            ],
            [
              10.4524291,
              36.3241803
            ],
            [
              10.4521394,
              36.3242624
            ],
            [
              10.4514313,
              36.3243316
            ],
            [
              10.450691,
              36.324055
            ],
            [
              10.450337,
              36.324055
            ],
            [
              10.4500473,
              36.3238734
            ],
            [
              10.4494465,
              36.3237956
            ],
            [
              10.4491568,
              36.3234672
            ],
            [
              10.4488564,
              36.3234844
            ],
            [
              10.4484272,
              36.3232338
            ],
            [
              10.448159,
              36.3232078
            ],
            [
              10.4474724,
              36.3229226
            ],
            [
              10.4473973,
              36.3224904
            ],
            [
              10.4471612,
              36.3221014
            ],
            [
              10.4468716,
              36.3219112
            ],
            [
              10.4465497,
              36.3214704
            ],
            [
              10.4463888,
              36.3213148
            ],
            [
              10.4469037,
              36.3210641
            ],
            [
              10.4465819,
              36.3205022
            ],
            [
              10.4461527,
              36.3201478
            ],
            [
              10.4457558,
              36.319923
            ],
            [
              10.4455197,
              36.3195167
            ],
            [
              10.4453159,
              36.3189202
            ],
            [
              10.4450798,
              36.3183151
            ],
            [
              10.4444898,
              36.3178137
            ],
            [
              10.4439426,
              36.3175803
            ],
            [
              10.4432881,
              36.31771
            ],
            [
              10.4427517,
              36.3176668
            ],
            [
              10.4419578,
              36.3176322
            ],
            [
              10.440842,
              36.3179175
            ],
            [
              10.4394687,
              36.3188252
            ],
            [
              10.4380632,
              36.3194043
            ],
            [
              10.4366255,
              36.3200527
            ],
            [
              10.4355956,
              36.3205886
            ],
            [
              10.4333532,
              36.3202861
            ],
            [
              10.4328597,
              36.3201996
            ],
            [
              10.4322696,
              36.3202342
            ],
            [
              10.4311002,
              36.3202429
            ],
            [
              10.4304994,
              36.3201132
            ],
            [
              10.4303492,
              36.3192314
            ],
            [
              10.4303062,
              36.31771
            ],
            [
              10.4285038,
              36.3179088
            ],
            [
              10.4279674,
              36.3174593
            ],
            [
              10.4264439,
              36.3171308
            ],
            [
              10.4255426,
              36.317174
            ],
            [
              10.4243839,
              36.317831
            ],
            [
              10.4231823,
              36.317589
            ],
            [
              10.4224527,
              36.3173815
            ],
            [
              10.4216803,
              36.3170184
            ],
            [
              10.420307,
              36.3167591
            ],
            [
              10.4193843,
              36.3160329
            ],
            [
              10.4185474,
              36.3151684
            ],
            [
              10.4163641,
              36.3150431
            ],
            [
              10.4147065,
              36.3154494
            ],
            [
              10.4138911,
              36.3158643
            ],
            [
              10.4130972,
              36.3157433
            ],
            [
              10.4122603,
              36.3155358
            ],
            [
              10.4114449,
              36.3154148
            ],
            [
              10.4105652,
              36.3155531
            ],
            [
              10.4092133,
              36.316262
            ],
            [
              10.4081834,
              36.3170573
            ],
            [
              10.4068959,
              36.3179564
            ],
            [
              10.4059732,
              36.3183367
            ],
            [
              10.4051364,
              36.3189591
            ],
            [
              10.4050291,
              36.3213104
            ],
            [
              10.4036558,
              36.322123
            ],
            [
              10.402819,
              36.323143
            ],
            [
              10.4020036,
              36.3245952
            ],
            [
              10.4000295,
              36.3251138
            ],
            [
              10.3944505,
              36.324941
            ],
            [
              10.3928626,
              36.3244569
            ],
            [
              10.391661,
              36.3250447
            ],
            [
              10.3900302,
              36.3248372
            ],
            [
              10.3868545,
              36.3241111
            ],
            [
              10.3837645,
              36.3233505
            ],
            [
              10.3772499,
              36.3192822
            ],
            [
              10.3745002,
              36.3322903
            ],
            [
              10.3730912,
              36.3338619
            ],
            [
              10.3719163,
              36.335484
            ],
            [
              10.3695532,
              36.3377834
            ],
            [
              10.3675937,
              36.3393111
            ],
            [
              10.369016,
              36.3416684
            ],
            [
              10.3705184,
              36.3442707
            ],
            [
              10.3661737,
              36.3491822
            ],
            [
              10.3666243,
              36.3501155
            ],
            [
              10.3667102,
              36.3508759
            ],
            [
              10.3681049,
              36.3519992
            ],
            [
              10.3696284,
              36.35193
            ],
            [
              10.3703365,
              36.3521893
            ],
            [
              10.3737483,
              36.3545223
            ],
            [
              10.3745637,
              36.3582895
            ],
            [
              10.3753361,
              36.3591363
            ],
            [
              10.3734693,
              36.3611062
            ],
            [
              10.3719673,
              36.36159
            ],
            [
              10.3703794,
              36.3620911
            ],
            [
              10.3689203,
              36.3627995
            ],
            [
              10.3685126,
              36.363819
            ],
            [
              10.3676972,
              36.36413
            ],
            [
              10.3669033,
              36.3659098
            ],
            [
              10.3672895,
              36.3828708
            ]
          ]
        ]
      }
    },
    {
      "type": "Feature",
      "properties": {
        "name": "Sidi Mtir",
        "name_ar": "سيدي مطير",
        "osm_id": 7105456,
        "admin_level": "6"
      },
      "geometry": {
        "type": "Polygon",
        "coordinates": [
          [
            [
              10.4364049,
              36.3732963
            ],
            [
              10.4340291,
              36.3709
            ],
            [
              10.4355097,
              36.3706408
            ],
            [
              10.4361749,
              36.3701398
            ],
            [
              10.437162,
              36.3678418
            ],
            [
              10.4375697,
              36.3672716
            ],
            [
              10.4386211,
              36.3665978
            ],
            [
              10.4410673,
              36.3633666
            ],
            [
              10.4415179,
              36.3623644
            ],
            [
              10.4423547,
              36.3620879
            ],
            [
              10.4431701,
              36.3612239
            ],
            [
              10.4455734,
              36.3591504
            ],
            [
              10.4462493,
              36.3583468
            ],
            [
              10.4485238,
              36.3569989
            ],
            [
              10.4490602,
              36.3568348
            ],
            [
              10.449543,
              36.3569903
            ],
            [
              10.4502833,
              36.3562213
            ],
            [
              10.4530192,
              36.355098
            ],
            [
              10.4556907,
              36.3538797
            ],
            [
              10.4572249,
              36.3532316
            ],
            [
              10.4584694,
              36.3530243
            ],
            [
              10.4593599,
              36.3522639
            ],
            [
              10.4594994,
              36.350553
            ],
            [
              10.460701,
              36.3498444
            ],
            [
              10.4631257,
              36.3488593
            ],
            [
              10.4666448,
              36.3474594
            ],
            [
              10.4691124,
              36.3462669
            ],
            [
              10.4693056,
              36.3460076
            ],
            [
              10.4707432,
              36.3452645
            ],
            [
              10.4712367,
              36.3447287
            ],
            [
              10.4717946,
              36.3442793
            ],
            [
              10.4753137,
              36.3403558
            ],
            [
              10.4762364,
              36.3390941
            ],
            [
              10.4687691,
              36.3352568
            ],
            [
              10.4719019,
              36.3308488
            ],
            [
              10.462997,
              36.3281348
            ],
            [
              10.4599017,
              36.3269031
            ],
            [
              10.4616613,
              36.3253126
            ],
            [
              10.463335,
              36.3258313
            ],
            [
              10.4661888,
              36.3265746
            ],
            [
              10.4715103,
              36.3266611
            ],
            [
              10.4741711,
              36.3288738
            ],
            [
              10.4764027,
              36.3286664
            ],
            [
              10.4788059,
              36.3303259
            ],
            [
              10.4811234,
              36.3297036
            ],
            [
              10.487389,
              36.3264536
            ],
            [
              10.4902214,
              36.3276292
            ],
            [
              10.494513,
              36.3278366
            ],
            [
              10.4991527,
              36.3259814
            ],
            [
              10.5001509,
              36.3270327
            ],
            [
              10.5018031,
              36.3287355
            ],
            [
              10.5036779,
              36.3308069
            ],
            [
              10.5041548,
              36.3313278
            ],
            [
              10.5044953,
              36.3314692
            ],
            [
              10.5045668,
              36.3316819
            ],
            [
              10.5056226,
              36.3328324
            ],
            [
              10.5076879,
              36.3350883
            ],
            [
              10.509544,
              36.3371106
            ],
            [
              10.5125481,
              36.3403428
            ],
            [
              10.514034,
              36.3419892
            ],
            [
              10.5146241,
              36.3431386
            ],
            [
              10.5155361,
              36.3448367
            ],
            [
              10.516566,
              36.3467421
            ],
            [
              10.5176014,
              36.3486216
            ],
            [
              10.5185616,
              36.3502721
            ],
            [
              10.5196774,
              36.3519614
            ],
            [
              10.5226958,
              36.3565312
            ],
            [
              10.52868,
              36.3663675
            ],
            [
              10.5318501,
              36.370385
            ],
            [
              10.529681,
              36.37167
            ],
            [
              10.5239129,
              36.3768997
            ],
            [
              10.512355,
              36.386987
            ],
            [
              10.5104902,
              36.3883688
            ],
            [
              10.5064884,
              36.3917716
            ],
            [
              10.4976156,
              36.379049
            ],
            [
              10.4954913,
              36.3762676
            ],
            [
              10.4902557,
              36.3704798
            ],
            [
              10.4803208,
              36.3596286
            ],
            [
              10.4746774,
              36.3534766
            ],
            [
              10.4718643,
              36.3547494
            ],
            [
              10.4709853,
              36.3555656
            ],
            [
              10.4702057,
              36.3559462
            ],
            [
              10.4673263,
              36.3582421
            ],
            [
              10.4665973,
              36.3586176
            ],
            [
              10.4653797,
              36.359185
            ],
            [
              10.463399,
              36.3605816
            ],
            [
              10.4618911,
              36.3617951
            ],
            [
              10.4604966,
              36.3626306
            ],
            [
              10.4587166,
              36.3642633
            ],
            [
              10.4580615,
              36.3644535
            ],
            [
              10.4571984,
              36.3649378
            ],
            [
              10.4562988,
              36.3658576
            ],
            [
              10.4563036,
              36.3662255
            ],
            [
              10.4550709,
              36.3671645
            ],
            [
              10.4545829,
              36.3678683
            ],
            [
              10.453355,
              36.3681633
            ],
            [
              10.4513465,
              36.3689873
            ],
            [
              10.4477615,
              36.3697842
            ],
            [
              10.445731,
              36.3701083
            ],
            [
              10.4364049,
              36.3732963
            ]
          ]
        ]
      }
    },
    {
      "type": "Feature",
      "properties": {
        "name": "Latrach",
        "name_ar": "الاطرش",
        "osm_id": 7144606,
        "admin_level": "6"
      },
      "geometry": {
        "type": "Polygon",
        "coordinates": [
          [
            [
              10.3987574,
              36.4866037
            ],
            [
              10.3981894,
              36.4852232
            ],
            [
              10.3987473,
              36.4844641
            ],
            [
              10.3997129,
              36.4840328
            ],
            [
              10.4009575,
              36.483429
            ],
            [
              10.400421,
              36.4828424
            ],
            [
              10.4003566,
              36.4826181
            ],
            [
              10.4010004,
              36.481859
            ],
            [
              10.403983,
              36.4809963
            ],
            [
              10.4051846,
              36.4804442
            ],
            [
              10.4061502,
              36.4797713
            ],
            [
              10.4063004,
              36.4788914
            ],
            [
              10.4083604,
              36.4782703
            ],
            [
              10.4093045,
              36.4777699
            ],
            [
              10.4125446,
              36.476148
            ],
            [
              10.4131454,
              36.4765966
            ],
            [
              10.4135102,
              36.477097
            ],
            [
              10.4143041,
              36.4768555
            ],
            [
              10.4153126,
              36.4775801
            ],
            [
              10.4163855,
              36.4773386
            ],
            [
              10.4173511,
              36.4770107
            ],
            [
              10.4179948,
              36.4772868
            ],
            [
              10.4187029,
              36.47689
            ],
            [
              10.4198402,
              36.4764759
            ],
            [
              10.4199475,
              36.4758202
            ],
            [
              10.4205269,
              36.4757167
            ],
            [
              10.4207414,
              36.474854
            ],
            [
              10.4212135,
              36.4745089
            ],
            [
              10.4220074,
              36.4748712
            ],
            [
              10.4225439,
              36.4745779
            ],
            [
              10.4231876,
              36.4744226
            ],
            [
              10.4239386,
              36.4750438
            ],
            [
              10.4254192,
              36.4754061
            ],
            [
              10.4268139,
              36.475872
            ],
            [
              10.4279297,
              36.4757339
            ],
            [
              10.4296464,
              36.4755441
            ],
            [
              10.4314059,
              36.4754751
            ],
            [
              10.4319209,
              36.4749057
            ],
            [
              10.4338521,
              36.4732148
            ],
            [
              10.4350322,
              36.4725936
            ],
            [
              10.4370278,
              36.4731803
            ],
            [
              10.4377949,
              36.473232
            ],
            [
              10.4383528,
              36.4733269
            ],
            [
              10.4394364,
              36.4740171
            ],
            [
              10.4407024,
              36.4742328
            ],
            [
              10.4418826,
              36.4743795
            ],
            [
              10.4424083,
              36.474621
            ],
            [
              10.4430842,
              36.4749316
            ],
            [
              10.443846,
              36.474923
            ],
            [
              10.4448652,
              36.4750265
            ],
            [
              10.4459703,
              36.4749834
            ],
            [
              10.4464853,
              36.4748367
            ],
            [
              10.4474991,
              36.4743536
            ],
            [
              10.4478103,
              36.4740085
            ],
            [
              10.4492265,
              36.4737238
            ],
            [
              10.4502457,
              36.4733787
            ],
            [
              10.4514474,
              36.473025
            ],
            [
              10.4524773,
              36.4728869
            ],
            [
              10.4532176,
              36.4722571
            ],
            [
              10.4542261,
              36.4720932
            ],
            [
              10.4559749,
              36.471334
            ],
            [
              10.4568332,
              36.4711183
            ],
            [
              10.4578203,
              36.4711096
            ],
            [
              10.4586571,
              36.4704539
            ],
            [
              10.4590112,
              36.4697292
            ],
            [
              10.4588288,
              36.4693582
            ],
            [
              10.4586142,
              36.4686852
            ],
            [
              10.4591828,
              36.4682107
            ],
            [
              10.4603952,
              36.4678828
            ],
            [
              10.4617578,
              36.4676671
            ],
            [
              10.4620904,
              36.4671063
            ],
            [
              10.4628521,
              36.466951
            ],
            [
              10.4633778,
              36.4659846
            ],
            [
              10.4643649,
              36.4646386
            ],
            [
              10.4655772,
              36.4642762
            ],
            [
              10.466575,
              36.4640174
            ],
            [
              10.4677981,
              36.4635946
            ],
            [
              10.4690748,
              36.4638362
            ],
            [
              10.4704696,
              36.4630424
            ],
            [
              10.4731196,
              36.4617481
            ],
            [
              10.4739886,
              36.4612131
            ],
            [
              10.4740745,
              36.4606954
            ],
            [
              10.4746967,
              36.458866
            ],
            [
              10.4751688,
              36.4565016
            ],
            [
              10.4762846,
              36.4540681
            ],
            [
              10.4777866,
              36.4529635
            ],
            [
              10.4795247,
              36.4527392
            ],
            [
              10.4815847,
              36.4523595
            ],
            [
              10.4831725,
              36.4517036
            ],
            [
              10.4834729,
              36.4508579
            ],
            [
              10.4844171,
              36.4500639
            ],
            [
              10.4853397,
              36.4494771
            ],
            [
              10.4893738,
              36.447682
            ],
            [
              10.4918414,
              36.4443679
            ],
            [
              10.4948455,
              36.4414162
            ],
            [
              10.4976349,
              36.4385517
            ],
            [
              10.4981071,
              36.4389353
            ],
            [
              10.5009502,
              36.4410241
            ],
            [
              10.5026025,
              36.4417836
            ],
            [
              10.503965,
              36.4424395
            ],
            [
              10.5071032,
              36.4439542
            ],
            [
              10.5068886,
              36.4442779
            ],
            [
              10.5068296,
              36.4448864
            ],
            [
              10.5067653,
              36.4456286
            ],
            [
              10.50654,
              36.446155
            ],
            [
              10.506658,
              36.4471216
            ],
            [
              10.5068404,
              36.4477905
            ],
            [
              10.5069262,
              36.449098
            ],
            [
              10.5065561,
              36.4496546
            ],
            [
              10.5065775,
              36.4501465
            ],
            [
              10.5067706,
              36.4504313
            ],
            [
              10.5065024,
              36.4506729
            ],
            [
              10.5061698,
              36.4511735
            ],
            [
              10.5058694,
              36.4517862
            ],
            [
              10.5056226,
              36.4521314
            ],
            [
              10.5058372,
              36.4525025
            ],
            [
              10.5062986,
              36.453236
            ],
            [
              10.5071032,
              36.4537538
            ],
            [
              10.5082298,
              36.455704
            ],
            [
              10.5087447,
              36.4557731
            ],
            [
              10.5097962,
              36.4560492
            ],
            [
              10.5100966,
              36.4575421
            ],
            [
              10.5100429,
              36.4587933
            ],
            [
              10.5104077,
              36.4594836
            ],
            [
              10.5110729,
              36.4598288
            ],
            [
              10.5121351,
              36.4607779
            ],
            [
              10.5118776,
              36.4615028
            ],
            [
              10.509603,
              36.4632285
            ],
            [
              10.5099035,
              36.4653338
            ],
            [
              10.5105472,
              36.4680086
            ],
            [
              10.5124784,
              36.4701655
            ],
            [
              10.5134011,
              36.4700447
            ],
            [
              10.5137015,
              36.4704589
            ],
            [
              10.5167484,
              36.4708385
            ],
            [
              10.517714,
              36.4703381
            ],
            [
              10.517993,
              36.4705969
            ],
            [
              10.5186153,
              36.4714252
            ],
            [
              10.5187011,
              36.4721844
            ],
            [
              10.5194092,
              36.4731334
            ],
            [
              10.5211902,
              36.4743758
            ],
            [
              10.5232501,
              36.4747726
            ],
            [
              10.5246663,
              36.4751695
            ],
            [
              10.5258465,
              36.4759114
            ],
            [
              10.5270052,
              36.4761012
            ],
            [
              10.5282927,
              36.4759977
            ],
            [
              10.5282283,
              36.4764463
            ],
            [
              10.5288181,
              36.4765074
            ],
            [
              10.5317259,
              36.4768086
            ],
            [
              10.5302239,
              36.4796037
            ],
            [
              10.5317259,
              36.4847968
            ],
            [
              10.532434,
              36.4885923
            ],
            [
              10.5333352,
              36.492836
            ],
            [
              10.5359847,
              36.4941188
            ],
            [
              10.535839,
              36.4944488
            ],
            [
              10.5346624,
              36.4971128
            ],
            [
              10.534398,
              36.4973962
            ],
            [
              10.5323264,
              36.4967053
            ],
            [
              10.5299464,
              36.4957309
            ],
            [
              10.5279189,
              36.494916
            ],
            [
              10.5268391,
              36.493853
            ],
            [
              10.5246133,
              36.493038
            ],
            [
              10.5229604,
              36.4925065
            ],
            [
              10.5217924,
              36.4920459
            ],
            [
              10.5209109,
              36.4920459
            ],
            [
              10.5196768,
              36.4917624
            ],
            [
              10.5186851,
              36.4914435
            ],
            [
              10.5171866,
              36.4913372
            ],
            [
              10.51571,
              36.4915321
            ],
            [
              10.5146963,
              36.4920813
            ],
            [
              10.5136826,
              36.4924002
            ],
            [
              10.5115229,
              36.4937113
            ],
            [
              10.5104871,
              36.4941365
            ],
            [
              10.5090547,
              36.4943845
            ],
            [
              10.508085,
              36.4945085
            ],
            [
              10.5070052,
              36.4942782
            ],
            [
              10.5063,
              36.4953766
            ],
            [
              10.5052642,
              36.4957132
            ],
            [
              10.5048234,
              36.4956246
            ],
            [
              10.5040301,
              36.496103
            ],
            [
              10.5037656,
              36.496847
            ],
            [
              10.5036775,
              36.4976797
            ],
            [
              10.503369,
              36.4986186
            ],
            [
              10.5018043,
              36.4989906
            ],
            [
              10.499887,
              36.4992209
            ],
            [
              10.4967797,
              36.5012404
            ],
            [
              10.4960304,
              36.5022325
            ],
            [
              10.4956778,
              36.5043582
            ],
            [
              10.4955897,
              36.505669
            ],
            [
              10.4955015,
              36.5064484
            ],
            [
              10.4878765,
              36.5093357
            ],
            [
              10.4846907,
              36.510602
            ],
            [
              10.4798842,
              36.5113263
            ],
            [
              10.4757643,
              36.5112228
            ],
            [
              10.4722452,
              36.510326
            ],
            [
              10.463748,
              36.5067386
            ],
            [
              10.4572248,
              36.503634
            ],
            [
              10.4473543,
              36.4996324
            ],
            [
              10.4390287,
              36.4969415
            ],
            [
              10.4309607,
              36.4891443
            ],
            [
              10.420499,
              36.4872504
            ],
            [
              10.4181209,
              36.4865005
            ],
            [
              10.4152992,
              36.4838695
            ],
            [
              10.4091194,
              36.4827654
            ],
            [
              10.3987574,
              36.4866037
            ]
          ]
        ]
      }
    },
    {
      "type": "Feature",
      "properties": {
        "name": "El Maamoura",
        "name_ar": "المعمورة",
        "osm_id": 7102854,
        "admin_level": "6"
      },
      "geometry": {
        "type": "Polygon",
        "coordinates": [
          [
            [
              10.8210131,
              36.5156136
            ],
            [
              10.8206032,
              36.5152033
            ],
            [
              10.8204674,
              36.5147946
            ],
            [
              10.8204269,
              36.5142001
            ],
            [
              10.8201669,
              36.5129647
            ],
            [
              10.8197508,
              36.5112601
            ],
            [
              10.8200166,
              36.5103033
            ],
            [
              10.819797,
              36.5094069
            ],
            [
              10.8196641,
              36.5079717
            ],
            [
              10.8195948,
              36.5067501
            ],
            [
              10.8194099,
              36.5058815
            ],
            [
              10.8186586,
              36.5040281
            ],
            [
              10.8181385,
              36.5034661
            ],
            [
              10.8176416,
              36.5027415
            ],
            [
              10.8171677,
              36.502184
            ],
            [
              10.8168961,
              36.5011528
            ],
            [
              10.8165321,
              36.4997778
            ],
            [
              10.8163414,
              36.4990392
            ],
            [
              10.8162662,
              36.4975945
            ],
            [
              10.8161969,
              36.4972043
            ],
            [
              10.8157288,
              36.4965168
            ],
            [
              10.8154225,
              36.4959825
            ],
            [
              10.8151741,
              36.4954855
            ],
            [
              10.81455,
              36.4941893
            ],
            [
              10.813897,
              36.493079
            ],
            [
              10.8134982,
              36.4923636
            ],
            [
              10.8130995,
              36.4911928
            ],
            [
              10.8130128,
              36.4908909
            ],
            [
              10.8123194,
              36.4912672
            ],
            [
              10.8120478,
              36.4917829
            ],
            [
              10.8119553,
              36.492647
            ],
            [
              10.8117993,
              36.4930511
            ],
            [
              10.8113023,
              36.4934553
            ],
            [
              10.8106493,
              36.4941336
            ],
            [
              10.8103893,
              36.494338
            ],
            [
              10.8099154,
              36.4945006
            ],
            [
              10.8094184,
              36.4948118
            ],
            [
              10.8087886,
              36.4952067
            ],
            [
              10.8083089,
              36.4955644
            ],
            [
              10.8077657,
              36.4952392
            ],
            [
              10.8080547,
              36.494928
            ],
            [
              10.8071994,
              36.4939385
            ],
            [
              10.8066851,
              36.4936086
            ],
            [
              10.8054716,
              36.4927492
            ],
            [
              10.8051479,
              36.4930976
            ],
            [
              10.8045527,
              36.4926563
            ],
            [
              10.8039402,
              36.4933345
            ],
            [
              10.8033161,
              36.4932277
            ],
            [
              10.8026689,
              36.4937201
            ],
            [
              10.8020274,
              36.4932741
            ],
            [
              10.8019292,
              36.493079
            ],
            [
              10.8015073,
              36.492935
            ],
            [
              10.8001031,
              36.4929025
            ],
            [
              10.7997275,
              36.4925587
            ],
            [
              10.7995541,
              36.492122
            ],
            [
              10.7993865,
              36.4918804
            ],
            [
              10.7993981,
              36.4914809
            ],
            [
              10.7985255,
              36.4909699
            ],
            [
              10.7970462,
              36.4899663
            ],
            [
              10.7967514,
              36.4897619
            ],
            [
              10.7958904,
              36.4887816
            ],
            [
              10.7945844,
              36.4880708
            ],
            [
              10.7942377,
              36.4875923
            ],
            [
              10.7937812,
              36.487202
            ],
            [
              10.7927468,
              36.4864261
            ],
            [
              10.792049,
              36.4860533
            ],
            [
              10.7919797,
              36.485124
            ],
            [
              10.7909395,
              36.4835071
            ],
            [
              10.7912169,
              36.4805335
            ],
            [
              10.7954007,
              36.4765003
            ],
            [
              10.7939901,
              36.4748446
            ],
            [
              10.7963618,
              36.4725563
            ],
            [
              10.7955145,
              36.4718422
            ],
            [
              10.795686,
              36.4685927
            ],
            [
              10.7946459,
              36.4641127
            ],
            [
              10.796351,
              36.4639068
            ],
            [
              10.7978723,
              36.4640587
            ],
            [
              10.7981728,
              36.4630177
            ],
            [
              10.79882,
              36.4617722
            ],
            [
              10.8004149,
              36.4598759
            ],
            [
              10.8023797,
              36.458463
            ],
            [
              10.8019867,
              36.4576264
            ],
            [
              10.8025157,
              36.4563118
            ],
            [
              10.80154,
              36.4553961
            ],
            [
              10.8014435,
              36.4551712
            ],
            [
              10.8015668,
              36.4551259
            ],
            [
              10.8016205,
              36.4550612
            ],
            [
              10.8017921,
              36.4549403
            ],
            [
              10.8019611,
              36.4549425
            ],
            [
              10.8020791,
              36.4549727
            ],
            [
              10.8021623,
              36.4549792
            ],
            [
              10.8022401,
              36.4549641
            ],
            [
              10.8023232,
              36.4549145
            ],
            [
              10.8023715,
              36.454895
            ],
            [
              10.8025682,
              36.4549224
            ],
            [
              10.8026746,
              36.4549749
            ],
            [
              10.8029401,
              36.4550072
            ],
            [
              10.8031118,
              36.4550223
            ],
            [
              10.8032083,
              36.4550374
            ],
            [
              10.8033156,
              36.4550504
            ],
            [
              10.803549,
              36.4551345
            ],
            [
              10.8036295,
              36.4552704
            ],
            [
              10.8036724,
              36.4553546
            ],
            [
              10.8037582,
              36.4554797
            ],
            [
              10.8041295,
              36.455779
            ],
            [
              10.8043,
              36.4558421
            ],
            [
              10.8045119,
              36.4558615
            ],
            [
              10.8046406,
              36.4558507
            ],
            [
              10.8047694,
              36.455758
            ],
            [
              10.8049142,
              36.4557558
            ],
            [
              10.8050188,
              36.4558033
            ],
            [
              10.8053346,
              36.4559101
            ],
            [
              10.8059174,
              36.4560924
            ],
            [
              10.8060971,
              36.45617
            ],
            [
              10.8064109,
              36.4562326
            ],
            [
              10.8066604,
              36.4562045
            ],
            [
              10.8067784,
              36.4561463
            ],
            [
              10.8069929,
              36.4560708
            ],
            [
              10.8073178,
              36.45604
            ],
            [
              10.8075401,
              36.4561787
            ],
            [
              10.8077117,
              36.4563764
            ],
            [
              10.8080642,
              36.4567414
            ],
            [
              10.8082777,
              36.4567719
            ],
            [
              10.808444,
              36.4568992
            ],
            [
              10.8090073,
              36.4574062
            ],
            [
              10.8093402,
              36.4577429
            ],
            [
              10.8098415,
              36.4582238
            ],
            [
              10.8099891,
              36.4584416
            ],
            [
              10.8103055,
              36.4587696
            ],
            [
              10.8104265,
              36.4589609
            ],
            [
              10.8106837,
              36.4591104
            ],
            [
              10.8112239,
              36.4595878
            ],
            [
              10.811424,
              36.4600941
            ],
            [
              10.8114007,
              36.4602874
            ],
            [
              10.8112872,
              36.4605169
            ],
            [
              10.8112523,
              36.4606809
            ],
            [
              10.8113784,
              36.4608707
            ],
            [
              10.8117592,
              36.461492
            ],
            [
              10.812065,
              36.461835
            ],
            [
              10.8122554,
              36.4621974
            ],
            [
              10.8125542,
              36.4626313
            ],
            [
              10.8125988,
              36.4627604
            ],
            [
              10.8127302,
              36.4630451
            ],
            [
              10.8133387,
              36.464111
            ],
            [
              10.8135456,
              36.4644969
            ],
            [
              10.8137342,
              36.4648433
            ],
            [
              10.8140606,
              36.4652562
            ],
            [
              10.8144227,
              36.4657803
            ],
            [
              10.8148652,
              36.4665008
            ],
            [
              10.8152461,
              36.4670271
            ],
            [
              10.8155385,
              36.4673938
            ],
            [
              10.8158925,
              36.4679697
            ],
            [
              10.8165041,
              36.4690655
            ],
            [
              10.8167589,
              36.4695961
            ],
            [
              10.8172095,
              36.4703834
            ],
            [
              10.8174509,
              36.4708924
            ],
            [
              10.8178291,
              36.4714985
            ],
            [
              10.8181804,
              36.4721499
            ],
            [
              10.8184862,
              36.4728013
            ],
            [
              10.8187357,
              36.4733276
            ],
            [
              10.8190253,
              36.4739423
            ],
            [
              10.8192663,
              36.4743864
            ],
            [
              10.8194516,
              36.4748376
            ],
            [
              10.8195537,
              36.475094
            ],
            [
              10.8196744,
              36.4753636
            ],
            [
              10.8197629,
              36.4755965
            ],
            [
              10.8199695,
              36.4760883
            ],
            [
              10.8202592,
              36.4767461
            ],
            [
              10.8206695,
              36.4775721
            ],
            [
              10.8208922,
              36.4781027
            ],
            [
              10.8211094,
              36.4785664
            ],
            [
              10.821383,
              36.4790797
            ],
            [
              10.8214983,
              36.4793169
            ],
            [
              10.8216432,
              36.4795822
            ],
            [
              10.8217853,
              36.4798669
            ],
            [
              10.8218899,
              36.4801257
            ],
            [
              10.8219892,
              36.4803327
            ],
            [
              10.8222172,
              36.4808374
            ],
            [
              10.8223969,
              36.4812126
            ],
            [
              10.8226919,
              36.4817022
            ],
            [
              10.8228502,
              36.4820192
            ],
            [
              10.8230567,
              36.4823966
            ],
            [
              10.8233517,
              36.4828754
            ],
            [
              10.8240491,
              36.4841111
            ],
            [
              10.8242959,
              36.4844669
            ],
            [
              10.8245221,
              36.4847399
            ],
            [
              10.8247143,
              36.4850686
            ],
            [
              10.8249074,
              36.4853403
            ],
            [
              10.8251567,
              36.4857358
            ],
            [
              10.8252685,
              36.4859711
            ],
            [
              10.8254063,
              36.4861878
            ],
            [
              10.8256236,
              36.4864854
            ],
            [
              10.8258998,
              36.4868563
            ],
            [
              10.8263692,
              36.4875227
            ],
            [
              10.826785,
              36.4881071
            ],
            [
              10.8271737,
              36.4890367
            ],
            [
              10.8274823,
              36.4895583
            ],
            [
              10.8277908,
              36.4900198
            ],
            [
              10.8280241,
              36.4904381
            ],
            [
              10.8283889,
              36.4910592
            ],
            [
              10.8287778,
              36.4916349
            ],
            [
              10.8290219,
              36.4920123
            ],
            [
              10.8292311,
              36.4923422
            ],
            [
              10.8294404,
              36.4926333
            ],
            [
              10.8297461,
              36.4929999
            ],
            [
              10.8301055,
              36.4935627
            ],
            [
              10.8302692,
              36.4938818
            ],
            [
              10.8303657,
              36.4941233
            ],
            [
              10.830481,
              36.4943734
            ],
            [
              10.8306849,
              36.4947982
            ],
            [
              10.8309451,
              36.4952834
            ],
            [
              10.8311543,
              36.4959152
            ],
            [
              10.8315539,
              36.4968682
            ],
            [
              10.8318704,
              36.4974978
            ],
            [
              10.8321923,
              36.4980972
            ],
            [
              10.8323908,
              36.4987053
            ],
            [
              10.8325043,
              36.4990584
            ],
            [
              10.832588,
              36.4994619
            ],
            [
              10.83272,
              36.4998316
            ],
            [
              10.8328548,
              36.5003094
            ],
            [
              10.8330023,
              36.5006954
            ],
            [
              10.833174,
              36.5010554
            ],
            [
              10.833461,
              36.5017885
            ],
            [
              10.8336648,
              36.5026294
            ],
            [
              10.8338752,
              36.5035345
            ],
            [
              10.8341852,
              36.5046086
            ],
            [
              10.8342791,
              36.5049923
            ],
            [
              10.8344185,
              36.5053049
            ],
            [
              10.8345178,
              36.5056219
            ],
            [
              10.8347324,
              36.5060725
            ],
            [
              10.8348209,
              36.5063032
            ],
            [
              10.8350059,
              36.5066395
            ],
            [
              10.8351749,
              36.5070383
            ],
            [
              10.8352849,
              36.5073639
            ],
            [
              10.8353788,
              36.5077131
            ],
            [
              10.8355585,
              36.5081314
            ],
            [
              10.8356765,
              36.5084116
            ],
            [
              10.8357516,
              36.5085453
            ],
            [
              10.8358203,
              36.50872
            ],
            [
              10.8343802,
              36.5092232
            ],
            [
              10.8342249,
              36.5095304
            ],
            [
              10.8336754,
              36.5097032
            ],
            [
              10.8326839,
              36.5099433
            ],
            [
              10.8320627,
              36.5103081
            ],
            [
              10.8314655,
              36.5109322
            ],
            [
              10.8302948,
              36.5113739
            ],
            [
              10.8288613,
              36.5120939
            ],
            [
              10.8281326,
              36.5130444
            ],
            [
              10.8281326,
              36.5138893
            ],
            [
              10.8276787,
              36.5145134
            ],
            [
              10.82695,
              36.5147342
            ],
            [
              10.8257077,
              36.5148686
            ],
            [
              10.8240831,
              36.514811
            ],
            [
              10.8232469,
              36.514907
            ],
            [
              10.8217059,
              36.5153774
            ],
            [
              10.8210131,
              36.5156136
            ]
          ]
        ]
      }
    },
    {
      "type": "Feature",
      "properties": {
        "name": "Diar Ben Salem",
        "name_ar": "ديار بن سالم",
        "osm_id": 7102855,
        "admin_level": "6"
      },
      "geometry": {
        "type": "Polygon",
        "coordinates": [
          [
            [
              10.8210131,
              36.5156136
            ],
            [
              10.8206032,
              36.5152033
            ],
            [
              10.8204674,
              36.5147946
            ],
            [
              10.8204269,
              36.5142001
            ],
            [
              10.8201669,
              36.5129647
            ],
            [
              10.8197508,
              36.5112601
            ],
            [
              10.8200166,
              36.5103033
            ],
            [
              10.819797,
              36.5094069
            ],
            [
              10.8196641,
              36.5079717
            ],
            [
              10.8195948,
              36.5067501
            ],
            [
              10.8194099,
              36.5058815
            ],
            [
              10.8186586,
              36.5040281
            ],
            [
              10.8181385,
              36.5034661
            ],
            [
              10.8176416,
              36.5027415
            ],
            [
              10.8171677,
              36.502184
            ],
            [
              10.8168961,
              36.5011528
            ],
            [
              10.8165321,
              36.4997778
            ],
            [
              10.8163414,
              36.4990392
            ],
            [
              10.8162662,
              36.4975945
            ],
            [
              10.8161969,
              36.4972043
            ],
            [
              10.8157288,
              36.4965168
            ],
            [
              10.8154225,
              36.4959825
            ],
            [
              10.8151741,
              36.4954855
            ],
            [
              10.81455,
              36.4941893
            ],
            [
              10.813897,
              36.493079
            ],
            [
              10.8134982,
              36.4923636
            ],
            [
              10.8130995,
              36.4911928
            ],
            [
              10.8130128,
              36.4908909
            ],
            [
              10.8123194,
              36.4912672
            ],
            [
              10.8120478,
              36.4917829
            ],
            [
              10.8119553,
              36.492647
            ],
            [
              10.8117993,
              36.4930511
            ],
            [
              10.8113023,
              36.4934553
            ],
            [
              10.8106493,
              36.4941336
            ],
            [
              10.8103893,
              36.494338
            ],
            [
              10.8099154,
              36.4945006
            ],
            [
              10.8094184,
              36.4948118
            ],
            [
              10.8087886,
              36.4952067
            ],
            [
              10.8083089,
              36.4955644
            ],
            [
              10.8077657,
              36.4952392
            ],
            [
              10.8080547,
              36.494928
            ],
            [
              10.8071994,
              36.4939385
            ],
            [
              10.8066851,
              36.4936086
            ],
            [
              10.8054716,
              36.4927492
            ],
            [
              10.8051479,
              36.4930976
            ],
            [
              10.8045527,
              36.4926563
            ],
            [
              10.8039402,
              36.4933345
            ],
            [
              10.8033161,
              36.4932277
            ],
            [
              10.8026689,
              36.4937201
            ],
            [
              10.8020274,
              36.4932741
            ],
            [
              10.8019292,
              36.493079
            ],
            [
              10.8015073,
              36.492935
            ],
            [
              10.8001031,
              36.4929025
            ],
            [
              10.7997275,
              36.4925587
            ],
            [
              10.7995541,
              36.492122
            ],
            [
              10.7993865,
              36.4918804
            ],
            [
              10.7993981,
              36.4914809
            ],
            [
              10.7985255,
              36.4909699
            ],
            [
              10.7970462,
              36.4899663
            ],
            [
              10.7967514,
              36.4897619
            ],
            [
              10.7958904,
              36.4887816
            ],
            [
              10.7945844,
              36.4880708
            ],
            [
              10.7942377,
              36.4875923
            ],
            [
              10.7937812,
              36.487202
            ],
            [
              10.7927468,
              36.4864261
            ],
            [
              10.792049,
              36.4860533
            ],
            [
              10.7920259,
              36.4887665
            ],
            [
              10.7916792,
              36.4912196
            ],
            [
              10.7918178,
              36.496274
            ],
            [
              10.7893908,
              36.4981136
            ],
            [
              10.7868019,
              36.4998603
            ],
            [
              10.7834734,
              36.5016812
            ],
            [
              10.7796363,
              36.5037251
            ],
            [
              10.7791046,
              36.5032048
            ],
            [
              10.7766776,
              36.5046726
            ],
            [
              10.7740425,
              36.5064377
            ],
            [
              10.7710375,
              36.5083885
            ],
            [
              10.7711069,
              36.5078126
            ],
            [
              10.7712224,
              36.5055459
            ],
            [
              10.7701591,
              36.5064749
            ],
            [
              10.7696737,
              36.5071437
            ],
            [
              10.7693039,
              36.507794
            ],
            [
              10.7675009,
              36.5083328
            ],
            [
              10.7657904,
              36.508723
            ],
            [
              10.7653743,
              36.5092711
            ],
            [
              10.7651779,
              36.5102836
            ],
            [
              10.7646231,
              36.5105344
            ],
            [
              10.7644844,
              36.5108224
            ],
            [
              10.7642302,
              36.5111103
            ],
            [
              10.7637679,
              36.5116305
            ],
            [
              10.7637794,
              36.5126523
            ],
            [
              10.7640106,
              36.5131632
            ],
            [
              10.7639528,
              36.5139992
            ],
            [
              10.7641493,
              36.5145937
            ],
            [
              10.7643688,
              36.5152161
            ],
            [
              10.7639066,
              36.5157827
            ],
            [
              10.7629704,
              36.5170552
            ],
            [
              10.7625081,
              36.5177333
            ],
            [
              10.7621383,
              36.5178354
            ],
            [
              10.7616875,
              36.5179469
            ],
            [
              10.7612599,
              36.5183463
            ],
            [
              10.762092,
              36.5190058
            ],
            [
              10.7649451,
              36.5211364
            ],
            [
              10.7670601,
              36.5227803
            ],
            [
              10.7683892,
              36.5217122
            ],
            [
              10.7693081,
              36.5212014
            ],
            [
              10.7701055,
              36.5207231
            ],
            [
              10.771163,
              36.5201611
            ],
            [
              10.772157,
              36.5198639
            ],
            [
              10.7728735,
              36.5197803
            ],
            [
              10.7736363,
              36.5196317
            ],
            [
              10.7742951,
              36.5193995
            ],
            [
              10.7759016,
              36.5184335
            ],
            [
              10.7767568,
              36.5191116
            ],
            [
              10.7780282,
              36.5202633
            ],
            [
              10.7788025,
              36.5209692
            ],
            [
              10.7794151,
              36.5210249
            ],
            [
              10.779808,
              36.5212293
            ],
            [
              10.780906,
              36.5217029
            ],
            [
              10.7820386,
              36.5222323
            ],
            [
              10.7824894,
              36.521768
            ],
            [
              10.783333,
              36.5209599
            ],
            [
              10.7841999,
              36.5204769
            ],
            [
              10.7846506,
              36.519771
            ],
            [
              10.7850262,
              36.5189165
            ],
            [
              10.7850956,
              36.5184521
            ],
            [
              10.7853787,
              36.5185635
            ],
            [
              10.786338,
              36.519158
            ],
            [
              10.7868118,
              36.5196131
            ],
            [
              10.7872626,
              36.5201379
            ],
            [
              10.7881467,
              36.520881
            ],
            [
              10.7886899,
              36.5214568
            ],
            [
              10.789158,
              36.5218051
            ],
            [
              10.7907761,
              36.5225017
            ],
            [
              10.7915157,
              36.5226782
            ],
            [
              10.7928564,
              36.5222974
            ],
            [
              10.7937001,
              36.5219073
            ],
            [
              10.7947865,
              36.521285
            ],
            [
              10.7954453,
              36.5210899
            ],
            [
              10.7964045,
              36.5212943
            ],
            [
              10.7970287,
              36.5215358
            ],
            [
              10.7975256,
              36.5214243
            ],
            [
              10.7979417,
              36.5211085
            ],
            [
              10.7988201,
              36.5207184
            ],
            [
              10.7998256,
              36.5206905
            ],
            [
              10.8007617,
              36.5205977
            ],
            [
              10.80112,
              36.5201704
            ],
            [
              10.8016533,
              36.5196931
            ],
            [
              10.8024507,
              36.5194702
            ],
            [
              10.8030286,
              36.5192937
            ],
            [
              10.8034331,
              36.5188293
            ],
            [
              10.8041555,
              36.5181512
            ],
            [
              10.8050858,
              36.5177704
            ],
            [
              10.8059526,
              36.5174175
            ],
            [
              10.8072702,
              36.5170366
            ],
            [
              10.8077556,
              36.5168694
            ],
            [
              10.8088709,
              36.5166697
            ],
            [
              10.8103676,
              36.5163539
            ],
            [
              10.8110957,
              36.5161728
            ],
            [
              10.8118007,
              36.5159731
            ],
            [
              10.8124537,
              36.5157084
            ],
            [
              10.8129738,
              36.5152764
            ],
            [
              10.8135286,
              36.5148724
            ],
            [
              10.8142162,
              36.5142733
            ],
            [
              10.8144185,
              36.5143661
            ],
            [
              10.8149848,
              36.5146216
            ],
            [
              10.8154529,
              36.5149792
            ],
            [
              10.8161174,
              36.5151
            ],
            [
              10.8170883,
              36.5147748
            ],
            [
              10.8175737,
              36.5145844
            ],
            [
              10.8180764,
              36.5144358
            ],
            [
              10.8189201,
              36.5148863
            ],
            [
              10.8192206,
              36.5152346
            ],
            [
              10.8201291,
              36.5159151
            ],
            [
              10.8210131,
              36.5156136
            ]
          ]
        ]
      }
    },
    {
      "type": "Feature",
      "properties": {
        "name": "Beni Khiar",
        "name_ar": "بني خيار",
        "osm_id": 7103009,
        "admin_level": "6"
      },
      "geometry": {
        "type": "Polygon",
        "coordinates": [
          [
            [
              10.7680148,
              36.4624914
            ],
            [
              10.7684825,
              36.4605666
            ],
            [
              10.7690972,
              36.4597126
            ],
            [
              10.7702708,
              36.4580271
            ],
            [
              10.7709374,
              36.4558483
            ],
            [
              10.77063,
              36.4542077
            ],
            [
              10.7700712,
              36.4515333
            ],
            [
              10.7700228,
              36.4501466
            ],
            [
              10.7702091,
              36.4502458
            ],
            [
              10.7702655,
              36.4503083
            ],
            [
              10.7702896,
              36.4503666
            ],
            [
              10.7702976,
              36.4503968
            ],
            [
              10.7704837,
              36.4503584
            ],
            [
              10.7707214,
              36.4503127
            ],
            [
              10.7708019,
              36.4501961
            ],
            [
              10.7708421,
              36.4501012
            ],
            [
              10.770869,
              36.4500214
            ],
            [
              10.7709146,
              36.4498725
            ],
            [
              10.7710165,
              36.4498466
            ],
            [
              10.7711318,
              36.4497776
            ],
            [
              10.7712203,
              36.4497754
            ],
            [
              10.7713169,
              36.4497409
            ],
            [
              10.771392,
              36.4496719
            ],
            [
              10.7715368,
              36.4496632
            ],
            [
              10.7716253,
              36.4496525
            ],
            [
              10.7716656,
              36.4496266
            ],
            [
              10.7717916,
              36.4495597
            ],
            [
              10.7719472,
              36.4495424
            ],
            [
              10.7720759,
              36.4495532
            ],
            [
              10.7721725,
              36.4495554
            ],
            [
              10.7723415,
              36.4495316
            ],
            [
              10.772438,
              36.4494971
            ],
            [
              10.7726499,
              36.4494259
            ],
            [
              10.7727385,
              36.4495662
            ],
            [
              10.7728457,
              36.4496244
            ],
            [
              10.7729235,
              36.449687
            ],
            [
              10.7729235,
              36.4497474
            ],
            [
              10.7729289,
              36.4497733
            ],
            [
              10.7730898,
              36.4498898
            ],
            [
              10.773409,
              36.4500343
            ],
            [
              10.7738091,
              36.4501151
            ],
            [
              10.7740205,
              36.4500645
            ],
            [
              10.7742807,
              36.4498768
            ],
            [
              10.7743655,
              36.4499174
            ],
            [
              10.7746034,
              36.4501243
            ],
            [
              10.7749209,
              36.4502108
            ],
            [
              10.7757645,
              36.4505017
            ],
            [
              10.7760147,
              36.450588
            ],
            [
              10.7762207,
              36.4505284
            ],
            [
              10.7763587,
              36.4505777
            ],
            [
              10.7768511,
              36.45076
            ],
            [
              10.777286,
              36.4507853
            ],
            [
              10.7776526,
              36.4506961
            ],
            [
              10.7778943,
              36.4507782
            ],
            [
              10.7796733,
              36.4514454
            ],
            [
              10.7800299,
              36.4515933
            ],
            [
              10.7803517,
              36.4517789
            ],
            [
              10.7808062,
              36.4520224
            ],
            [
              10.78151,
              36.4524043
            ],
            [
              10.7821139,
              36.452732
            ],
            [
              10.7826102,
              36.4529353
            ],
            [
              10.7832887,
              36.4531925
            ],
            [
              10.7840781,
              36.4534464
            ],
            [
              10.7850027,
              36.4536582
            ],
            [
              10.7857732,
              36.4538347
            ],
            [
              10.7860599,
              36.4537656
            ],
            [
              10.7862675,
              36.453743
            ],
            [
              10.7863963,
              36.4537106
            ],
            [
              10.7865196,
              36.4536696
            ],
            [
              10.7870972,
              36.4534607
            ],
            [
              10.7873887,
              36.4532468
            ],
            [
              10.7876971,
              36.4530332
            ],
            [
              10.7878404,
              36.4528422
            ],
            [
              10.787901,
              36.4527571
            ],
            [
              10.7878822,
              36.4526815
            ],
            [
              10.787916,
              36.4525934
            ],
            [
              10.7879761,
              36.4525866
            ],
            [
              10.7882185,
              36.4524551
            ],
            [
              10.7882416,
              36.4523407
            ],
            [
              10.7883006,
              36.4522026
            ],
            [
              10.7883409,
              36.452153
            ],
            [
              10.7885528,
              36.4521379
            ],
            [
              10.7886144,
              36.4521551
            ],
            [
              10.78866,
              36.4521206
            ],
            [
              10.788652,
              36.452058
            ],
            [
              10.7886788,
              36.4520235
            ],
            [
              10.7887512,
              36.4520429
            ],
            [
              10.7887647,
              36.452099
            ],
            [
              10.7887727,
              36.4521616
            ],
            [
              10.7887781,
              36.4522371
            ],
            [
              10.7889816,
              36.4523169
            ],
            [
              10.7892153,
              36.4523277
            ],
            [
              10.7893601,
              36.4523385
            ],
            [
              10.7894245,
              36.4523622
            ],
            [
              10.7896793,
              36.4523299
            ],
            [
              10.789682,
              36.4522371
            ],
            [
              10.78969,
              36.4521875
            ],
            [
              10.7898188,
              36.452194
            ],
            [
              10.7899046,
              36.4522393
            ],
            [
              10.7899931,
              36.4522436
            ],
            [
              10.7903979,
              36.4520018
            ],
            [
              10.7906261,
              36.4519459
            ],
            [
              10.7907173,
              36.4518876
            ],
            [
              10.7907549,
              36.4518143
            ],
            [
              10.7907709,
              36.4517474
            ],
            [
              10.7908759,
              36.4517209
            ],
            [
              10.7911491,
              36.4516675
            ],
            [
              10.7912832,
              36.4515489
            ],
            [
              10.7913247,
              36.4513423
            ],
            [
              10.7913691,
              36.4512145
            ],
            [
              10.7915327,
              36.451221
            ],
            [
              10.7916105,
              36.451208
            ],
            [
              10.7917305,
              36.4510782
            ],
            [
              10.7922134,
              36.4510768
            ],
            [
              10.7925868,
              36.4510613
            ],
            [
              10.7928954,
              36.4509423
            ],
            [
              10.793243,
              36.4510414
            ],
            [
              10.7933432,
              36.4511756
            ],
            [
              10.793397,
              36.4513423
            ],
            [
              10.7935214,
              36.4514615
            ],
            [
              10.7939206,
              36.4520961
            ],
            [
              10.7941425,
              36.4523148
            ],
            [
              10.7940593,
              36.4523817
            ],
            [
              10.7940137,
              36.4524378
            ],
            [
              10.7940746,
              36.4525632
            ],
            [
              10.7942954,
              36.4527527
            ],
            [
              10.7944563,
              36.4527678
            ],
            [
              10.7946441,
              36.45277
            ],
            [
              10.7947701,
              36.4528585
            ],
            [
              10.7954702,
              36.4532835
            ],
            [
              10.7954746,
              36.4533915
            ],
            [
              10.7956661,
              36.4535478
            ],
            [
              10.7960746,
              36.4537378
            ],
            [
              10.7965121,
              36.4531295
            ],
            [
              10.7966177,
              36.4530693
            ],
            [
              10.7967101,
              36.4530941
            ],
            [
              10.7967761,
              36.4531472
            ],
            [
              10.7967597,
              36.4532325
            ],
            [
              10.7963068,
              36.4538162
            ],
            [
              10.7963592,
              36.4538404
            ],
            [
              10.7968031,
              36.4540449
            ],
            [
              10.7971952,
              36.4542131
            ],
            [
              10.7976159,
              36.4536632
            ],
            [
              10.7978654,
              36.4537581
            ],
            [
              10.7974477,
              36.4543549
            ],
            [
              10.797832,
              36.4545403
            ],
            [
              10.7983538,
              36.4547774
            ],
            [
              10.7984198,
              36.4546854
            ],
            [
              10.7988427,
              36.4548802
            ],
            [
              10.7988538,
              36.4548853
            ],
            [
              10.7988825,
              36.4548477
            ],
            [
              10.7991532,
              36.4544925
            ],
            [
              10.799166,
              36.4544757
            ],
            [
              10.7992184,
              36.4542951
            ],
            [
              10.7992205,
              36.454088
            ],
            [
              10.7991966,
              36.4540232
            ],
            [
              10.799157,
              36.4539162
            ],
            [
              10.7990773,
              36.4538293
            ],
            [
              10.7972028,
              36.4523679
            ],
            [
              10.7969076,
              36.452354
            ],
            [
              10.796624,
              36.4518943
            ],
            [
              10.7966131,
              36.4508492
            ],
            [
              10.7965577,
              36.4507936
            ],
            [
              10.7965631,
              36.4505348
            ],
            [
              10.7966151,
              36.4504836
            ],
            [
              10.7966981,
              36.4504518
            ],
            [
              10.796787,
              36.4504724
            ],
            [
              10.7968295,
              36.4505367
            ],
            [
              10.7968368,
              36.4515944
            ],
            [
              10.7968779,
              36.4517332
            ],
            [
              10.7969546,
              36.4518868
            ],
            [
              10.7973397,
              36.4521656
            ],
            [
              10.797372,
              36.452243
            ],
            [
              10.799298,
              36.4537188
            ],
            [
              10.799406,
              36.453878
            ],
            [
              10.799485,
              36.454042
            ],
            [
              10.7994989,
              36.4542055
            ],
            [
              10.7994833,
              36.4543459
            ],
            [
              10.7994199,
              36.4545028
            ],
            [
              10.7992841,
              36.4545996
            ],
            [
              10.7989722,
              36.4549672
            ],
            [
              10.7992073,
              36.4552131
            ],
            [
              10.7993916,
              36.4553265
            ],
            [
              10.7996528,
              36.4555046
            ],
            [
              10.7999357,
              36.4556309
            ],
            [
              10.8001999,
              36.4556838
            ],
            [
              10.8004859,
              36.4556371
            ],
            [
              10.80051,
              36.4554171
            ],
            [
              10.8007514,
              36.4552359
            ],
            [
              10.8008706,
              36.4551884
            ],
            [
              10.8010116,
              36.4552855
            ],
            [
              10.8010921,
              36.4553049
            ],
            [
              10.801186,
              36.4552467
            ],
            [
              10.8012423,
              36.4552014
            ],
            [
              10.8012879,
              36.4552035
            ],
            [
              10.8013523,
              36.4552122
            ],
            [
              10.8014435,
              36.4551712
            ],
            [
              10.80154,
              36.4553961
            ],
            [
              10.8025157,
              36.4563118
            ],
            [
              10.8019867,
              36.4576264
            ],
            [
              10.8023797,
              36.458463
            ],
            [
              10.8004149,
              36.4598759
            ],
            [
              10.79882,
              36.4617722
            ],
            [
              10.7981728,
              36.4630177
            ],
            [
              10.7978723,
              36.4640587
            ],
            [
              10.796351,
              36.4639068
            ],
            [
              10.7946459,
              36.4641127
            ],
            [
              10.795686,
              36.4685927
            ],
            [
              10.7955145,
              36.4718422
            ],
            [
              10.7963618,
              36.4725563
            ],
            [
              10.7939901,
              36.4748446
            ],
            [
              10.7954007,
              36.4765003
            ],
            [
              10.7912169,
              36.4805335
            ],
            [
              10.7909395,
              36.4835071
            ],
            [
              10.7919797,
              36.485124
            ],
            [
              10.792049,
              36.4860533
            ],
            [
              10.7920259,
              36.4887665
            ],
            [
              10.7916792,
              36.4912196
            ],
            [
              10.7918178,
              36.496274
            ],
            [
              10.7893908,
              36.4981136
            ],
            [
              10.7868019,
              36.4998603
            ],
            [
              10.7834734,
              36.5016812
            ],
            [
              10.7796363,
              36.5037251
            ],
            [
              10.7791046,
              36.5032048
            ],
            [
              10.7766776,
              36.5046726
            ],
            [
              10.7740425,
              36.5064377
            ],
            [
              10.7710375,
              36.5083885
            ],
            [
              10.7711069,
              36.5078126
            ],
            [
              10.7712224,
              36.5055459
            ],
            [
              10.7701591,
              36.5064749
            ],
            [
              10.7696737,
              36.5071437
            ],
            [
              10.7693039,
              36.507794
            ],
            [
              10.7675009,
              36.5083328
            ],
            [
              10.7657904,
              36.508723
            ],
            [
              10.7653743,
              36.5092711
            ],
            [
              10.7651779,
              36.5102836
            ],
            [
              10.7646231,
              36.5105344
            ],
            [
              10.7644844,
              36.5108224
            ],
            [
              10.7642302,
              36.5111103
            ],
            [
              10.7637679,
              36.5116305
            ],
            [
              10.7637794,
              36.5126523
            ],
            [
              10.7640106,
              36.5131632
            ],
            [
              10.7639528,
              36.5139992
            ],
            [
              10.7641493,
              36.5145937
            ],
            [
              10.7643688,
              36.5152161
            ],
            [
              10.7639066,
              36.5157827
            ],
            [
              10.7629704,
              36.5170552
            ],
            [
              10.7625081,
              36.5177333
            ],
            [
              10.7621383,
              36.5178354
            ],
            [
              10.7616875,
              36.5179469
            ],
            [
              10.7612599,
              36.5183463
            ],
            [
              10.762092,
              36.5190058
            ],
            [
              10.7649451,
              36.5211364
            ],
            [
              10.7670601,
              36.5227803
            ],
            [
              10.7639429,
              36.5263884
            ],
            [
              10.7634795,
              36.5290261
            ],
            [
              10.7614971,
              36.5311569
            ],
            [
              10.7573264,
              36.5349632
            ],
            [
              10.7590127,
              36.5361422
            ],
            [
              10.7553827,
              36.5379212
            ],
            [
              10.7527094,
              36.5391907
            ],
            [
              10.7518985,
              36.539925
            ],
            [
              10.7495814,
              36.5427381
            ],
            [
              10.7470456,
              36.5458716
            ],
            [
              10.7442522,
              36.5476503
            ],
            [
              10.738923,
              36.550825
            ],
            [
              10.7352286,
              36.5531724
            ],
            [
              10.7347137,
              36.5535757
            ],
            [
              10.7334007,
              36.5552715
            ],
            [
              10.7326928,
              36.5560573
            ],
            [
              10.7290499,
              36.5578772
            ],
            [
              10.7263853,
              36.5592213
            ],
            [
              10.7250594,
              36.5603277
            ],
            [
              10.7244415,
              36.5611135
            ],
            [
              10.7232572,
              36.5617235
            ],
            [
              10.7227166,
              36.5619406
            ],
            [
              10.7210046,
              36.5624473
            ],
            [
              10.7205916,
              36.562594
            ],
            [
              10.7189965,
              36.5631607
            ],
            [
              10.7166923,
              36.5635535
            ],
            [
              10.7147872,
              36.5640705
            ],
            [
              10.7139762,
              36.5645978
            ],
            [
              10.71238,
              36.5663968
            ],
            [
              10.7082737,
              36.5623542
            ],
            [
              10.7036267,
              36.56619
            ],
            [
              10.6996105,
              36.5635432
            ],
            [
              10.697448,
              36.5621681
            ],
            [
              10.6966885,
              36.5611548
            ],
            [
              10.6948606,
              36.5594488
            ],
            [
              10.6959471,
              36.5597763
            ],
            [
              10.6970927,
              36.5590357
            ],
            [
              10.6991883,
              36.5589908
            ],
            [
              10.7029884,
              36.5570606
            ],
            [
              10.7054193,
              36.55733
            ],
            [
              10.7073752,
              36.5556691
            ],
            [
              10.7077664,
              36.5547264
            ],
            [
              10.7086884,
              36.5541204
            ],
            [
              10.7109517,
              36.5520329
            ],
            [
              10.7116782,
              36.5406521
            ],
            [
              10.7129215,
              36.5400796
            ],
            [
              10.7137039,
              36.5391143
            ],
            [
              10.7138995,
              36.5387775
            ],
            [
              10.7134664,
              36.5382949
            ],
            [
              10.7138855,
              36.5378571
            ],
            [
              10.7146819,
              36.5371275
            ],
            [
              10.7152407,
              36.5362631
            ],
            [
              10.7154083,
              36.5355896
            ],
            [
              10.7159253,
              36.5348488
            ],
            [
              10.7163164,
              36.5346467
            ],
            [
              10.716987,
              36.5350508
            ],
            [
              10.7168892,
              36.5353988
            ],
            [
              10.7167495,
              36.5360835
            ],
            [
              10.7171966,
              36.5364427
            ],
            [
              10.7176437,
              36.5363642
            ],
            [
              10.7181187,
              36.5361397
            ],
            [
              10.718887,
              36.5356345
            ],
            [
              10.7193062,
              36.5355672
            ],
            [
              10.7201304,
              36.5351855
            ],
            [
              10.7209407,
              36.5344895
            ],
            [
              10.721793,
              36.5339956
            ],
            [
              10.7229525,
              36.5328057
            ],
            [
              10.7236231,
              36.532424
            ],
            [
              10.7243775,
              36.5323903
            ],
            [
              10.7251878,
              36.5316382
            ],
            [
              10.7257327,
              36.5309759
            ],
            [
              10.7266129,
              36.5299094
            ],
            [
              10.7267665,
              36.5293032
            ],
            [
              10.7268224,
              36.528551
            ],
            [
              10.727018,
              36.5279111
            ],
            [
              10.7272415,
              36.5276193
            ],
            [
              10.7282754,
              36.527361
            ],
            [
              10.7291695,
              36.5270804
            ],
            [
              10.7297842,
              36.5266538
            ],
            [
              10.7302592,
              36.5258118
            ],
            [
              10.7302872,
              36.525576
            ],
            [
              10.731335,
              36.5256097
            ],
            [
              10.7320055,
              36.5252841
            ],
            [
              10.7325504,
              36.5248687
            ],
            [
              10.7328578,
              36.5243523
            ],
            [
              10.7329556,
              36.5235664
            ],
            [
              10.7331232,
              36.5230836
            ],
            [
              10.7343107,
              36.5222865
            ],
            [
              10.7348835,
              36.5219834
            ],
            [
              10.7356798,
              36.5216353
            ],
            [
              10.7359034,
              36.521029
            ],
            [
              10.7362666,
              36.520434
            ],
            [
              10.7367696,
              36.5197154
            ],
            [
              10.7377755,
              36.5189856
            ],
            [
              10.7390747,
              36.5186937
            ],
            [
              10.7401644,
              36.5182895
            ],
            [
              10.7411843,
              36.5174362
            ],
            [
              10.7424277,
              36.516145
            ],
            [
              10.7443696,
              36.5142249
            ],
            [
              10.7465491,
              36.5115525
            ],
            [
              10.7485608,
              36.5097784
            ],
            [
              10.7502792,
              36.5094303
            ],
            [
              10.7523888,
              36.5080603
            ],
            [
              10.7546102,
              36.5073641
            ],
            [
              10.7568036,
              36.5066903
            ],
            [
              10.758983,
              36.5055
            ],
            [
              10.7605477,
              36.504085
            ],
            [
              10.7622382,
              36.5022995
            ],
            [
              10.7633,
              36.5010641
            ],
            [
              10.7645713,
              36.4995817
            ],
            [
              10.7648228,
              36.4988293
            ],
            [
              10.7645713,
              36.4980656
            ],
            [
              10.7638029,
              36.495797
            ],
            [
              10.7633978,
              36.4941347
            ],
            [
              10.7632161,
              36.4936293
            ],
            [
              10.7633419,
              36.4931913
            ],
            [
              10.7640125,
              36.4925736
            ],
            [
              10.7637889,
              36.4921131
            ],
            [
              10.7633139,
              36.4917087
            ],
            [
              10.7613371,
              36.4905182
            ],
            [
              10.7603591,
              36.4899566
            ],
            [
              10.7598981,
              36.4896196
            ],
            [
              10.7592834,
              36.4886087
            ],
            [
              10.7591926,
              36.4877888
            ],
            [
              10.759465,
              36.4870587
            ],
            [
              10.759444,
              36.4852896
            ],
            [
              10.7590808,
              36.4826611
            ],
            [
              10.7589132,
              36.48174
            ],
            [
              10.7571249,
              36.4787969
            ],
            [
              10.7553064,
              36.47484
            ],
            [
              10.7563146,
              36.4739888
            ],
            [
              10.757291,
              36.4727169
            ],
            [
              10.758102,
              36.4717498
            ],
            [
              10.7624897,
              36.4734945
            ],
            [
              10.762825,
              36.4718093
            ],
            [
              10.7629647,
              36.4707532
            ],
            [
              10.7639508,
              36.4695924
            ],
            [
              10.7655766,
              36.4677574
            ],
            [
              10.7669178,
              36.4659597
            ],
            [
              10.7675605,
              36.4651957
            ],
            [
              10.7676443,
              36.463825
            ],
            [
              10.7680148,
              36.4624914
            ]
          ]
        ]
      }
    },
    {
      "type": "Feature",
      "properties": {
        "name": "Somaa",
        "name_ar": "صمعة",
        "osm_id": 7103011,
        "admin_level": "6"
      },
      "geometry": {
        "type": "Polygon",
        "coordinates": [
          [
            [
              10.747808,
              36.5709859
            ],
            [
              10.7467366,
              36.5695087
            ],
            [
              10.7449216,
              36.5691882
            ],
            [
              10.7446642,
              36.5686712
            ],
            [
              10.7438274,
              36.5686506
            ],
            [
              10.7435185,
              36.5685058
            ],
            [
              10.7433254,
              36.5683301
            ],
            [
              10.743068,
              36.5681957
            ],
            [
              10.7427719,
              36.5681388
            ],
            [
              10.7426367,
              36.5679269
            ],
            [
              10.7425016,
              36.5677046
            ],
            [
              10.7422055,
              36.5676271
            ],
            [
              10.7417099,
              36.5675547
            ],
            [
              10.7413688,
              36.5673066
            ],
            [
              10.7413495,
              36.5669809
            ],
            [
              10.7409633,
              36.5668361
            ],
            [
              10.740442,
              36.5668206
            ],
            [
              10.7401845,
              36.5664795
            ],
            [
              10.7399271,
              36.5664433
            ],
            [
              10.7395795,
              36.5665673
            ],
            [
              10.7392835,
              36.566557
            ],
            [
              10.7386334,
              36.5662623
            ],
            [
              10.7382794,
              36.5661641
            ],
            [
              10.7381636,
              36.5664381
            ],
            [
              10.7381185,
              36.5665518
            ],
            [
              10.7379254,
              36.566588
            ],
            [
              10.737462,
              36.566557
            ],
            [
              10.7372046,
              36.5665725
            ],
            [
              10.7368313,
              36.5665828
            ],
            [
              10.7363099,
              36.5665105
            ],
            [
              10.7359752,
              36.5664174
            ],
            [
              10.7356599,
              36.5663244
            ],
            [
              10.7352994,
              36.5663451
            ],
            [
              10.7348875,
              36.5661951
            ],
            [
              10.734733,
              36.5660659
            ],
            [
              10.7342246,
              36.5661279
            ],
            [
              10.7336775,
              36.566221
            ],
            [
              10.7330274,
              36.5662417
            ],
            [
              10.7324031,
              36.5660246
            ],
            [
              10.731959,
              36.5658074
            ],
            [
              10.7310129,
              36.5657454
            ],
            [
              10.7305109,
              36.5655955
            ],
            [
              10.7297321,
              36.5655593
            ],
            [
              10.7294232,
              36.5654094
            ],
            [
              10.7288117,
              36.565549
            ],
            [
              10.7281037,
              36.5654042
            ],
            [
              10.7277497,
              36.5657971
            ],
            [
              10.7273314,
              36.5658902
            ],
            [
              10.7267135,
              36.5657196
            ],
            [
              10.7264303,
              36.5657816
            ],
            [
              10.7262115,
              36.5656575
            ],
            [
              10.7259476,
              36.5656162
            ],
            [
              10.7257609,
              36.5655335
            ],
            [
              10.7251044,
              36.5655645
            ],
            [
              10.7246282,
              36.5653991
            ],
            [
              10.7241776,
              36.5652285
            ],
            [
              10.7237464,
              36.5650682
            ],
            [
              10.7228968,
              36.5649545
            ],
            [
              10.7222918,
              36.5646598
            ],
            [
              10.7220472,
              36.5644841
            ],
            [
              10.721822,
              36.5641119
            ],
            [
              10.7213006,
              36.5634915
            ],
            [
              10.7209659,
              36.5630573
            ],
            [
              10.7205916,
              36.562594
            ],
            [
              10.7210046,
              36.5624473
            ],
            [
              10.7227166,
              36.5619406
            ],
            [
              10.7232572,
              36.5617235
            ],
            [
              10.7244415,
              36.5611135
            ],
            [
              10.7250594,
              36.5603277
            ],
            [
              10.7263853,
              36.5592213
            ],
            [
              10.7290499,
              36.5578772
            ],
            [
              10.7326928,
              36.5560573
            ],
            [
              10.7334007,
              36.5552715
            ],
            [
              10.7347137,
              36.5535757
            ],
            [
              10.7352286,
              36.5531724
            ],
            [
              10.738923,
              36.550825
            ],
            [
              10.7442522,
              36.5476503
            ],
            [
              10.7470456,
              36.5458716
            ],
            [
              10.7495814,
              36.5427381
            ],
            [
              10.7518985,
              36.539925
            ],
            [
              10.7527094,
              36.5391907
            ],
            [
              10.7553827,
              36.5379212
            ],
            [
              10.7590127,
              36.5361422
            ],
            [
              10.7573264,
              36.5349632
            ],
            [
              10.7614971,
              36.5311569
            ],
            [
              10.7634795,
              36.5290261
            ],
            [
              10.7639429,
              36.5263884
            ],
            [
              10.7670601,
              36.5227803
            ],
            [
              10.7683892,
              36.5217122
            ],
            [
              10.7693081,
              36.5212014
            ],
            [
              10.7701055,
              36.5207231
            ],
            [
              10.771163,
              36.5201611
            ],
            [
              10.772157,
              36.5198639
            ],
            [
              10.7728735,
              36.5197803
            ],
            [
              10.7736363,
              36.5196317
            ],
            [
              10.7742951,
              36.5193995
            ],
            [
              10.7759016,
              36.5184335
            ],
            [
              10.7767568,
              36.5191116
            ],
            [
              10.7780282,
              36.5202633
            ],
            [
              10.7788025,
              36.5209692
            ],
            [
              10.7794151,
              36.5210249
            ],
            [
              10.779808,
              36.5212293
            ],
            [
              10.780906,
              36.5217029
            ],
            [
              10.7820386,
              36.5222323
            ],
            [
              10.7824894,
              36.521768
            ],
            [
              10.783333,
              36.5209599
            ],
            [
              10.7841999,
              36.5204769
            ],
            [
              10.7846506,
              36.519771
            ],
            [
              10.7850262,
              36.5189165
            ],
            [
              10.7850956,
              36.5184521
            ],
            [
              10.7853787,
              36.5185635
            ],
            [
              10.786338,
              36.519158
            ],
            [
              10.7868118,
              36.5196131
            ],
            [
              10.7872626,
              36.5201379
            ],
            [
              10.7881467,
              36.520881
            ],
            [
              10.7886899,
              36.5214568
            ],
            [
              10.789158,
              36.5218051
            ],
            [
              10.7907761,
              36.5225017
            ],
            [
              10.7915157,
              36.5226782
            ],
            [
              10.7928564,
              36.5222974
            ],
            [
              10.7937001,
              36.5219073
            ],
            [
              10.7947865,
              36.521285
            ],
            [
              10.7954453,
              36.5210899
            ],
            [
              10.7964045,
              36.5212943
            ],
            [
              10.7970287,
              36.5215358
            ],
            [
              10.7975256,
              36.5214243
            ],
            [
              10.7979417,
              36.5211085
            ],
            [
              10.7988201,
              36.5207184
            ],
            [
              10.7998256,
              36.5206905
            ],
            [
              10.8007617,
              36.5205977
            ],
            [
              10.80112,
              36.5201704
            ],
            [
              10.8016533,
              36.5196931
            ],
            [
              10.8024507,
              36.5194702
            ],
            [
              10.8030286,
              36.5192937
            ],
            [
              10.8034331,
              36.5188293
            ],
            [
              10.8041555,
              36.5181512
            ],
            [
              10.8050858,
              36.5177704
            ],
            [
              10.8059526,
              36.5174175
            ],
            [
              10.8072702,
              36.5170366
            ],
            [
              10.8077556,
              36.5168694
            ],
            [
              10.8088709,
              36.5166697
            ],
            [
              10.8103676,
              36.5163539
            ],
            [
              10.8110957,
              36.5161728
            ],
            [
              10.8118007,
              36.5159731
            ],
            [
              10.8124537,
              36.5157084
            ],
            [
              10.8129738,
              36.5152764
            ],
            [
              10.8135286,
              36.5148724
            ],
            [
              10.8142162,
              36.5142733
            ],
            [
              10.8144185,
              36.5143661
            ],
            [
              10.8149848,
              36.5146216
            ],
            [
              10.8154529,
              36.5149792
            ],
            [
              10.8161174,
              36.5151
            ],
            [
              10.8170883,
              36.5147748
            ],
            [
              10.8175737,
              36.5145844
            ],
            [
              10.8180764,
              36.5144358
            ],
            [
              10.8189201,
              36.5148863
            ],
            [
              10.8192206,
              36.5152346
            ],
            [
              10.8201291,
              36.5159151
            ],
            [
              10.8198663,
              36.5163471
            ],
            [
              10.8196632,
              36.5173551
            ],
            [
              10.8190182,
              36.5180848
            ],
            [
              10.8172263,
              36.5193808
            ],
            [
              10.814885,
              36.5200624
            ],
            [
              10.8153927,
              36.5218288
            ],
            [
              10.8141563,
              36.5227216
            ],
            [
              10.8136904,
              36.5236479
            ],
            [
              10.8148133,
              36.5248863
            ],
            [
              10.8101999,
              36.5278941
            ],
            [
              10.8041554,
              36.5318201
            ],
            [
              10.8064848,
              36.5347764
            ],
            [
              10.806234,
              36.5365424
            ],
            [
              10.8059831,
              36.5432416
            ],
            [
              10.8069149,
              36.5471859
            ],
            [
              10.8071538,
              36.5473778
            ],
            [
              10.8062101,
              36.5484718
            ],
            [
              10.8050633,
              36.5500265
            ],
            [
              10.8059473,
              36.5505926
            ],
            [
              10.8036059,
              36.5529053
            ],
            [
              10.8043525,
              36.5533659
            ],
            [
              10.8039763,
              36.5536826
            ],
            [
              10.8044959,
              36.5540376
            ],
            [
              10.804042,
              36.5543255
            ],
            [
              10.8041793,
              36.5546086
            ],
            [
              10.8042988,
              36.5547141
            ],
            [
              10.8043944,
              36.5548773
            ],
            [
              10.8039309,
              36.555277
            ],
            [
              10.8041817,
              36.5555744
            ],
            [
              10.8046237,
              36.5559871
            ],
            [
              10.806977,
              36.5579157
            ],
            [
              10.8090675,
              36.5587889
            ],
            [
              10.8126602,
              36.5606016
            ],
            [
              10.816865,
              36.5625878
            ],
            [
              10.8154435,
              36.5635184
            ],
            [
              10.8172951,
              36.5645739
            ],
            [
              10.8181552,
              36.5654374
            ],
            [
              10.8186808,
              36.5654182
            ],
            [
              10.8193856,
              36.5656868
            ],
            [
              10.8201501,
              36.566368
            ],
            [
              10.8207235,
              36.5660994
            ],
            [
              10.8217271,
              36.5673251
            ],
            [
              10.820477,
              36.5673432
            ],
            [
              10.8196198,
              36.5681177
            ],
            [
              10.8183609,
              36.5688707
            ],
            [
              10.8165126,
              36.5689567
            ],
            [
              10.8140214,
              36.5691934
            ],
            [
              10.8131107,
              36.5696882
            ],
            [
              10.8124946,
              36.5711511
            ],
            [
              10.8124142,
              36.5722482
            ],
            [
              10.8112088,
              36.5728076
            ],
            [
              10.8104588,
              36.5740338
            ],
            [
              10.8091998,
              36.5749157
            ],
            [
              10.8079676,
              36.5761311
            ],
            [
              10.8067611,
              36.5769536
            ],
            [
              10.805664,
              36.5777014
            ],
            [
              10.7982709,
              36.5882239
            ],
            [
              10.7954315,
              36.5905683
            ],
            [
              10.79511,
              36.5903532
            ],
            [
              10.79361,
              36.5889552
            ],
            [
              10.7917349,
              36.5869549
            ],
            [
              10.7906099,
              36.5852558
            ],
            [
              10.7908777,
              36.5847503
            ],
            [
              10.7916813,
              36.5833414
            ],
            [
              10.7930207,
              36.5815131
            ],
            [
              10.7941859,
              36.5800827
            ],
            [
              10.796369,
              36.5785877
            ],
            [
              10.7955654,
              36.5780822
            ],
            [
              10.7936635,
              36.5781521
            ],
            [
              10.7928733,
              36.5782381
            ],
            [
              10.7922037,
              36.5784264
            ],
            [
              10.7913833,
              36.57887
            ],
            [
              10.7907337,
              36.5790905
            ],
            [
              10.790131,
              36.5787894
            ],
            [
              10.7892069,
              36.5786388
            ],
            [
              10.7881622,
              36.5788001
            ],
            [
              10.7876935,
              36.5787033
            ],
            [
              10.7868095,
              36.5785205
            ],
            [
              10.7857246,
              36.5785742
            ],
            [
              10.7849746,
              36.5787248
            ],
            [
              10.7834076,
              36.5793701
            ],
            [
              10.7824567,
              36.5801875
            ],
            [
              10.7814655,
              36.5812308
            ],
            [
              10.7807155,
              36.5816072
            ],
            [
              10.7796039,
              36.5822848
            ],
            [
              10.7795771,
              36.5828548
            ],
            [
              10.7791887,
              36.5840486
            ],
            [
              10.7788711,
              36.5841518
            ],
            [
              10.7786262,
              36.5842314
            ],
            [
              10.7774341,
              36.5846293
            ],
            [
              10.7759475,
              36.5847799
            ],
            [
              10.7751707,
              36.5846508
            ],
            [
              10.7741796,
              36.5842206
            ],
            [
              10.7730947,
              36.5837797
            ],
            [
              10.772184,
              36.5833495
            ],
            [
              10.7713268,
              36.5831344
            ],
            [
              10.7702553,
              36.5830806
            ],
            [
              10.7687553,
              36.5837474
            ],
            [
              10.7674963,
              36.5844465
            ],
            [
              10.7668668,
              36.5843927
            ],
            [
              10.7652328,
              36.5844572
            ],
            [
              10.7638533,
              36.5844465
            ],
            [
              10.7629425,
              36.5841238
            ],
            [
              10.7621724,
              36.5838335
            ],
            [
              10.7619849,
              36.583855
            ],
            [
              10.7611679,
              36.5839303
            ],
            [
              10.7607862,
              36.5837367
            ],
            [
              10.7605518,
              36.5838872
            ],
            [
              10.7602103,
              36.5839249
            ],
            [
              10.7600027,
              36.5838173
            ],
            [
              10.7598755,
              36.5835861
            ],
            [
              10.7594603,
              36.58357
            ],
            [
              10.7590585,
              36.5832204
            ],
            [
              10.7586768,
              36.583172
            ],
            [
              10.7583821,
              36.5828655
            ],
            [
              10.7578865,
              36.582559
            ],
            [
              10.7577124,
              36.5821934
            ],
            [
              10.7573776,
              36.581946
            ],
            [
              10.7574178,
              36.5816126
            ],
            [
              10.7570428,
              36.5812899
            ],
            [
              10.7568151,
              36.5807952
            ],
            [
              10.7570026,
              36.5804188
            ],
            [
              10.7566678,
              36.5797304
            ],
            [
              10.7568419,
              36.5791819
            ],
            [
              10.7567481,
              36.578827
            ],
            [
              10.7567481,
              36.5777622
            ],
            [
              10.7559847,
              36.5771276
            ],
            [
              10.7549534,
              36.5763962
            ],
            [
              10.7539087,
              36.5758154
            ],
            [
              10.7529712,
              36.5748582
            ],
            [
              10.7517926,
              36.5738256
            ],
            [
              10.7502255,
              36.5732179
            ],
            [
              10.749201,
              36.5723574
            ],
            [
              10.7494286,
              36.5720777
            ],
            [
              10.7490335,
              36.5718303
            ],
            [
              10.7486786,
              36.5714969
            ],
            [
              10.747808,
              36.5709859
            ]
          ]
        ]
      }
    },
    {
      "type": "Feature",
      "properties": {
        "name": "Al Hadaek",
        "name_ar": "الحدائق",
        "osm_id": 7103331,
        "admin_level": "6"
      },
      "geometry": {
        "type": "Polygon",
        "coordinates": [
          [
            [
              10.7525774,
              36.4442899
            ],
            [
              10.7468791,
              36.4527805
            ],
            [
              10.7461296,
              36.4538188
            ],
            [
              10.7456417,
              36.4544989
            ],
            [
              10.7451132,
              36.4552641
            ],
            [
              10.7447483,
              36.455763
            ],
            [
              10.7446247,
              36.4559563
            ],
            [
              10.7441796,
              36.4563696
            ],
            [
              10.7438977,
              36.4568072
            ],
            [
              10.7430592,
              36.4581137
            ],
            [
              10.741077,
              36.4572634
            ],
            [
              10.738109,
              36.4564816
            ],
            [
              10.738497,
              36.4555703
            ],
            [
              10.7386267,
              36.4554108
            ],
            [
              10.739072,
              36.4551745
            ],
            [
              10.7394601,
              36.4548623
            ],
            [
              10.740003,
              36.4544256
            ],
            [
              10.7367591,
              36.4532903
            ],
            [
              10.7338482,
              36.4522466
            ],
            [
              10.7345281,
              36.4511489
            ],
            [
              10.7335054,
              36.4507899
            ],
            [
              10.7345622,
              36.4486207
            ],
            [
              10.7355507,
              36.4468033
            ],
            [
              10.7362849,
              36.4455476
            ],
            [
              10.735084,
              36.4451309
            ],
            [
              10.7368947,
              36.4416574
            ],
            [
              10.7370449,
              36.4416336
            ],
            [
              10.737167,
              36.4415894
            ],
            [
              10.737285,
              36.4415257
            ],
            [
              10.737348,
              36.4414556
            ],
            [
              10.737407,
              36.4413456
            ],
            [
              10.7374379,
              36.4412927
            ],
            [
              10.7374902,
              36.4412765
            ],
            [
              10.7375358,
              36.4412819
            ],
            [
              10.7378228,
              36.4414222
            ],
            [
              10.7380038,
              36.4414707
            ],
            [
              10.7382184,
              36.441515
            ],
            [
              10.7383954,
              36.4415387
            ],
            [
              10.7386744,
              36.4415225
            ],
            [
              10.738842,
              36.4414815
            ],
            [
              10.7389158,
              36.4414459
            ],
            [
              10.739015,
              36.4413801
            ],
            [
              10.7391156,
              36.4413466
            ],
            [
              10.7393127,
              36.4413164
            ],
            [
              10.7394173,
              36.4413251
            ],
            [
              10.7394831,
              36.4413413
            ],
            [
              10.7396091,
              36.4413941
            ],
            [
              10.7399149,
              36.4415538
            ],
            [
              10.7402649,
              36.4416563
            ],
            [
              10.7406914,
              36.4417102
            ],
            [
              10.7414223,
              36.4417394
            ],
            [
              10.7417013,
              36.4417307
            ],
            [
              10.7420178,
              36.441734
            ],
            [
              10.7422228,
              36.4415449
            ],
            [
              10.742589,
              36.4415838
            ],
            [
              10.7427829,
              36.4417225
            ],
            [
              10.7435853,
              36.4419391
            ],
            [
              10.7441556,
              36.441764
            ],
            [
              10.7450231,
              36.4420474
            ],
            [
              10.745847,
              36.4422293
            ],
            [
              10.7466441,
              36.4422033
            ],
            [
              10.746741,
              36.4420387
            ],
            [
              10.7483579,
              36.4420365
            ],
            [
              10.7494336,
              36.4424373
            ],
            [
              10.7499911,
              36.442645
            ],
            [
              10.7504463,
              36.4429237
            ],
            [
              10.7507494,
              36.4431855
            ],
            [
              10.7509352,
              36.4432023
            ],
            [
              10.7513143,
              36.4434183
            ],
            [
              10.7514886,
              36.4436984
            ],
            [
              10.7524658,
              36.4442313
            ],
            [
              10.752523,
              36.4442401
            ],
            [
              10.7525774,
              36.4442899
            ]
          ]
        ]
      }
    },
    {
      "type": "Feature",
      "properties": {
        "name": "El Fehri",
        "name_ar": "الفهري",
        "osm_id": 7103336,
        "admin_level": "6"
      },
      "geometry": {
        "type": "Polygon",
        "coordinates": [
          [
            [
              10.7525774,
              36.4442899
            ],
            [
              10.7527503,
              36.444443
            ],
            [
              10.7533381,
              36.4449027
            ],
            [
              10.7542736,
              36.4454678
            ],
            [
              10.7547448,
              36.4456325
            ],
            [
              10.7549639,
              36.4457593
            ],
            [
              10.7557064,
              36.4461162
            ],
            [
              10.7560493,
              36.4462797
            ],
            [
              10.7561933,
              36.4463665
            ],
            [
              10.7564065,
              36.4463665
            ],
            [
              10.7565113,
              36.4463754
            ],
            [
              10.7566552,
              36.4465094
            ],
            [
              10.7568294,
              36.4466013
            ],
            [
              10.7570016,
              36.4466647
            ],
            [
              10.7571613,
              36.4467001
            ],
            [
              10.7573599,
              36.4466914
            ],
            [
              10.757521,
              36.4466364
            ],
            [
              10.7576201,
              36.4465589
            ],
            [
              10.7577146,
              36.4464498
            ],
            [
              10.7578424,
              36.4465173
            ],
            [
              10.7577759,
              36.4466081
            ],
            [
              10.7577347,
              36.4467183
            ],
            [
              10.7577267,
              36.4468498
            ],
            [
              10.7577654,
              36.4469706
            ],
            [
              10.7578226,
              36.4470565
            ],
            [
              10.7579151,
              36.4471507
            ],
            [
              10.7580062,
              36.4472126
            ],
            [
              10.7581479,
              36.4472629
            ],
            [
              10.7582919,
              36.4472936
            ],
            [
              10.7584288,
              36.4472948
            ],
            [
              10.7585897,
              36.4472637
            ],
            [
              10.7587184,
              36.4472172
            ],
            [
              10.758814,
              36.4471361
            ],
            [
              10.7588863,
              36.4470567
            ],
            [
              10.7589855,
              36.4471141
            ],
            [
              10.7589381,
              36.4471978
            ],
            [
              10.7589019,
              36.4473011
            ],
            [
              10.7588954,
              36.4474038
            ],
            [
              10.758915,
              36.4475077
            ],
            [
              10.7589708,
              36.4476059
            ],
            [
              10.7590584,
              36.4476957
            ],
            [
              10.7591636,
              36.4477656
            ],
            [
              10.7592986,
              36.4478114
            ],
            [
              10.7594419,
              36.447831
            ],
            [
              10.7595881,
              36.4478351
            ],
            [
              10.759745,
              36.4478103
            ],
            [
              10.7598554,
              36.4477455
            ],
            [
              10.7599355,
              36.447686
            ],
            [
              10.7599649,
              36.4476507
            ],
            [
              10.7602995,
              36.4478418
            ],
            [
              10.7602841,
              36.4479201
            ],
            [
              10.7603219,
              36.4480293
            ],
            [
              10.7604263,
              36.4481501
            ],
            [
              10.7605564,
              36.4482334
            ],
            [
              10.7606785,
              36.448289
            ],
            [
              10.7608938,
              36.4483589
            ],
            [
              10.7611984,
              36.4484554
            ],
            [
              10.761722,
              36.4485799
            ],
            [
              10.7625388,
              36.4487451
            ],
            [
              10.7634473,
              36.449057
            ],
            [
              10.7637879,
              36.4490721
            ],
            [
              10.7641554,
              36.4490484
            ],
            [
              10.7646409,
              36.4492598
            ],
            [
              10.7649198,
              36.4495252
            ],
            [
              10.7652041,
              36.4496891
            ],
            [
              10.7658007,
              36.4500526
            ],
            [
              10.7663065,
              36.4502846
            ],
            [
              10.7666396,
              36.4504087
            ],
            [
              10.7670066,
              36.4504658
            ],
            [
              10.7672614,
              36.4504637
            ],
            [
              10.7673955,
              36.4504486
            ],
            [
              10.767757,
              36.4504087
            ],
            [
              10.7682162,
              36.4503191
            ],
            [
              10.7684335,
              36.4503062
            ],
            [
              10.768581,
              36.4502436
            ],
            [
              10.7686642,
              36.4501746
            ],
            [
              10.768921,
              36.4500842
            ],
            [
              10.7691792,
              36.4500171
            ],
            [
              10.7693079,
              36.4498898
            ],
            [
              10.7694232,
              36.4497841
            ],
            [
              10.7696271,
              36.4497388
            ],
            [
              10.7698041,
              36.4498251
            ],
            [
              10.7699034,
              36.4499114
            ],
            [
              10.7699436,
              36.4499804
            ],
            [
              10.7700228,
              36.4501466
            ],
            [
              10.7700712,
              36.4515333
            ],
            [
              10.77063,
              36.4542077
            ],
            [
              10.7709374,
              36.4558483
            ],
            [
              10.7702708,
              36.4580271
            ],
            [
              10.7690972,
              36.4597126
            ],
            [
              10.7684825,
              36.4605666
            ],
            [
              10.7680148,
              36.4624914
            ],
            [
              10.7653064,
              36.4616623
            ],
            [
              10.7638418,
              36.461214
            ],
            [
              10.7606514,
              36.4609876
            ],
            [
              10.7572345,
              36.4603527
            ],
            [
              10.7543685,
              36.4598048
            ],
            [
              10.7526177,
              36.4591599
            ],
            [
              10.7507208,
              36.4584503
            ],
            [
              10.7486171,
              36.4576364
            ],
            [
              10.7467928,
              36.4568394
            ],
            [
              10.7447483,
              36.455763
            ],
            [
              10.7451132,
              36.4552641
            ],
            [
              10.7456417,
              36.4544989
            ],
            [
              10.7461296,
              36.4538188
            ],
            [
              10.7468791,
              36.4527805
            ],
            [
              10.7525774,
              36.4442899
            ]
          ]
        ]
      }
    },
    {
      "type": "Feature",
      "properties": {
        "name": "El Frinine",
        "name_ar": "الفرينين",
        "osm_id": 7103337,
        "admin_level": "6"
      },
      "geometry": {
        "type": "Polygon",
        "coordinates": [
          [
            [
              10.6948606,
              36.5594488
            ],
            [
              10.6943431,
              36.5583549
            ],
            [
              10.6943431,
              36.5570009
            ],
            [
              10.6928165,
              36.5558514
            ],
            [
              10.6917989,
              36.5545996
            ],
            [
              10.6910038,
              36.5535266
            ],
            [
              10.6892546,
              36.5510741
            ],
            [
              10.6875055,
              36.5484937
            ],
            [
              10.6856609,
              36.5465008
            ],
            [
              10.6849613,
              36.5457088
            ],
            [
              10.6839118,
              36.5449168
            ],
            [
              10.681781,
              36.5427194
            ],
            [
              10.6765296,
              36.5381681
            ],
            [
              10.6751621,
              36.5385769
            ],
            [
              10.6737946,
              36.5388452
            ],
            [
              10.6685154,
              36.5350251
            ],
            [
              10.6657485,
              36.5329297
            ],
            [
              10.6633633,
              36.5303104
            ],
            [
              10.6591813,
              36.525736
            ],
            [
              10.6553332,
              36.5220302
            ],
            [
              10.6510398,
              36.5182476
            ],
            [
              10.6485751,
              36.520369
            ],
            [
              10.6507695,
              36.5216213
            ],
            [
              10.6486069,
              36.5251737
            ],
            [
              10.6404063,
              36.5321161
            ],
            [
              10.6375033,
              36.5333649
            ],
            [
              10.6351761,
              36.534183
            ],
            [
              10.633493,
              36.5359475
            ],
            [
              10.6312203,
              36.5391497
            ],
            [
              10.625799,
              36.5416466
            ],
            [
              10.6221629,
              36.544426
            ],
            [
              10.6346774,
              36.5554011
            ],
            [
              10.6419284,
              36.5609062
            ],
            [
              10.6474143,
              36.563716
            ],
            [
              10.6482889,
              36.5642141
            ],
            [
              10.6508092,
              36.5657787
            ],
            [
              10.6517236,
              36.5656062
            ],
            [
              10.6528685,
              36.5661554
            ],
            [
              10.6550072,
              36.5677774
            ],
            [
              10.6567881,
              36.5689779
            ],
            [
              10.6579648,
              36.5689268
            ],
            [
              10.6587758,
              36.5688246
            ],
            [
              10.6591574,
              36.5690417
            ],
            [
              10.6606363,
              36.5710084
            ],
            [
              10.6609384,
              36.5711233
            ],
            [
              10.6619084,
              36.5713788
            ],
            [
              10.6623059,
              36.571813
            ],
            [
              10.6621628,
              36.5720428
            ],
            [
              10.6613041,
              36.5727835
            ],
            [
              10.6611292,
              36.5733071
            ],
            [
              10.6603977,
              36.5738945
            ],
            [
              10.6593959,
              36.575312
            ],
            [
              10.6587599,
              36.5758994
            ],
            [
              10.6574401,
              36.5773935
            ],
            [
              10.6570903,
              36.5792067
            ],
            [
              10.6567722,
              36.5793344
            ],
            [
              10.6554206,
              36.5803049
            ],
            [
              10.6549436,
              36.5809689
            ],
            [
              10.654562,
              36.5817861
            ],
            [
              10.6533057,
              36.5824373
            ],
            [
              10.6525902,
              36.5833056
            ],
            [
              10.651652,
              36.5841355
            ],
            [
              10.6508728,
              36.5851059
            ],
            [
              10.6500142,
              36.5863444
            ],
            [
              10.6483286,
              36.5866636
            ],
            [
              10.6474223,
              36.5875446
            ],
            [
              10.6462615,
              36.5894981
            ],
            [
              10.6458716,
              36.5907628
            ],
            [
              10.6466127,
              36.590456
            ],
            [
              10.6475392,
              36.5906605
            ],
            [
              10.6480256,
              36.5904467
            ],
            [
              10.648512,
              36.5901863
            ],
            [
              10.6497396,
              36.589833
            ],
            [
              10.6509672,
              36.5899074
            ],
            [
              10.6521253,
              36.5901119
            ],
            [
              10.6529592,
              36.589926
            ],
            [
              10.6534919,
              36.5900561
            ],
            [
              10.6542794,
              36.5908744
            ],
            [
              10.6550206,
              36.5916369
            ],
            [
              10.6555765,
              36.5913393
            ],
            [
              10.6569199,
              36.5913951
            ],
            [
              10.6578811,
              36.5918694
            ],
            [
              10.6582865,
              36.5916555
            ],
            [
              10.6591435,
              36.59133
            ],
            [
              10.6600236,
              36.5910325
            ],
            [
              10.6608227,
              36.5901398
            ],
            [
              10.6613323,
              36.5896005
            ],
            [
              10.662143,
              36.5895912
            ],
            [
              10.6631042,
              36.5900096
            ],
            [
              10.6637411,
              36.5896284
            ],
            [
              10.6644013,
              36.5891449
            ],
            [
              10.6648182,
              36.5888287
            ],
            [
              10.664934,
              36.588838
            ],
            [
              10.6660805,
              36.5891356
            ],
            [
              10.6669259,
              36.5894889
            ],
            [
              10.6677134,
              36.5894796
            ],
            [
              10.6689179,
              36.5894052
            ],
            [
              10.6696475,
              36.5890054
            ],
            [
              10.6707593,
              36.5886427
            ],
            [
              10.6719058,
              36.5889682
            ],
            [
              10.6724617,
              36.5889403
            ],
            [
              10.6729249,
              36.5889775
            ],
            [
              10.6737703,
              36.5888008
            ],
            [
              10.6743494,
              36.5890891
            ],
            [
              10.6747316,
              36.5889217
            ],
            [
              10.6749748,
              36.5887171
            ],
            [
              10.6757044,
              36.5885032
            ],
            [
              10.6762255,
              36.5885125
            ],
            [
              10.6765035,
              36.5875826
            ],
            [
              10.6772215,
              36.5873223
            ],
            [
              10.6776384,
              36.5868945
            ],
            [
              10.678148,
              36.5866899
            ],
            [
              10.678866,
              36.5870433
            ],
            [
              10.6803715,
              36.5864482
            ],
            [
              10.6815065,
              36.585853
            ],
            [
              10.6822477,
              36.5852579
            ],
            [
              10.6845407,
              36.5850719
            ],
            [
              10.6857683,
              36.5849975
            ],
            [
              10.6862103,
              36.5836812
            ],
            [
              10.6858241,
              36.5813451
            ],
            [
              10.6857984,
              36.5799186
            ],
            [
              10.6858756,
              36.5790297
            ],
            [
              10.6896086,
              36.577355
            ],
            [
              10.6934189,
              36.5752669
            ],
            [
              10.6968944,
              36.5735715
            ],
            [
              10.6959934,
              36.5722483
            ],
            [
              10.6961221,
              36.5712868
            ],
            [
              10.6960963,
              36.5701496
            ],
            [
              10.6959161,
              36.5699015
            ],
            [
              10.6958003,
              36.5694776
            ],
            [
              10.6960577,
              36.5690538
            ],
            [
              10.6961221,
              36.5687333
            ],
            [
              10.6956587,
              36.566862
            ],
            [
              10.6949893,
              36.563843
            ],
            [
              10.6945517,
              36.5623542
            ],
            [
              10.6942427,
              36.5604207
            ],
            [
              10.6947834,
              36.5599865
            ],
            [
              10.6948606,
              36.5594488
            ]
          ]
        ]
      }
    },
    {
      "type": "Feature",
      "properties": {
        "name": "Sidi Dhaher",
        "name_ar": "سيدي الظاهر",
        "osm_id": 7103683,
        "admin_level": "6"
      },
      "geometry": {
        "type": "Polygon",
        "coordinates": [
          [
            [
              10.5352154,
              36.5557949
            ],
            [
              10.5362902,
              36.5546676
            ],
            [
              10.5390883,
              36.5508258
            ],
            [
              10.5401268,
              36.5494402
            ],
            [
              10.5415542,
              36.5475324
            ],
            [
              10.5422413,
              36.546521
            ],
            [
              10.5442091,
              36.5427781
            ],
            [
              10.5454848,
              36.540535
            ],
            [
              10.5540243,
              36.5447382
            ],
            [
              10.5561894,
              36.5457756
            ],
            [
              10.5565545,
              36.5468155
            ],
            [
              10.5616625,
              36.5496936
            ],
            [
              10.5652231,
              36.5426865
            ],
            [
              10.5689257,
              36.5364962
            ],
            [
              10.5789969,
              36.5408677
            ],
            [
              10.5797854,
              36.5410028
            ],
            [
              10.5797656,
              36.5412779
            ],
            [
              10.5796296,
              36.5416494
            ],
            [
              10.5791797,
              36.5426308
            ],
            [
              10.5787766,
              36.5434257
            ],
            [
              10.5782928,
              36.5451624
            ],
            [
              10.5780687,
              36.546792
            ],
            [
              10.5780885,
              36.5470502
            ],
            [
              10.5783143,
              36.5505356
            ],
            [
              10.5781604,
              36.5516297
            ],
            [
              10.5776183,
              36.5546966
            ],
            [
              10.577515,
              36.5552166
            ],
            [
              10.5770987,
              36.556486
            ],
            [
              10.5770482,
              36.5581839
            ],
            [
              10.5748921,
              36.5591285
            ],
            [
              10.5723137,
              36.5598366
            ],
            [
              10.5700328,
              36.5604827
            ],
            [
              10.5684351,
              36.5612173
            ],
            [
              10.5664076,
              36.5623148
            ],
            [
              10.5638513,
              36.563899
            ],
            [
              10.5618348,
              36.5651911
            ],
            [
              10.5606452,
              36.5659194
            ],
            [
              10.5590659,
              36.5668748
            ],
            [
              10.5586027,
              36.5670639
            ],
            [
              10.558213,
              36.5671484
            ],
            [
              10.5574041,
              36.567246
            ],
            [
              10.5546175,
              36.5672885
            ],
            [
              10.554074,
              36.5673266
            ],
            [
              10.5537021,
              36.5673993
            ],
            [
              10.553099,
              36.5675507
            ],
            [
              10.5526422,
              36.5677465
            ],
            [
              10.5522164,
              36.5679997
            ],
            [
              10.5510309,
              36.568798
            ],
            [
              10.5502658,
              36.569213
            ],
            [
              10.5490402,
              36.5671369
            ],
            [
              10.5487123,
              36.5667209
            ],
            [
              10.5476337,
              36.5660205
            ],
            [
              10.5456151,
              36.56443
            ],
            [
              10.544965,
              36.5638282
            ],
            [
              10.5444361,
              36.5629697
            ],
            [
              10.5415933,
              36.5595534
            ],
            [
              10.5398964,
              36.5580045
            ],
            [
              10.539125,
              36.557739
            ],
            [
              10.5383758,
              36.5575973
            ],
            [
              10.5371747,
              36.557199
            ],
            [
              10.5365797,
              36.5567742
            ],
            [
              10.5352154,
              36.5557949
            ]
          ]
        ]
      }
    },
    {
      "type": "Feature",
      "properties": {
        "name": "Belli",
        "name_ar": "بلّي",
        "osm_id": 7103684,
        "admin_level": "6"
      },
      "geometry": {
        "type": "Polygon",
        "coordinates": [
          [
            [
              10.5680494,
              36.5824911
            ],
            [
              10.5690301,
              36.5810311
            ],
            [
              10.5697574,
              36.5798101
            ],
            [
              10.5713599,
              36.5799921
            ],
            [
              10.5727416,
              36.5789737
            ],
            [
              10.5732204,
              36.5789027
            ],
            [
              10.5741994,
              36.5792262
            ],
            [
              10.575421,
              36.5795092
            ],
            [
              10.5766331,
              36.5793146
            ],
            [
              10.5774705,
              36.5788544
            ],
            [
              10.5781096,
              36.578819
            ],
            [
              10.5796963,
              36.5791553
            ],
            [
              10.5807541,
              36.5788013
            ],
            [
              10.5814593,
              36.578412
            ],
            [
              10.5819662,
              36.5781465
            ],
            [
              10.5829799,
              36.5782704
            ],
            [
              10.583575,
              36.578005
            ],
            [
              10.5839716,
              36.5775979
            ],
            [
              10.5843904,
              36.577828
            ],
            [
              10.5854261,
              36.5785005
            ],
            [
              10.5866162,
              36.5781023
            ],
            [
              10.5899879,
              36.5797304
            ],
            [
              10.5906711,
              36.5769608
            ],
            [
              10.5924782,
              36.5720762
            ],
            [
              10.5957618,
              36.5702001
            ],
            [
              10.5975028,
              36.5691204
            ],
            [
              10.598825,
              36.568147
            ],
            [
              10.6032325,
              36.5643946
            ],
            [
              10.6065823,
              36.5621997
            ],
            [
              10.6101303,
              36.5595091
            ],
            [
              10.6117831,
              36.5583054
            ],
            [
              10.6130393,
              36.5572256
            ],
            [
              10.6136563,
              36.5561458
            ],
            [
              10.6137722,
              36.5560557
            ],
            [
              10.6150447,
              36.5550659
            ],
            [
              10.6161466,
              36.5530301
            ],
            [
              10.6176011,
              36.5507995
            ],
            [
              10.6192098,
              36.5491531
            ],
            [
              10.6215458,
              36.5451696
            ],
            [
              10.6218323,
              36.5447624
            ],
            [
              10.6221629,
              36.544426
            ],
            [
              10.625799,
              36.5416466
            ],
            [
              10.6312203,
              36.5391497
            ],
            [
              10.633493,
              36.5359475
            ],
            [
              10.6351761,
              36.534183
            ],
            [
              10.6375033,
              36.5333649
            ],
            [
              10.6404063,
              36.5321161
            ],
            [
              10.6486069,
              36.5251737
            ],
            [
              10.6507695,
              36.5216213
            ],
            [
              10.6485751,
              36.520369
            ],
            [
              10.6430036,
              36.52442
            ],
            [
              10.6384046,
              36.5262055
            ],
            [
              10.6306914,
              36.5316597
            ],
            [
              10.628069,
              36.5344043
            ],
            [
              10.6276572,
              36.5346641
            ],
            [
              10.6180198,
              36.5407433
            ],
            [
              10.6141191,
              36.5433637
            ],
            [
              10.6120256,
              36.5449571
            ],
            [
              10.6110118,
              36.5454706
            ],
            [
              10.6066924,
              36.5476659
            ],
            [
              10.5974587,
              36.5521096
            ],
            [
              10.5933376,
              36.5540746
            ],
            [
              10.5907813,
              36.5551721
            ],
            [
              10.5863958,
              36.5560042
            ],
            [
              10.5819883,
              36.5569335
            ],
            [
              10.5787377,
              36.5574646
            ],
            [
              10.5770482,
              36.5581839
            ],
            [
              10.5748921,
              36.5591285
            ],
            [
              10.5723137,
              36.5598366
            ],
            [
              10.5700328,
              36.5604827
            ],
            [
              10.5684351,
              36.5612173
            ],
            [
              10.5664076,
              36.5623148
            ],
            [
              10.5638513,
              36.563899
            ],
            [
              10.5618348,
              36.5651911
            ],
            [
              10.5606452,
              36.5659194
            ],
            [
              10.5590659,
              36.5668748
            ],
            [
              10.5586027,
              36.5670639
            ],
            [
              10.558213,
              36.5671484
            ],
            [
              10.5574041,
              36.567246
            ],
            [
              10.5546175,
              36.5672885
            ],
            [
              10.554074,
              36.5673266
            ],
            [
              10.5537021,
              36.5673993
            ],
            [
              10.553099,
              36.5675507
            ],
            [
              10.5526422,
              36.5677465
            ],
            [
              10.5522164,
              36.5679997
            ],
            [
              10.5510309,
              36.568798
            ],
            [
              10.5502658,
              36.569213
            ],
            [
              10.5524468,
              36.5728637
            ],
            [
              10.5519399,
              36.5744743
            ],
            [
              10.5514661,
              36.5768812
            ],
            [
              10.5513559,
              36.5772882
            ],
            [
              10.5553117,
              36.5780846
            ],
            [
              10.5583308,
              36.5790579
            ],
            [
              10.564248,
              36.5811462
            ],
            [
              10.5680494,
              36.5824911
            ]
          ]
        ]
      }
    },
    {
      "type": "Feature",
      "properties": {
        "name": "Turki",
        "name_ar": "تركي",
        "osm_id": 7103807,
        "admin_level": "6"
      },
      "geometry": {
        "type": "Polygon",
        "coordinates": [
          [
            [
              10.5450444,
              36.6046624
            ],
            [
              10.5296767,
              36.5981647
            ],
            [
              10.5291402,
              36.5979063
            ],
            [
              10.5288827,
              36.5953739
            ],
            [
              10.5249963,
              36.5936641
            ],
            [
              10.5247173,
              36.5922514
            ],
            [
              10.522593,
              36.5908386
            ],
            [
              10.5212841,
              36.590718
            ],
            [
              10.5186233,
              36.589891
            ],
            [
              10.5161986,
              36.5891157
            ],
            [
              10.5158124,
              36.5883921
            ],
            [
              10.5154047,
              36.5881165
            ],
            [
              10.5127439,
              36.5871688
            ],
            [
              10.5076657,
              36.5848785
            ],
            [
              10.5082796,
              36.5838842
            ],
            [
              10.5043137,
              36.5821247
            ],
            [
              10.4999552,
              36.5882543
            ],
            [
              10.4963074,
              36.5915795
            ],
            [
              10.4938397,
              36.5917001
            ],
            [
              10.4928527,
              36.5915622
            ],
            [
              10.4917369,
              36.5918551
            ],
            [
              10.4899605,
              36.5887542
            ],
            [
              10.488837,
              36.5870535
            ],
            [
              10.4880132,
              36.5866032
            ],
            [
              10.4872172,
              36.5864161
            ],
            [
              10.4864844,
              36.5862916
            ],
            [
              10.4850343,
              36.5850922
            ],
            [
              10.4850425,
              36.5848963
            ],
            [
              10.4852475,
              36.5844496
            ],
            [
              10.4852612,
              36.5841513
            ],
            [
              10.4852142,
              36.5839392
            ],
            [
              10.4778993,
              36.5759387
            ],
            [
              10.4710329,
              36.571217
            ],
            [
              10.4700887,
              36.5704415
            ],
            [
              10.4691396,
              36.5691615
            ],
            [
              10.47629,
              36.5646682
            ],
            [
              10.4763758,
              36.5482937
            ],
            [
              10.4812253,
              36.5461561
            ],
            [
              10.4834569,
              36.5431566
            ],
            [
              10.4927689,
              36.5409557
            ],
            [
              10.4941572,
              36.5418233
            ],
            [
              10.496978,
              36.5421066
            ],
            [
              10.4988292,
              36.5421243
            ],
            [
              10.4991377,
              36.5425138
            ],
            [
              10.4990496,
              36.5433283
            ],
            [
              10.5009448,
              36.5445322
            ],
            [
              10.5035012,
              36.5461788
            ],
            [
              10.504559,
              36.5459309
            ],
            [
              10.505154,
              36.545205
            ],
            [
              10.5071374,
              36.5441958
            ],
            [
              10.5085478,
              36.5442489
            ],
            [
              10.5099803,
              36.5451696
            ],
            [
              10.5111703,
              36.5468161
            ],
            [
              10.5120738,
              36.5479315
            ],
            [
              10.5142556,
              36.548498
            ],
            [
              10.5154236,
              36.5481793
            ],
            [
              10.5174731,
              36.547365
            ],
            [
              10.5193022,
              36.5465683
            ],
            [
              10.5210652,
              36.546285
            ],
            [
              10.5219247,
              36.5466922
            ],
            [
              10.5230045,
              36.5474889
            ],
            [
              10.5239521,
              36.5479315
            ],
            [
              10.5246133,
              36.5483033
            ],
            [
              10.5253405,
              36.5490114
            ],
            [
              10.5258914,
              36.5496488
            ],
            [
              10.5263542,
              36.5504277
            ],
            [
              10.5269492,
              36.5510651
            ],
            [
              10.5276324,
              36.5516493
            ],
            [
              10.5287563,
              36.5522335
            ],
            [
              10.530321,
              36.552977
            ],
            [
              10.531467,
              36.5532603
            ],
            [
              10.5324587,
              36.5535523
            ],
            [
              10.5328223,
              36.5538267
            ],
            [
              10.5341996,
              36.5543313
            ],
            [
              10.5344641,
              36.5547473
            ],
            [
              10.534409,
              36.5552075
            ],
            [
              10.5352154,
              36.5557949
            ],
            [
              10.5365797,
              36.5567742
            ],
            [
              10.5371747,
              36.557199
            ],
            [
              10.5383758,
              36.5575973
            ],
            [
              10.539125,
              36.557739
            ],
            [
              10.5398964,
              36.5580045
            ],
            [
              10.5415933,
              36.5595534
            ],
            [
              10.5444361,
              36.5629697
            ],
            [
              10.544965,
              36.5638282
            ],
            [
              10.5456151,
              36.56443
            ],
            [
              10.5476337,
              36.5660205
            ],
            [
              10.5487123,
              36.5667209
            ],
            [
              10.5490402,
              36.5671369
            ],
            [
              10.5502658,
              36.569213
            ],
            [
              10.5524468,
              36.5728637
            ],
            [
              10.5519399,
              36.5744743
            ],
            [
              10.5514661,
              36.5768812
            ],
            [
              10.5513559,
              36.5772882
            ],
            [
              10.5485702,
              36.5802466
            ],
            [
              10.5480981,
              36.5835893
            ],
            [
              10.5482912,
              36.589484
            ],
            [
              10.5479049,
              36.5937567
            ],
            [
              10.5464458,
              36.5989594
            ],
            [
              10.5452871,
              36.6013022
            ],
            [
              10.5450444,
              36.6046624
            ]
          ]
        ]
      }
    },
    {
      "type": "Feature",
      "properties": {
        "name": "Jbal Trif",
        "name_ar": "جبل طريف",
        "osm_id": 7104940,
        "admin_level": "6"
      },
      "geometry": {
        "type": "Polygon",
        "coordinates": [
          [
            [
              10.3786752,
              36.5444038
            ],
            [
              10.3787415,
              36.5439911
            ],
            [
              10.3748445,
              36.5418812
            ],
            [
              10.3725486,
              36.5410537
            ],
            [
              10.3711323,
              36.5413468
            ],
            [
              10.3708963,
              36.5421226
            ],
            [
              10.3663687,
              36.5414675
            ],
            [
              10.3638582,
              36.5418985
            ],
            [
              10.3604893,
              36.5408641
            ],
            [
              10.3517775,
              36.5370023
            ],
            [
              10.3498463,
              36.5350713
            ],
            [
              10.3480868,
              36.5339334
            ],
            [
              10.348237,
              36.5323472
            ],
            [
              10.3490739,
              36.5309333
            ],
            [
              10.34969,
              36.52798
            ],
            [
              10.3546099,
              36.5168453
            ],
            [
              10.354567,
              36.5159658
            ],
            [
              10.353065,
              36.5156209
            ],
            [
              10.3517346,
              36.5156209
            ],
            [
              10.3491812,
              36.5150518
            ],
            [
              10.3472714,
              36.5152243
            ],
            [
              10.3449325,
              36.514293
            ],
            [
              10.3442459,
              36.5134825
            ],
            [
              10.3425078,
              36.5054972
            ],
            [
              10.3399973,
              36.4980631
            ],
            [
              10.3402977,
              36.4952169
            ],
            [
              10.3414135,
              36.4938196
            ],
            [
              10.3450613,
              36.4921636
            ],
            [
              10.3476694,
              36.4878535
            ],
            [
              10.3628567,
              36.4871129
            ],
            [
              10.3684357,
              36.487596
            ],
            [
              10.3739288,
              36.4869059
            ],
            [
              10.3782204,
              36.4873199
            ],
            [
              10.3831127,
              36.4855948
            ],
            [
              10.3912686,
              36.4905884
            ],
            [
              10.3968383,
              36.4873146
            ],
            [
              10.3987574,
              36.4866037
            ],
            [
              10.4091194,
              36.4827654
            ],
            [
              10.4152992,
              36.4838695
            ],
            [
              10.4181209,
              36.4865005
            ],
            [
              10.420499,
              36.4872504
            ],
            [
              10.4205215,
              36.4876089
            ],
            [
              10.4212081,
              36.4968897
            ],
            [
              10.4276025,
              36.4997876
            ],
            [
              10.4285467,
              36.5036513
            ],
            [
              10.4310787,
              36.5042377
            ],
            [
              10.4331386,
              36.5063764
            ],
            [
              10.4351127,
              36.5072733
            ],
            [
              10.4385889,
              36.5093429
            ],
            [
              10.4396617,
              36.5121369
            ],
            [
              10.4409063,
              36.5151032
            ],
            [
              10.4417217,
              36.5173451
            ],
            [
              10.4439962,
              36.5189661
            ],
            [
              10.446142,
              36.520794
            ],
            [
              10.4474723,
              36.5212078
            ],
            [
              10.4464424,
              36.5220356
            ],
            [
              10.4438674,
              36.5230012
            ],
            [
              10.4421508,
              36.5219321
            ],
            [
              10.4385459,
              36.5237599
            ],
            [
              10.4356706,
              36.5250704
            ],
            [
              10.433439,
              36.527312
            ],
            [
              10.4306924,
              36.528588
            ],
            [
              10.424341,
              36.5277259
            ],
            [
              10.4219377,
              36.5281742
            ],
            [
              10.4212725,
              36.5279328
            ],
            [
              10.4193413,
              36.5277604
            ],
            [
              10.4188263,
              36.5283983
            ],
            [
              10.4174316,
              36.5285535
            ],
            [
              10.4162085,
              36.529226
            ],
            [
              10.4148567,
              36.5297605
            ],
            [
              10.4140627,
              36.5298467
            ],
            [
              10.4133332,
              36.5304157
            ],
            [
              10.4115307,
              36.5306571
            ],
            [
              10.4097712,
              36.5303812
            ],
            [
              10.4090631,
              36.5301226
            ],
            [
              10.4077756,
              36.5307605
            ],
            [
              10.4066169,
              36.5308467
            ],
            [
              10.4055655,
              36.5307088
            ],
            [
              10.4048789,
              36.5311571
            ],
            [
              10.4038703,
              36.5313812
            ],
            [
              10.4029048,
              36.531933
            ],
            [
              10.4022396,
              36.5322778
            ],
            [
              10.4016817,
              36.5323985
            ],
            [
              10.4008019,
              36.5326744
            ],
            [
              10.3995788,
              36.5330364
            ],
            [
              10.3980768,
              36.5331916
            ],
            [
              10.3965318,
              36.5332089
            ],
            [
              10.3955877,
              36.533502
            ],
            [
              10.3949654,
              36.5334675
            ],
            [
              10.39415,
              36.5336227
            ],
            [
              10.3906739,
              36.5356916
            ],
            [
              10.3889144,
              36.5369847
            ],
            [
              10.387584,
              36.5377088
            ],
            [
              10.3870904,
              36.5384329
            ],
            [
              10.3858888,
              36.5387087
            ],
            [
              10.3847945,
              36.5397259
            ],
            [
              10.3840435,
              36.5402948
            ],
            [
              10.3831208,
              36.5412602
            ],
            [
              10.3824556,
              36.5424842
            ],
            [
              10.3811038,
              36.5432255
            ],
            [
              10.3809965,
              36.5439323
            ],
            [
              10.3802884,
              36.5441802
            ],
            [
              10.3786752,
              36.5444038
            ]
          ]
        ]
      }
    },
    {
      "type": "Feature",
      "properties": {
        "name": "Oued Ezzit",
        "name_ar": "وادي الزيت",
        "osm_id": 7109196,
        "admin_level": "6"
      },
      "geometry": {
        "type": "Polygon",
        "coordinates": [
          [
            [
              10.3355101,
              36.3574513
            ],
            [
              10.3354015,
              36.3613205
            ],
            [
              10.3346558,
              36.3627082
            ],
            [
              10.3339289,
              36.3640798
            ],
            [
              10.3336513,
              36.3646786
            ],
            [
              10.3333885,
              36.3652164
            ],
            [
              10.333367,
              36.3656181
            ],
            [
              10.3334904,
              36.3669151
            ],
            [
              10.3335709,
              36.3675512
            ],
            [
              10.3335923,
              36.3679097
            ],
            [
              10.333603,
              36.3681127
            ],
            [
              10.3335011,
              36.368454
            ],
            [
              10.3333885,
              36.3687175
            ],
            [
              10.3332477,
              36.3688687
            ],
            [
              10.3330063,
              36.3691278
            ],
            [
              10.3327327,
              36.3693308
            ],
            [
              10.3315418,
              36.3699118
            ],
            [
              10.3312467,
              36.3700932
            ],
            [
              10.3310053,
              36.3703524
            ],
            [
              10.3305172,
              36.3708772
            ],
            [
              10.3295301,
              36.3719398
            ],
            [
              10.3279959,
              36.3732118
            ],
            [
              10.3268318,
              36.3741739
            ],
            [
              10.3263329,
              36.3745799
            ],
            [
              10.3259574,
              36.3749643
            ],
            [
              10.3257321,
              36.3753639
            ],
            [
              10.325606,
              36.3768118
            ],
            [
              10.3249784,
              36.3806838
            ],
            [
              10.3164168,
              36.3852314
            ],
            [
              10.3052695,
              36.3897615
            ],
            [
              10.2903699,
              36.395753
            ],
            [
              10.2950879,
              36.4004832
            ],
            [
              10.2980973,
              36.4039741
            ],
            [
              10.2985962,
              36.4064189
            ],
            [
              10.3014198,
              36.410922
            ],
            [
              10.30186,
              36.4119321
            ],
            [
              10.3016612,
              36.4128336
            ],
            [
              10.3019352,
              36.4136313
            ],
            [
              10.3011515,
              36.4156271
            ],
            [
              10.3010291,
              36.4173456
            ],
            [
              10.2968215,
              36.4208802
            ],
            [
              10.2931166,
              36.426773
            ],
            [
              10.2901984,
              36.4325739
            ],
            [
              10.2879238,
              36.4404803
            ],
            [
              10.2871943,
              36.443622
            ],
            [
              10.2843189,
              36.4455552
            ],
            [
              10.2811432,
              36.4469361
            ],
            [
              10.2794451,
              36.4472798
            ],
            [
              10.2793382,
              36.4472941
            ],
            [
              10.2791226,
              36.447323
            ],
            [
              10.2789395,
              36.4491631
            ],
            [
              10.278167,
              36.4510444
            ],
            [
              10.278167,
              36.4515104
            ],
            [
              10.2788751,
              36.4526668
            ],
            [
              10.2804415,
              36.4525287
            ],
            [
              10.2807419,
              36.4528912
            ],
            [
              10.2801531,
              36.4554281
            ],
            [
              10.2811496,
              36.4550486
            ],
            [
              10.2819221,
              36.4567399
            ],
            [
              10.2901511,
              36.4648338
            ],
            [
              10.2990413,
              36.4667671
            ],
            [
              10.302618,
              36.4698726
            ],
            [
              10.3107719,
              36.4715118
            ],
            [
              10.3155784,
              36.4739965
            ],
            [
              10.3243117,
              36.4765674
            ],
            [
              10.3476694,
              36.4878535
            ],
            [
              10.3493646,
              36.4854038
            ],
            [
              10.3508237,
              36.4839201
            ],
            [
              10.3504375,
              36.4827814
            ],
            [
              10.3528193,
              36.477916
            ],
            [
              10.3525189,
              36.4752071
            ],
            [
              10.3512958,
              36.4733091
            ],
            [
              10.3503946,
              36.4720149
            ],
            [
              10.3497294,
              36.4718596
            ],
            [
              10.3491071,
              36.4710486
            ],
            [
              10.3487638,
              36.4693576
            ],
            [
              10.3474119,
              36.4684258
            ],
            [
              10.3455451,
              36.4668727
            ],
            [
              10.3460172,
              36.4637665
            ],
            [
              10.3471759,
              36.4630245
            ],
            [
              10.3483132,
              36.4608156
            ],
            [
              10.3499654,
              36.4592969
            ],
            [
              10.3502873,
              36.4588654
            ],
            [
              10.3503516,
              36.4582441
            ],
            [
              10.3499654,
              36.457433
            ],
            [
              10.350416,
              36.4565528
            ],
            [
              10.3515318,
              36.455034
            ],
            [
              10.3515533,
              36.4532736
            ],
            [
              10.3512099,
              36.452566
            ],
            [
              10.3498873,
              36.4516859
            ],
            [
              10.3500375,
              36.449839
            ],
            [
              10.3495654,
              36.4488034
            ],
            [
              10.3484926,
              36.4481993
            ],
            [
              10.3466043,
              36.4463697
            ],
            [
              10.3449091,
              36.4447126
            ],
            [
              10.3452095,
              36.4426931
            ],
            [
              10.3445444,
              36.4413812
            ],
            [
              10.3454456,
              36.4398276
            ],
            [
              10.3452525,
              36.438999
            ],
            [
              10.3456172,
              36.4381704
            ],
            [
              10.3474626,
              36.4366512
            ],
            [
              10.3474197,
              36.4359262
            ],
            [
              10.345467,
              36.435719
            ],
            [
              10.3455314,
              36.4344933
            ],
            [
              10.3440937,
              36.43401
            ],
            [
              10.3441367,
              36.4331813
            ],
            [
              10.3451023,
              36.4319728
            ],
            [
              10.3446302,
              36.4308161
            ],
            [
              10.3458104,
              36.428261
            ],
            [
              10.345467,
              36.4277775
            ],
            [
              10.3457031,
              36.4260165
            ],
            [
              10.3444156,
              36.4234785
            ],
            [
              10.3468189,
              36.4216137
            ],
            [
              10.3481278,
              36.4191619
            ],
            [
              10.3507027,
              36.4161746
            ],
            [
              10.3546319,
              36.4124285
            ],
            [
              10.3553035,
              36.4027652
            ],
            [
              10.3672895,
              36.3828708
            ],
            [
              10.3669033,
              36.3659098
            ],
            [
              10.3676972,
              36.36413
            ],
            [
              10.3685126,
              36.363819
            ],
            [
              10.3689203,
              36.3627995
            ],
            [
              10.3703794,
              36.3620911
            ],
            [
              10.3719673,
              36.36159
            ],
            [
              10.3734693,
              36.3611062
            ],
            [
              10.3753361,
              36.3591363
            ],
            [
              10.3745637,
              36.3582895
            ],
            [
              10.3737483,
              36.3545223
            ],
            [
              10.3703365,
              36.3521893
            ],
            [
              10.3696284,
              36.35193
            ],
            [
              10.3681049,
              36.3519992
            ],
            [
              10.3667102,
              36.3508759
            ],
            [
              10.3666243,
              36.3501155
            ],
            [
              10.3661737,
              36.3491822
            ],
            [
              10.3705184,
              36.3442707
            ],
            [
              10.369016,
              36.3416684
            ],
            [
              10.3675937,
              36.3393111
            ],
            [
              10.3695532,
              36.3377834
            ],
            [
              10.3719163,
              36.335484
            ],
            [
              10.3730912,
              36.3338619
            ],
            [
              10.3745002,
              36.3322903
            ],
            [
              10.3772499,
              36.3192822
            ],
            [
              10.3730922,
              36.3204518
            ],
            [
              10.3720231,
              36.3207821
            ],
            [
              10.3716327,
              36.3209299
            ],
            [
              10.3713967,
              36.3212757
            ],
            [
              10.3710105,
              36.3217944
            ],
            [
              10.370238,
              36.3220364
            ],
            [
              10.3689774,
              36.3237177
            ],
            [
              10.3692617,
              36.3249754
            ],
            [
              10.3678079,
              36.3278824
            ],
            [
              10.3678052,
              36.3280401
            ],
            [
              10.3677328,
              36.3282454
            ],
            [
              10.3668826,
              36.3292073
            ],
            [
              10.3628676,
              36.3326666
            ],
            [
              10.3548289,
              36.3369075
            ],
            [
              10.349164,
              36.3418855
            ],
            [
              10.348649,
              36.3468631
            ],
            [
              10.3495932,
              36.348263
            ],
            [
              10.3513742,
              36.3494728
            ],
            [
              10.3498292,
              36.3520478
            ],
            [
              10.3488636,
              36.3523589
            ],
            [
              10.3449262,
              36.3528428
            ],
            [
              10.3355101,
              36.3574513
            ]
          ]
        ]
      }
    },
    {
      "type": "Feature",
      "properties": {
        "name": "Oued Erremel",
        "name_ar": "وادي الرمل",
        "osm_id": 7109197,
        "admin_level": "6"
      },
      "geometry": {
        "type": "Polygon",
        "coordinates": [
          [
            [
              10.3355101,
              36.3574513
            ],
            [
              10.3354015,
              36.3613205
            ],
            [
              10.3346558,
              36.3627082
            ],
            [
              10.3339289,
              36.3640798
            ],
            [
              10.3336513,
              36.3646786
            ],
            [
              10.3333885,
              36.3652164
            ],
            [
              10.333367,
              36.3656181
            ],
            [
              10.3334904,
              36.3669151
            ],
            [
              10.3335709,
              36.3675512
            ],
            [
              10.3335923,
              36.3679097
            ],
            [
              10.333603,
              36.3681127
            ],
            [
              10.3335011,
              36.368454
            ],
            [
              10.3333885,
              36.3687175
            ],
            [
              10.3332477,
              36.3688687
            ],
            [
              10.3330063,
              36.3691278
            ],
            [
              10.3327327,
              36.3693308
            ],
            [
              10.3315418,
              36.3699118
            ],
            [
              10.3312467,
              36.3700932
            ],
            [
              10.3310053,
              36.3703524
            ],
            [
              10.3305172,
              36.3708772
            ],
            [
              10.3295301,
              36.3719398
            ],
            [
              10.3279959,
              36.3732118
            ],
            [
              10.3268318,
              36.3741739
            ],
            [
              10.3263329,
              36.3745799
            ],
            [
              10.3259574,
              36.3749643
            ],
            [
              10.3257321,
              36.3753639
            ],
            [
              10.325606,
              36.3768118
            ],
            [
              10.3249784,
              36.3806838
            ],
            [
              10.3164168,
              36.3852314
            ],
            [
              10.3052695,
              36.3897615
            ],
            [
              10.2903699,
              36.395753
            ],
            [
              10.2950879,
              36.4004832
            ],
            [
              10.2980973,
              36.4039741
            ],
            [
              10.2985962,
              36.4064189
            ],
            [
              10.3014198,
              36.410922
            ],
            [
              10.30186,
              36.4119321
            ],
            [
              10.3016612,
              36.4128336
            ],
            [
              10.3019352,
              36.4136313
            ],
            [
              10.3011515,
              36.4156271
            ],
            [
              10.3010291,
              36.4173456
            ],
            [
              10.2968215,
              36.4208802
            ],
            [
              10.2931166,
              36.426773
            ],
            [
              10.2901984,
              36.4325739
            ],
            [
              10.2879238,
              36.4404803
            ],
            [
              10.2871943,
              36.443622
            ],
            [
              10.2843189,
              36.4455552
            ],
            [
              10.2811432,
              36.4469361
            ],
            [
              10.2794451,
              36.4472798
            ],
            [
              10.2793382,
              36.4472941
            ],
            [
              10.2791226,
              36.447323
            ],
            [
              10.279669,
              36.4467121
            ],
            [
              10.2788107,
              36.4464359
            ],
            [
              10.2778666,
              36.4474543
            ],
            [
              10.2762573,
              36.4470918
            ],
            [
              10.2750985,
              36.4480239
            ],
            [
              10.2744977,
              36.4480584
            ],
            [
              10.2713649,
              36.4503885
            ],
            [
              10.2692191,
              36.4551004
            ],
            [
              10.2651851,
              36.4548932
            ],
            [
              10.2630608,
              36.4544618
            ],
            [
              10.2586405,
              36.4525805
            ],
            [
              10.2557223,
              36.4517693
            ],
            [
              10.2545635,
              36.4517693
            ],
            [
              10.2532546,
              36.4510962
            ],
            [
              10.2534477,
              36.4518211
            ],
            [
              10.2527611,
              36.4522008
            ],
            [
              10.2531473,
              36.452615
            ],
            [
              10.2525251,
              36.4535125
            ],
            [
              10.2525894,
              36.4540476
            ],
            [
              10.2525251,
              36.4547034
            ],
            [
              10.2517955,
              36.4558943
            ],
            [
              10.2515595,
              36.4591043
            ],
            [
              10.2499716,
              36.4607438
            ],
            [
              10.2517955,
              36.4635395
            ],
            [
              10.2518057,
              36.465276
            ],
            [
              10.2513893,
              36.4650776
            ],
            [
              10.2509387,
              36.4648705
            ],
            [
              10.2505954,
              36.4645513
            ],
            [
              10.2503272,
              36.4642751
            ],
            [
              10.2498229,
              36.4639559
            ],
            [
              10.2493616,
              36.4638221
            ],
            [
              10.2488359,
              36.4634598
            ],
            [
              10.2484174,
              36.4631491
            ],
            [
              10.247645,
              36.4628126
            ],
            [
              10.2468403,
              36.4625796
            ],
            [
              10.2442654,
              36.4620447
            ],
            [
              10.2424629,
              36.4614924
            ],
            [
              10.2408321,
              36.4609747
            ],
            [
              10.2399309,
              36.4608021
            ],
            [
              10.2397378,
              36.4609316
            ],
            [
              10.2395018,
              36.4613803
            ],
            [
              10.238622,
              36.4615011
            ],
            [
              10.2380856,
              36.4617081
            ],
            [
              10.2376349,
              36.4621741
            ],
            [
              10.2361973,
              36.4629291
            ],
            [
              10.2351673,
              36.4633088
            ],
            [
              10.2340515,
              36.4635849
            ],
            [
              10.2336653,
              36.463697
            ],
            [
              10.2326353,
              36.4640077
            ],
            [
              10.2320989,
              36.4636108
            ],
            [
              10.2316053,
              36.46349
            ],
            [
              10.2313478,
              36.4636798
            ],
            [
              10.2310904,
              36.46349
            ],
            [
              10.2299746,
              36.463093
            ],
            [
              10.2291377,
              36.4629205
            ],
            [
              10.2284511,
              36.4627997
            ],
            [
              10.2276571,
              36.4627479
            ],
            [
              10.2267774,
              36.4627479
            ],
            [
              10.2258332,
              36.4625408
            ],
            [
              10.2249749,
              36.4624718
            ],
            [
              10.2241381,
              36.4622647
            ],
            [
              10.223151,
              36.4622129
            ],
            [
              10.2227219,
              36.4623165
            ],
            [
              10.2222927,
              36.4628514
            ],
            [
              10.2220138,
              36.4629388
            ],
            [
              10.2210804,
              36.462887
            ],
            [
              10.2201148,
              36.4635342
            ],
            [
              10.2199163,
              36.4636356
            ],
            [
              10.2196051,
              36.4635967
            ],
            [
              10.2191062,
              36.4636356
            ],
            [
              10.2188917,
              36.4636054
            ],
            [
              10.2183874,
              36.464054
            ],
            [
              10.2180119,
              36.463916
            ],
            [
              10.2178832,
              36.463614
            ],
            [
              10.2175935,
              36.4634155
            ],
            [
              10.2171214,
              36.4631308
            ],
            [
              10.2168317,
              36.4629151
            ],
            [
              10.2164133,
              36.4627684
            ],
            [
              10.2158769,
              36.462708
            ],
            [
              10.2155872,
              36.4624578
            ],
            [
              10.2157267,
              36.4621558
            ],
            [
              10.2166279,
              36.4614655
            ],
            [
              10.2174218,
              36.4608269
            ],
            [
              10.2174218,
              36.4603437
            ],
            [
              10.2164991,
              36.4593082
            ],
            [
              10.2158983,
              36.4583591
            ],
            [
              10.2157267,
              36.4579276
            ],
            [
              10.2161344,
              36.4575997
            ],
            [
              10.2171429,
              36.4573926
            ],
            [
              10.2181943,
              36.4567454
            ],
            [
              10.2186878,
              36.4557962
            ],
            [
              10.2181085,
              36.4550368
            ],
            [
              10.2178295,
              36.4540703
            ],
            [
              10.2177222,
              36.4534489
            ],
            [
              10.2179797,
              36.4528104
            ],
            [
              10.2177651,
              36.4518438
            ],
            [
              10.2171,
              36.4514814
            ],
            [
              10.2159842,
              36.4514641
            ],
            [
              10.2152761,
              36.4516367
            ],
            [
              10.2140744,
              36.4512397
            ],
            [
              10.2131732,
              36.4507737
            ],
            [
              10.2122291,
              36.4501696
            ],
            [
              10.2120359,
              36.4495828
            ],
            [
              10.2109416,
              36.4490995
            ],
            [
              10.2102335,
              36.4484263
            ],
            [
              10.20974,
              36.447805
            ],
            [
              10.2097614,
              36.4472871
            ],
            [
              10.2102979,
              36.4465622
            ],
            [
              10.2103944,
              36.4460401
            ],
            [
              10.2101584,
              36.4455136
            ],
            [
              10.2103944,
              36.445013
            ],
            [
              10.2106734,
              36.4448059
            ],
            [
              10.2111455,
              36.444465
            ],
            [
              10.2112957,
              36.4442061
            ],
            [
              10.2112957,
              36.4440507
            ],
            [
              10.2111374,
              36.4438964
            ],
            [
              10.2107485,
              36.443644
            ],
            [
              10.2106412,
              36.44348
            ],
            [
              10.2107431,
              36.4431046
            ],
            [
              10.2108129,
              36.442673
            ],
            [
              10.2104266,
              36.4423947
            ],
            [
              10.2104159,
              36.4420538
            ],
            [
              10.2107002,
              36.4417733
            ],
            [
              10.2105822,
              36.4413503
            ],
            [
              10.2105983,
              36.4412597
            ],
            [
              10.2109094,
              36.4410094
            ],
            [
              10.2109845,
              36.4407505
            ],
            [
              10.2103301,
              36.4404743
            ],
            [
              10.2101477,
              36.4401549
            ],
            [
              10.2103086,
              36.4394645
            ],
            [
              10.2107807,
              36.438843
            ],
            [
              10.2111025,
              36.4387049
            ],
            [
              10.2113064,
              36.4386466
            ],
            [
              10.2115531,
              36.4385431
            ],
            [
              10.21158,
              36.438323
            ],
            [
              10.211242,
              36.4380554
            ],
            [
              10.2109952,
              36.437749
            ],
            [
              10.2111884,
              36.4373002
            ],
            [
              10.2117355,
              36.4368945
            ],
            [
              10.211875,
              36.4364197
            ],
            [
              10.2117677,
              36.4362126
            ],
            [
              10.2111884,
              36.4360572
            ],
            [
              10.2108236,
              36.4357292
            ],
            [
              10.2109523,
              36.4348488
            ],
            [
              10.2110167,
              36.4341065
            ],
            [
              10.2109309,
              36.4326995
            ],
            [
              10.2104588,
              36.4314565
            ],
            [
              10.2106519,
              36.4305069
            ],
            [
              10.210609,
              36.4295401
            ],
            [
              10.2089782,
              36.4285906
            ],
            [
              10.2078624,
              36.4280035
            ],
            [
              10.2076693,
              36.4278136
            ],
            [
              10.2076049,
              36.4273129
            ],
            [
              10.2068754,
              36.4269676
            ],
            [
              10.2064462,
              36.4266914
            ],
            [
              10.2064033,
              36.4260008
            ],
            [
              10.2064033,
              36.4253879
            ],
            [
              10.2057167,
              36.424257
            ],
            [
              10.205846,
              36.4233666
            ],
            [
              10.2059098,
              36.4229275
            ],
            [
              10.2062316,
              36.4215289
            ],
            [
              10.2063389,
              36.4212181
            ],
            [
              10.2070685,
              36.4206483
            ],
            [
              10.2075406,
              36.4196987
            ],
            [
              10.2076479,
              36.4187835
            ],
            [
              10.2078127,
              36.4171788
            ],
            [
              10.2078624,
              36.4166942
            ],
            [
              10.2075406,
              36.4151574
            ],
            [
              10.2070041,
              36.413845
            ],
            [
              10.2067466,
              36.4129816
            ],
            [
              10.2061673,
              36.4128262
            ],
            [
              10.2062102,
              36.4124118
            ],
            [
              10.2063389,
              36.4118937
            ],
            [
              10.2056737,
              36.4116347
            ],
            [
              10.205309,
              36.4113066
            ],
            [
              10.2054163,
              36.410754
            ],
            [
              10.2060385,
              36.4104777
            ],
            [
              10.2061083,
              36.4103579
            ],
            [
              10.2061297,
              36.4101852
            ],
            [
              10.2060332,
              36.4099521
            ],
            [
              10.2060117,
              36.409529
            ],
            [
              10.206119,
              36.4090713
            ],
            [
              10.2063228,
              36.4087173
            ],
            [
              10.2066983,
              36.4084496
            ],
            [
              10.2074816,
              36.4080568
            ],
            [
              10.2080395,
              36.4072451
            ],
            [
              10.2087154,
              36.4063125
            ],
            [
              10.2092652,
              36.4060654
            ],
            [
              10.209622,
              36.4059229
            ],
            [
              10.2102791,
              36.4057653
            ],
            [
              10.2106492,
              36.4056552
            ],
            [
              10.2113305,
              36.4054091
            ],
            [
              10.2115438,
              36.4053373
            ],
            [
              10.2119112,
              36.4052078
            ],
            [
              10.2122921,
              36.4049919
            ],
            [
              10.2124986,
              36.4048775
            ],
            [
              10.2126301,
              36.4046228
            ],
            [
              10.212799,
              36.4043357
            ],
            [
              10.2128366,
              36.4042795
            ],
            [
              10.2132175,
              36.4041662
            ],
            [
              10.213652,
              36.4040475
            ],
            [
              10.2142608,
              36.4038856
            ],
            [
              10.2147866,
              36.4037237
            ],
            [
              10.2152184,
              36.4036157
            ],
            [
              10.2156958,
              36.4034732
            ],
            [
              10.2162269,
              36.4033243
            ],
            [
              10.2169323,
              36.4031213
            ],
            [
              10.2189306,
              36.402491
            ],
            [
              10.2198962,
              36.4022233
            ],
            [
              10.2207437,
              36.4016447
            ],
            [
              10.2213875,
              36.4011957
            ],
            [
              10.2221492,
              36.4010748
            ],
            [
              10.222868,
              36.401023
            ],
            [
              10.2234474,
              36.4010834
            ],
            [
              10.2240375,
              36.4010748
            ],
            [
              10.2244666,
              36.401023
            ],
            [
              10.2247349,
              36.4010748
            ],
            [
              10.2250782,
              36.4010575
            ],
            [
              10.2254108,
              36.401118
            ],
            [
              10.2257112,
              36.4011007
            ],
            [
              10.2259365,
              36.4010402
            ],
            [
              10.2261511,
              36.4009884
            ],
            [
              10.2266339,
              36.4008848
            ],
            [
              10.2276424,
              36.4009193
            ],
            [
              10.228329,
              36.4009021
            ],
            [
              10.228962,
              36.4009021
            ],
            [
              10.2299169,
              36.4009107
            ],
            [
              10.2319554,
              36.4009107
            ],
            [
              10.2334359,
              36.4009366
            ],
            [
              10.2352706,
              36.4009625
            ],
            [
              10.2371696,
              36.4010877
            ],
            [
              10.2380083,
              36.4010449
            ],
            [
              10.2392832,
              36.4009798
            ],
            [
              10.2410427,
              36.4011093
            ],
            [
              10.2430275,
              36.401187
            ],
            [
              10.2463427,
              36.401282
            ],
            [
              10.2491322,
              36.4013338
            ],
            [
              10.2514926,
              36.4014202
            ],
            [
              10.2529732,
              36.4012475
            ],
            [
              10.2534023,
              36.4010877
            ],
            [
              10.2538958,
              36.4007855
            ],
            [
              10.2541962,
              36.3984452
            ],
            [
              10.2541962,
              36.3952672
            ],
            [
              10.2544537,
              36.39354
            ],
            [
              10.2554193,
              36.3930607
            ],
            [
              10.2562562,
              36.3926807
            ],
            [
              10.25749,
              36.3918861
            ],
            [
              10.25852,
              36.3906338
            ],
            [
              10.2595392,
              36.3890576
            ],
            [
              10.2604512,
              36.3877534
            ],
            [
              10.2617601,
              36.3862765
            ],
            [
              10.2630905,
              36.3846009
            ],
            [
              10.2641419,
              36.3835644
            ],
            [
              10.2647212,
              36.3822515
            ],
            [
              10.2651289,
              36.3800403
            ],
            [
              10.2657297,
              36.3781745
            ],
            [
              10.2671889,
              36.3761013
            ],
            [
              10.2678111,
              36.3753325
            ],
            [
              10.2687553,
              36.3748142
            ],
            [
              10.2697423,
              36.3736221
            ],
            [
              10.2727893,
              36.3726201
            ],
            [
              10.2775529,
              36.3710305
            ],
            [
              10.2818445,
              36.3711688
            ],
            [
              10.2878097,
              36.3717562
            ],
            [
              10.29017,
              36.3714711
            ],
            [
              10.2927235,
              36.37059
            ],
            [
              10.2946118,
              36.3695706
            ],
            [
              10.2971867,
              36.3672899
            ],
            [
              10.2992466,
              36.3653546
            ],
            [
              10.3006845,
              36.3645415
            ],
            [
              10.3020576,
              36.363765
            ],
            [
              10.3029588,
              36.3631213
            ],
            [
              10.303869,
              36.3630073
            ],
            [
              10.3058556,
              36.3627585
            ],
            [
              10.3079799,
              36.3630349
            ],
            [
              10.3088597,
              36.363225
            ],
            [
              10.3108767,
              36.3633287
            ],
            [
              10.3133229,
              36.3634842
            ],
            [
              10.3148893,
              36.3644173
            ],
            [
              10.3160909,
              36.3651775
            ],
            [
              10.3169921,
              36.3649572
            ],
            [
              10.3172925,
              36.3643611
            ],
            [
              10.3175178,
              36.3637304
            ],
            [
              10.3187946,
              36.3631991
            ],
            [
              10.3202966,
              36.3628535
            ],
            [
              10.3213051,
              36.3624647
            ],
            [
              10.3223458,
              36.3619636
            ],
            [
              10.3238908,
              36.3608231
            ],
            [
              10.3242448,
              36.3602075
            ],
            [
              10.3251246,
              36.3594127
            ],
            [
              10.327442,
              36.3592139
            ],
            [
              10.3295449,
              36.358972
            ],
            [
              10.3309182,
              36.358108
            ],
            [
              10.3319749,
              36.3574168
            ],
            [
              10.3325007,
              36.3573261
            ],
            [
              10.3329835,
              36.3573693
            ],
            [
              10.3340242,
              36.3576198
            ],
            [
              10.3348825,
              36.3576717
            ],
            [
              10.3355101,
              36.3574513
            ]
          ]
        ]
      }
    },
    {
      "type": "Feature",
      "properties": {
        "name": "Bou Achir",
        "name_ar": "بوعشير",
        "osm_id": 7113186,
        "admin_level": "6"
      },
      "geometry": {
        "type": "Polygon",
        "coordinates": [
          [
            [
              10.3772499,
              36.3192822
            ],
            [
              10.3790928,
              36.3181157
            ],
            [
              10.3807793,
              36.3099913
            ],
            [
              10.3815089,
              36.307363
            ],
            [
              10.3785235,
              36.3093458
            ],
            [
              10.3725153,
              36.3092074
            ],
            [
              10.3623444,
              36.3084466
            ],
            [
              10.3592974,
              36.3092766
            ],
            [
              10.3558212,
              36.3110403
            ],
            [
              10.3527313,
              36.3114553
            ],
            [
              10.3499848,
              36.3124581
            ],
            [
              10.3466374,
              36.313046
            ],
            [
              10.3440195,
              36.3125964
            ],
            [
              10.341745,
              36.3118357
            ],
            [
              10.3398997,
              36.3106599
            ],
            [
              10.3375822,
              36.3102795
            ],
            [
              10.3336769,
              36.3099682
            ],
            [
              10.332604,
              36.3100028
            ],
            [
              10.329085,
              36.3100374
            ],
            [
              10.3256947,
              36.3107982
            ],
            [
              10.3259951,
              36.3113515
            ],
            [
              10.3256947,
              36.3121123
            ],
            [
              10.3242785,
              36.312216
            ],
            [
              10.3226048,
              36.312216
            ],
            [
              10.3211457,
              36.3121123
            ],
            [
              10.3195149,
              36.3103832
            ],
            [
              10.3177553,
              36.3094495
            ],
            [
              10.3164679,
              36.3094149
            ],
            [
              10.3139788,
              36.3104524
            ],
            [
              10.3129059,
              36.3111786
            ],
            [
              10.3115755,
              36.311559
            ],
            [
              10.3081208,
              36.3123717
            ],
            [
              10.3071767,
              36.3127175
            ],
            [
              10.3062969,
              36.3129077
            ],
            [
              10.3054815,
              36.3133399
            ],
            [
              10.3049237,
              36.313167
            ],
            [
              10.3051168,
              36.3126656
            ],
            [
              10.3054172,
              36.3122852
            ],
            [
              10.305503,
              36.3120777
            ],
            [
              10.304988,
              36.3121296
            ],
            [
              10.3045803,
              36.3115417
            ],
            [
              10.3034431,
              36.3116109
            ],
            [
              10.3032285,
              36.3118702
            ],
            [
              10.3025418,
              36.3121469
            ],
            [
              10.3015548,
              36.3116455
            ],
            [
              10.2997094,
              36.310729
            ],
            [
              10.296641,
              36.3091555
            ],
            [
              10.2950317,
              36.3079279
            ],
            [
              10.29383,
              36.3069941
            ],
            [
              10.2925426,
              36.3052822
            ],
            [
              10.2912122,
              36.3050747
            ],
            [
              10.2904183,
              36.3054551
            ],
            [
              10.2892381,
              36.3054032
            ],
            [
              10.289045,
              36.3042101
            ],
            [
              10.2900106,
              36.3025327
            ],
            [
              10.2905256,
              36.3019966
            ],
            [
              10.2904826,
              36.3014519
            ],
            [
              10.2887982,
              36.301279
            ],
            [
              10.2886265,
              36.301694
            ],
            [
              10.2882403,
              36.3023511
            ],
            [
              10.2880686,
              36.3030536
            ],
            [
              10.2880016,
              36.3033087
            ],
            [
              10.2879184,
              36.3036935
            ],
            [
              10.287838,
              36.3040242
            ],
            [
              10.2877817,
              36.3042468
            ],
            [
              10.2875322,
              36.3044522
            ],
            [
              10.2867061,
              36.3050833
            ],
            [
              10.2861375,
              36.3055329
            ],
            [
              10.2851558,
              36.3063111
            ],
            [
              10.2843296,
              36.3069811
            ],
            [
              10.2832675,
              36.3078673
            ],
            [
              10.2827042,
              36.3083428
            ],
            [
              10.2822858,
              36.3088097
            ],
            [
              10.2823234,
              36.3090993
            ],
            [
              10.2824521,
              36.3093458
            ],
            [
              10.2825594,
              36.3096916
            ],
            [
              10.2824843,
              36.310219
            ],
            [
              10.2824038,
              36.3104567
            ],
            [
              10.2822643,
              36.3107636
            ],
            [
              10.2820659,
              36.3109365
            ],
            [
              10.281862,
              36.31117
            ],
            [
              10.2815187,
              36.3114985
            ],
            [
              10.2812558,
              36.3116844
            ],
            [
              10.2810305,
              36.3118097
            ],
            [
              10.2807569,
              36.3119826
            ],
            [
              10.280655,
              36.3120734
            ],
            [
              10.2806282,
              36.3121858
            ],
            [
              10.2805638,
              36.3123501
            ],
            [
              10.280537,
              36.3124668
            ],
            [
              10.2806067,
              36.3126181
            ],
            [
              10.2806979,
              36.3128212
            ],
            [
              10.2807462,
              36.3129336
            ],
            [
              10.2809232,
              36.3130633
            ],
            [
              10.2812183,
              36.3131541
            ],
            [
              10.2814811,
              36.3132708
            ],
            [
              10.2818137,
              36.3133183
            ],
            [
              10.2822697,
              36.3133356
            ],
            [
              10.2828169,
              36.3133313
            ],
            [
              10.2833694,
              36.313435
            ],
            [
              10.2838522,
              36.313582
            ],
            [
              10.2842304,
              36.3137895
            ],
            [
              10.2844289,
              36.3138803
            ],
            [
              10.2845737,
              36.3140056
            ],
            [
              10.2847159,
              36.3141439
            ],
            [
              10.2848554,
              36.3142498
            ],
            [
              10.2849573,
              36.3142801
            ],
            [
              10.2852362,
              36.3143709
            ],
            [
              10.2855393,
              36.3144768
            ],
            [
              10.2856278,
              36.3145005
            ],
            [
              10.2858719,
              36.3145762
            ],
            [
              10.2861536,
              36.3147188
            ],
            [
              10.2863467,
              36.314788
            ],
            [
              10.2865586,
              36.3149004
            ],
            [
              10.2867436,
              36.3150387
            ],
            [
              10.2869904,
              36.3152699
            ],
            [
              10.2871031,
              36.315445
            ],
            [
              10.287213,
              36.3156222
            ],
            [
              10.2872854,
              36.3159118
            ],
            [
              10.2873042,
              36.3161128
            ],
            [
              10.2873096,
              36.3164932
            ],
            [
              10.2873337,
              36.3168109
            ],
            [
              10.287433,
              36.3168412
            ],
            [
              10.2878889,
              36.3170249
            ],
            [
              10.2883771,
              36.3171913
            ],
            [
              10.2889565,
              36.3173577
            ],
            [
              10.2893212,
              36.3174636
            ],
            [
              10.2896297,
              36.3175349
            ],
            [
              10.289914,
              36.3176213
            ],
            [
              10.2904773,
              36.3177467
            ],
            [
              10.2907214,
              36.3177986
            ],
            [
              10.290944,
              36.3178785
            ],
            [
              10.2911532,
              36.317965
            ],
            [
              10.2912685,
              36.3180471
            ],
            [
              10.291349,
              36.3182027
            ],
            [
              10.2914053,
              36.3183453
            ],
            [
              10.2915287,
              36.3185571
            ],
            [
              10.2916011,
              36.3188338
            ],
            [
              10.2916548,
              36.3189872
            ],
            [
              10.2916709,
              36.3191666
            ],
            [
              10.291695,
              36.3194086
            ],
            [
              10.2916494,
              36.3197177
            ],
            [
              10.2916092,
              36.3199338
            ],
            [
              10.2915662,
              36.3201304
            ],
            [
              10.2914911,
              36.3203401
            ],
            [
              10.291408,
              36.3205691
            ],
            [
              10.2913624,
              36.3207291
            ],
            [
              10.2913249,
              36.3208803
            ],
            [
              10.2912739,
              36.3210489
            ],
            [
              10.2912202,
              36.3212391
            ],
            [
              10.2911183,
              36.3214638
            ],
            [
              10.2910271,
              36.3216281
            ],
            [
              10.2908045,
              36.3217793
            ],
            [
              10.2906275,
              36.3218658
            ],
            [
              10.2900401,
              36.3220754
            ],
            [
              10.2897745,
              36.3221597
            ],
            [
              10.2895331,
              36.3222116
            ],
            [
              10.2892059,
              36.3222742
            ],
            [
              10.2888143,
              36.3224017
            ],
            [
              10.2883878,
              36.3224061
            ],
            [
              10.2879614,
              36.3224082
            ],
            [
              10.2874893,
              36.322432
            ],
            [
              10.2871165,
              36.322432
            ],
            [
              10.2866927,
              36.3225184
            ],
            [
              10.2864285,
              36.3226459
            ],
            [
              10.2864151,
              36.322687
            ],
            [
              10.2863668,
              36.322848
            ],
            [
              10.2863212,
              36.3230003
            ],
            [
              10.2862944,
              36.3230857
            ],
            [
              10.2862984,
              36.3231322
            ],
            [
              10.2863722,
              36.3233256
            ],
            [
              10.2864191,
              36.323465
            ],
            [
              10.2864674,
              36.3235903
            ],
            [
              10.2865197,
              36.3237167
            ],
            [
              10.2865398,
              36.3238561
            ],
            [
              10.2865706,
              36.3239512
            ],
            [
              10.2866779,
              36.3240452
            ],
            [
              10.2867611,
              36.3241165
            ],
            [
              10.2868322,
              36.3242364
            ],
            [
              10.2869153,
              36.3243077
            ],
            [
              10.2870655,
              36.3243996
            ],
            [
              10.287201,
              36.3244666
            ],
            [
              10.2873042,
              36.3245303
            ],
            [
              10.2874222,
              36.324607
            ],
            [
              10.2875322,
              36.3246643
            ],
            [
              10.2876824,
              36.3247464
            ],
            [
              10.2878165,
              36.3248804
            ],
            [
              10.2878755,
              36.3250101
            ],
            [
              10.2879024,
              36.3251095
            ],
            [
              10.2878916,
              36.3251959
            ],
            [
              10.2877575,
              36.3252953
            ],
            [
              10.2877521,
              36.3254682
            ],
            [
              10.2877629,
              36.3256929
            ],
            [
              10.2877602,
              36.3259414
            ],
            [
              10.2878541,
              36.3261597
            ],
            [
              10.2879077,
              36.3263477
            ],
            [
              10.2879479,
              36.3265811
            ],
            [
              10.2880177,
              36.3268426
            ],
            [
              10.288066,
              36.327063
            ],
            [
              10.2881223,
              36.3272661
            ],
            [
              10.288192,
              36.3274563
            ],
            [
              10.2884603,
              36.3277199
            ],
            [
              10.2885461,
              36.3283163
            ],
            [
              10.2879453,
              36.3289386
            ],
            [
              10.2874947,
              36.329682
            ],
            [
              10.2867222,
              36.3307019
            ],
            [
              10.2856493,
              36.3319465
            ],
            [
              10.2850485,
              36.3330528
            ],
            [
              10.2854776,
              36.3345394
            ],
            [
              10.2860784,
              36.3354037
            ],
            [
              10.2871084,
              36.3360605
            ],
            [
              10.2879667,
              36.3370631
            ],
            [
              10.2882671,
              36.3379273
            ],
            [
              10.2886963,
              36.3393792
            ],
            [
              10.2895546,
              36.3400706
            ],
            [
              10.2901554,
              36.3406928
            ],
            [
              10.2903271,
              36.3420756
            ],
            [
              10.2899837,
              36.3434929
            ],
            [
              10.2894688,
              36.3448583
            ],
            [
              10.2898335,
              36.3453422
            ],
            [
              10.2908635,
              36.3460162
            ],
            [
              10.2917218,
              36.3460681
            ],
            [
              10.2926445,
              36.3460681
            ],
            [
              10.2938032,
              36.3458607
            ],
            [
              10.2945328,
              36.3460681
            ],
            [
              10.295198,
              36.3465866
            ],
            [
              10.2957988,
              36.3473643
            ],
            [
              10.2963138,
              36.3484877
            ],
            [
              10.296421,
              36.3492135
            ],
            [
              10.2964425,
              36.3496283
            ],
            [
              10.2963352,
              36.3503887
            ],
            [
              10.2960134,
              36.3507517
            ],
            [
              10.2959061,
              36.3516676
            ],
            [
              10.2964425,
              36.3523762
            ],
            [
              10.2969575,
              36.3534131
            ],
            [
              10.2970219,
              36.3539142
            ],
            [
              10.2970219,
              36.3552622
            ],
            [
              10.2983093,
              36.3570594
            ],
            [
              10.3000259,
              36.3594786
            ],
            [
              10.3022575,
              36.3612757
            ],
            [
              10.303869,
              36.3630073
            ],
            [
              10.3058556,
              36.3627585
            ],
            [
              10.3079799,
              36.3630349
            ],
            [
              10.3088597,
              36.363225
            ],
            [
              10.3108767,
              36.3633287
            ],
            [
              10.3133229,
              36.3634842
            ],
            [
              10.3148893,
              36.3644173
            ],
            [
              10.3160909,
              36.3651775
            ],
            [
              10.3169921,
              36.3649572
            ],
            [
              10.3172925,
              36.3643611
            ],
            [
              10.3175178,
              36.3637304
            ],
            [
              10.3187946,
              36.3631991
            ],
            [
              10.3202966,
              36.3628535
            ],
            [
              10.3213051,
              36.3624647
            ],
            [
              10.3223458,
              36.3619636
            ],
            [
              10.3238908,
              36.3608231
            ],
            [
              10.3242448,
              36.3602075
            ],
            [
              10.3251246,
              36.3594127
            ],
            [
              10.327442,
              36.3592139
            ],
            [
              10.3295449,
              36.358972
            ],
            [
              10.3309182,
              36.358108
            ],
            [
              10.3319749,
              36.3574168
            ],
            [
              10.3325007,
              36.3573261
            ],
            [
              10.3329835,
              36.3573693
            ],
            [
              10.3340242,
              36.3576198
            ],
            [
              10.3348825,
              36.3576717
            ],
            [
              10.3355101,
              36.3574513
            ],
            [
              10.3449262,
              36.3528428
            ],
            [
              10.3488636,
              36.3523589
            ],
            [
              10.3498292,
              36.3520478
            ],
            [
              10.3513742,
              36.3494728
            ],
            [
              10.3495932,
              36.348263
            ],
            [
              10.348649,
              36.3468631
            ],
            [
              10.349164,
              36.3418855
            ],
            [
              10.3548289,
              36.3369075
            ],
            [
              10.3628676,
              36.3326666
            ],
            [
              10.3668826,
              36.3292073
            ],
            [
              10.3677328,
              36.3282454
            ],
            [
              10.3678052,
              36.3280401
            ],
            [
              10.3678079,
              36.3278824
            ],
            [
              10.3692617,
              36.3249754
            ],
            [
              10.3689774,
              36.3237177
            ],
            [
              10.370238,
              36.3220364
            ],
            [
              10.3710105,
              36.3217944
            ],
            [
              10.3713967,
              36.3212757
            ],
            [
              10.3716327,
              36.3209299
            ],
            [
              10.3720231,
              36.3207821
            ],
            [
              10.3730922,
              36.3204518
            ],
            [
              10.3772499,
              36.3192822
            ]
          ]
        ]
      }
    },
    {
      "type": "Feature",
      "properties": {
        "name": "Ezzriba Hammam Nord",
        "name_ar": "الزريبة الحمام الشمالية",
        "osm_id": 7113318,
        "admin_level": "6"
      },
      "geometry": {
        "type": "Polygon",
        "coordinates": [
          [
            [
              10.2380083,
              36.4010449
            ],
            [
              10.2377308,
              36.3998202
            ],
            [
              10.2371944,
              36.3985248
            ],
            [
              10.2368511,
              36.3976785
            ],
            [
              10.236379,
              36.396435
            ],
            [
              10.2362932,
              36.3957095
            ],
            [
              10.2357782,
              36.394915
            ],
            [
              10.2357138,
              36.3943688
            ],
            [
              10.23551,
              36.3938506
            ],
            [
              10.2354831,
              36.3937081
            ],
            [
              10.2355636,
              36.3935008
            ],
            [
              10.2357245,
              36.3932158
            ],
            [
              10.2355958,
              36.3925681
            ],
            [
              10.2354349,
              36.3919592
            ],
            [
              10.2352847,
              36.3915533
            ],
            [
              10.2352847,
              36.3913633
            ],
            [
              10.2348662,
              36.3910956
            ],
            [
              10.2348448,
              36.3908797
            ],
            [
              10.2350915,
              36.3904219
            ],
            [
              10.2354778,
              36.3901628
            ],
            [
              10.2356065,
              36.3899642
            ],
            [
              10.23551,
              36.3896878
            ],
            [
              10.2351988,
              36.3894028
            ],
            [
              10.2349521,
              36.3891783
            ],
            [
              10.2347482,
              36.3886687
            ],
            [
              10.2346517,
              36.3884355
            ],
            [
              10.2346731,
              36.3881505
            ],
            [
              10.2344693,
              36.3880123
            ],
            [
              10.2342547,
              36.3879345
            ],
            [
              10.2341581,
              36.3876754
            ],
            [
              10.2341152,
              36.3875113
            ],
            [
              10.2341581,
              36.3873645
            ],
            [
              10.2340294,
              36.3872436
            ],
            [
              10.233729,
              36.387209
            ],
            [
              10.2332355,
              36.3873127
            ],
            [
              10.2327205,
              36.3874163
            ],
            [
              10.2322699,
              36.3874336
            ],
            [
              10.2319802,
              36.3875113
            ],
            [
              10.231669,
              36.3874509
            ],
            [
              10.231079,
              36.3875113
            ],
            [
              10.2306498,
              36.3875718
            ],
            [
              10.2304674,
              36.3875632
            ],
            [
              10.2301241,
              36.3873645
            ],
            [
              10.2298773,
              36.387209
            ],
            [
              10.2295447,
              36.3870795
            ],
            [
              10.2293516,
              36.3868808
            ],
            [
              10.2292872,
              36.3867254
            ],
            [
              10.2288581,
              36.3865526
            ],
            [
              10.2284075,
              36.3864576
            ],
            [
              10.2277208,
              36.3863022
            ],
            [
              10.2274419,
              36.3861899
            ],
            [
              10.2272917,
              36.3859567
            ],
            [
              10.2271737,
              36.3858358
            ],
            [
              10.2271951,
              36.3856889
            ],
            [
              10.2271522,
              36.3855766
            ],
            [
              10.2270127,
              36.385473
            ],
            [
              10.2266479,
              36.3856112
            ],
            [
              10.2265299,
              36.3858185
            ],
            [
              10.2264012,
              36.3860949
            ],
            [
              10.2262617,
              36.3862849
            ],
            [
              10.2260793,
              36.3861726
            ],
            [
              10.2259935,
              36.3859912
            ],
            [
              10.2257467,
              36.385853
            ],
            [
              10.2255,
              36.3857062
            ],
            [
              10.2252961,
              36.3854168
            ],
            [
              10.2251781,
              36.3848813
            ],
            [
              10.2249635,
              36.3844495
            ],
            [
              10.2248133,
              36.3840349
            ],
            [
              10.2245558,
              36.3837412
            ],
            [
              10.2241159,
              36.3833612
            ],
            [
              10.2237941,
              36.3832662
            ],
            [
              10.2232791,
              36.3832575
            ],
            [
              10.2228178,
              36.3830502
            ],
            [
              10.2225817,
              36.3827825
            ],
            [
              10.2225495,
              36.3825492
            ],
            [
              10.2225066,
              36.3823938
            ],
            [
              10.2222599,
              36.3822469
            ],
            [
              10.2220131,
              36.3821865
            ],
            [
              10.2219809,
              36.3820915
            ],
            [
              10.2222491,
              36.3819101
            ],
            [
              10.2224744,
              36.3816596
            ],
            [
              10.2223779,
              36.3814091
            ],
            [
              10.2220882,
              36.3813486
            ],
            [
              10.221541,
              36.3814091
            ],
            [
              10.2214337,
              36.3814177
            ],
            [
              10.2212406,
              36.3813141
            ],
            [
              10.2209402,
              36.3815473
            ],
            [
              10.22079,
              36.381625
            ],
            [
              10.2206398,
              36.3815818
            ],
            [
              10.2201248,
              36.3815387
            ],
            [
              10.2198781,
              36.3816509
            ],
            [
              10.2197278,
              36.3815559
            ],
            [
              10.2197386,
              36.3813054
            ],
            [
              10.219406,
              36.3810636
            ],
            [
              10.2190627,
              36.3808736
            ],
            [
              10.218655,
              36.3807008
            ],
            [
              10.2184618,
              36.3806231
            ],
            [
              10.2184297,
              36.3804935
            ],
            [
              10.2183224,
              36.3803553
            ],
            [
              10.2181829,
              36.3802862
            ],
            [
              10.2178718,
              36.3803294
            ],
            [
              10.2175392,
              36.3804158
            ],
            [
              10.2172495,
              36.380338
            ],
            [
              10.2171529,
              36.3801825
            ],
            [
              10.2169384,
              36.3800875
            ],
            [
              10.2165843,
              36.3800011
            ],
            [
              10.2164234,
              36.3799752
            ],
            [
              10.215962,
              36.3800271
            ],
            [
              10.2155543,
              36.3800443
            ],
            [
              10.2154256,
              36.3799579
            ],
            [
              10.2154149,
              36.379837
            ],
            [
              10.21549,
              36.379742
            ],
            [
              10.2153934,
              36.3796297
            ],
            [
              10.2151037,
              36.3796556
            ],
            [
              10.2148355,
              36.3798111
            ],
            [
              10.2145458,
              36.3799493
            ],
            [
              10.2142669,
              36.3798802
            ],
            [
              10.2140416,
              36.379647
            ],
            [
              10.2137197,
              36.3793533
            ],
            [
              10.2133978,
              36.37893
            ],
            [
              10.2132047,
              36.378455
            ],
            [
              10.2131511,
              36.3783513
            ],
            [
              10.2132369,
              36.3782736
            ],
            [
              10.213312,
              36.3781526
            ],
            [
              10.2131189,
              36.3780058
            ],
            [
              10.2127541,
              36.3777553
            ],
            [
              10.2124537,
              36.3776516
            ],
            [
              10.2122606,
              36.3775566
            ],
            [
              10.2122177,
              36.3773838
            ],
            [
              10.2123357,
              36.3772629
            ],
            [
              10.2122713,
              36.3771074
            ],
            [
              10.212046,
              36.3770988
            ],
            [
              10.2118636,
              36.3771679
            ],
            [
              10.2117027,
              36.3771593
            ],
            [
              10.2115954,
              36.3770081
            ],
            [
              10.2115203,
              36.3765935
            ],
            [
              10.2114666,
              36.3761961
            ],
            [
              10.2112735,
              36.3759801
            ],
            [
              10.2109302,
              36.3760061
            ],
            [
              10.2102972,
              36.3759542
            ],
            [
              10.2098466,
              36.375816
            ],
            [
              10.2093423,
              36.3756001
            ],
            [
              10.2091278,
              36.3755482
            ],
            [
              10.2088917,
              36.3752545
            ],
            [
              10.2088059,
              36.3750645
            ],
            [
              10.2086771,
              36.3748312
            ],
            [
              10.2083982,
              36.3746498
            ],
            [
              10.2081836,
              36.3745116
            ],
            [
              10.2080871,
              36.3743561
            ],
            [
              10.2081085,
              36.3742006
            ],
            [
              10.2079154,
              36.3740883
            ],
            [
              10.2075292,
              36.3740452
            ],
            [
              10.2069605,
              36.3740624
            ],
            [
              10.2065207,
              36.3741056
            ],
            [
              10.2061022,
              36.3740192
            ],
            [
              10.2056838,
              36.3737687
            ],
            [
              10.2054692,
              36.3734577
            ],
            [
              10.2049972,
              36.3729826
            ],
            [
              10.2047397,
              36.3726803
            ],
            [
              10.20445,
              36.372447
            ],
            [
              10.2041174,
              36.3724297
            ],
            [
              10.2038814,
              36.3726284
            ],
            [
              10.2037204,
              36.3727753
            ],
            [
              10.2035166,
              36.3729913
            ],
            [
              10.2032484,
              36.3732331
            ],
            [
              10.2030767,
              36.3733541
            ],
            [
              10.2028192,
              36.3733886
            ],
            [
              10.2024652,
              36.373285
            ],
            [
              10.2022828,
              36.3731899
            ],
            [
              10.2019716,
              36.3731208
            ],
            [
              10.2016283,
              36.3731295
            ],
            [
              10.2013601,
              36.3731813
            ],
            [
              10.2011026,
              36.373164
            ],
            [
              10.2008987,
              36.373069
            ],
            [
              10.2006627,
              36.3727753
            ],
            [
              10.2005232,
              36.3723002
            ],
            [
              10.2002872,
              36.3717818
            ],
            [
              10.1997293,
              36.3716263
            ],
            [
              10.1990212,
              36.371419
            ],
            [
              10.1985491,
              36.3711426
            ],
            [
              10.1980556,
              36.3708661
            ],
            [
              10.1977767,
              36.3707279
            ],
            [
              10.1975621,
              36.370607
            ],
            [
              10.1974977,
              36.3704169
            ],
            [
              10.1969613,
              36.3705379
            ],
            [
              10.1964892,
              36.3705379
            ],
            [
              10.1964248,
              36.3703651
            ],
            [
              10.1959635,
              36.3702117
            ],
            [
              10.1956094,
              36.3702809
            ],
            [
              10.1954378,
              36.3704493
            ],
            [
              10.1951695,
              36.3704061
            ],
            [
              10.1950462,
              36.3702074
            ],
            [
              10.1949603,
              36.3697107
            ],
            [
              10.1946867,
              36.36908
            ],
            [
              10.1946331,
              36.3687518
            ],
            [
              10.194735,
              36.368566
            ],
            [
              10.1949657,
              36.3685315
            ],
            [
              10.1952339,
              36.3685876
            ],
            [
              10.1954968,
              36.3685876
            ],
            [
              10.195588,
              36.3684192
            ],
            [
              10.1954445,
              36.3682075
            ],
            [
              10.1951924,
              36.3679138
            ],
            [
              10.1950583,
              36.3676417
            ],
            [
              10.194833,
              36.3675034
            ],
            [
              10.1946827,
              36.3674473
            ],
            [
              10.1945916,
              36.3672356
            ],
            [
              10.1943984,
              36.3670153
            ],
            [
              10.1941342,
              36.3669289
            ],
            [
              10.193807,
              36.3667432
            ],
            [
              10.1932598,
              36.3666654
            ],
            [
              10.1929058,
              36.3665444
            ],
            [
              10.1923586,
              36.3665185
            ],
            [
              10.1916398,
              36.3665876
            ],
            [
              10.191275,
              36.3664149
            ],
            [
              10.1910604,
              36.3662421
            ],
            [
              10.1907922,
              36.3658015
            ],
            [
              10.1902879,
              36.3654473
            ],
            [
              10.1893974,
              36.3653954
            ],
            [
              10.188979,
              36.3654645
            ],
            [
              10.1880337,
              36.3649922
            ],
            [
              10.1874328,
              36.3642319
            ],
            [
              10.1871324,
              36.3637567
            ],
            [
              10.1868213,
              36.3630483
            ],
            [
              10.1860488,
              36.3627631
            ],
            [
              10.1853407,
              36.3623052
            ],
            [
              10.1852334,
              36.3622275
            ],
            [
              10.1845146,
              36.362288
            ],
            [
              10.1838816,
              36.3622016
            ],
            [
              10.1838923,
              36.3619337
            ],
            [
              10.1836241,
              36.3616659
            ],
            [
              10.1831199,
              36.3616141
            ],
            [
              10.1828409,
              36.3616054
            ],
            [
              10.1824547,
              36.3615017
            ],
            [
              10.1827336,
              36.3612166
            ],
            [
              10.183195,
              36.3610697
            ],
            [
              10.1832808,
              36.3605686
            ],
            [
              10.1827551,
              36.360439
            ],
            [
              10.1818002,
              36.3602576
            ],
            [
              10.1809312,
              36.360223
            ],
            [
              10.1807166,
              36.3600589
            ],
            [
              10.1808775,
              36.3597565
            ],
            [
              10.1807273,
              36.35948
            ],
            [
              10.1807059,
              36.3592208
            ],
            [
              10.1803411,
              36.3590307
            ],
            [
              10.1805342,
              36.358616
            ],
            [
              10.180384,
              36.358184
            ],
            [
              10.1803196,
              36.3579766
            ],
            [
              10.1798905,
              36.3577001
            ],
            [
              10.179751,
              36.3576396
            ],
            [
              10.1794613,
              36.3574409
            ],
            [
              10.1791931,
              36.3573027
            ],
            [
              10.1788712,
              36.3570953
            ],
            [
              10.1786888,
              36.3568879
            ],
            [
              10.1784635,
              36.3566114
            ],
            [
              10.1779915,
              36.3564213
            ],
            [
              10.1776696,
              36.3563349
            ],
            [
              10.177219,
              36.3562658
            ],
            [
              10.1765967,
              36.3562485
            ],
            [
              10.176071,
              36.3563522
            ],
            [
              10.1754487,
              36.3563609
            ],
            [
              10.1753844,
              36.3558251
            ],
            [
              10.1753522,
              36.3553154
            ],
            [
              10.1751591,
              36.3547969
            ],
            [
              10.1748587,
              36.3544513
            ],
            [
              10.1744939,
              36.354218
            ],
            [
              10.1744402,
              36.3540365
            ],
            [
              10.1744295,
              36.353786
            ],
            [
              10.174408,
              36.3536304
            ],
            [
              10.1741613,
              36.3533712
            ],
            [
              10.1739038,
              36.352991
            ],
            [
              10.1738072,
              36.3526454
            ],
            [
              10.1737858,
              36.3521701
            ],
            [
              10.1739252,
              36.3517295
            ],
            [
              10.1743008,
              36.3512974
            ],
            [
              10.1746119,
              36.3508567
            ],
            [
              10.174569,
              36.3502605
            ],
            [
              10.1739789,
              36.3495001
            ],
            [
              10.1743544,
              36.348826
            ],
            [
              10.1739896,
              36.3472188
            ],
            [
              10.1738394,
              36.3462682
            ],
            [
              10.1742257,
              36.3455769
            ],
            [
              10.1729167,
              36.3430189
            ],
            [
              10.1729167,
              36.3411004
            ],
            [
              10.1728309,
              36.3394065
            ],
            [
              10.1730026,
              36.3350679
            ],
            [
              10.1729811,
              36.3303834
            ],
            [
              10.1728953,
              36.3288449
            ],
            [
              10.1736678,
              36.3275138
            ],
            [
              10.1737107,
              36.3259406
            ],
            [
              10.1744188,
              36.3252318
            ],
            [
              10.1744617,
              36.3242291
            ],
            [
              10.1744188,
              36.323261
            ],
            [
              10.1749981,
              36.3226905
            ],
            [
              10.1752556,
              36.3213939
            ],
            [
              10.1752127,
              36.3202182
            ],
            [
              10.1754273,
              36.3193365
            ],
            [
              10.1753629,
              36.3188005
            ],
            [
              10.1755131,
              36.3173309
            ],
            [
              10.1757921,
              36.3159996
            ],
            [
              10.1760817,
              36.3152735
            ],
            [
              10.1761092,
              36.3152376
            ],
            [
              10.1761414,
              36.3154555
            ],
            [
              10.1759765,
              36.3161244
            ],
            [
              10.1760194,
              36.3164616
            ],
            [
              10.1761589,
              36.3167036
            ],
            [
              10.1763842,
              36.3169284
            ],
            [
              10.1767704,
              36.3173434
            ],
            [
              10.1772747,
              36.3179139
            ],
            [
              10.1775107,
              36.3182424
            ],
            [
              10.1775536,
              36.3183721
            ],
            [
              10.1776931,
              36.3186228
            ],
            [
              10.1777145,
              36.318813
            ],
            [
              10.1779613,
              36.3191155
            ],
            [
              10.178133,
              36.3194354
            ],
            [
              10.1785085,
              36.3197206
            ],
            [
              10.1786372,
              36.3199108
            ],
            [
              10.1788196,
              36.3200578
            ],
            [
              10.1791951,
              36.3204295
            ],
            [
              10.1794848,
              36.3207147
            ],
            [
              10.1797959,
              36.320879
            ],
            [
              10.1802036,
              36.3212248
            ],
            [
              10.180665,
              36.3217348
            ],
            [
              10.1816037,
              36.3223744
            ],
            [
              10.1818237,
              36.3226165
            ],
            [
              10.1820812,
              36.322798
            ],
            [
              10.1823923,
              36.3230011
            ],
            [
              10.1827464,
              36.3231049
            ],
            [
              10.1829663,
              36.3232
            ],
            [
              10.1832345,
              36.3234031
            ],
            [
              10.1836905,
              36.3239088
            ],
            [
              10.1838782,
              36.3241292
            ],
            [
              10.1841626,
              36.3244706
            ],
            [
              10.1845703,
              36.3248985
            ],
            [
              10.1846346,
              36.3249763
            ],
            [
              10.1847687,
              36.3252875
            ],
            [
              10.1852515,
              36.3254906
            ],
            [
              10.1856914,
              36.3257132
            ],
            [
              10.1858175,
              36.325912
            ],
            [
              10.1858443,
              36.3260438
            ],
            [
              10.1859999,
              36.3262102
            ],
            [
              10.1861501,
              36.3263744
            ],
            [
              10.1862681,
              36.3265214
            ],
            [
              10.186421,
              36.3267224
            ],
            [
              10.1866195,
              36.3269125
            ],
            [
              10.1867831,
              36.3271286
            ],
            [
              10.1869494,
              36.3272777
            ],
            [
              10.1871076,
              36.3274052
            ],
            [
              10.1872766,
              36.3275413
            ],
            [
              10.187451,
              36.327671
            ],
            [
              10.1875904,
              36.3277942
            ],
            [
              10.1877594,
              36.3279886
            ],
            [
              10.1878452,
              36.3281572
            ],
            [
              10.1879311,
              36.3282523
            ],
            [
              10.1882315,
              36.3285116
            ],
            [
              10.1886767,
              36.328745
            ],
            [
              10.1888269,
              36.3288444
            ],
            [
              10.1893741,
              36.3286628
            ],
            [
              10.1898247,
              36.328248
            ],
            [
              10.1906723,
              36.3278071
            ],
            [
              10.1913375,
              36.3276602
            ],
            [
              10.1920348,
              36.3275738
            ],
            [
              10.1927671,
              36.3275629
            ],
            [
              10.1930487,
              36.3277207
            ],
            [
              10.1936039,
              36.3279433
            ],
            [
              10.1939178,
              36.328155
            ],
            [
              10.1942933,
              36.3284792
            ],
            [
              10.1947358,
              36.3288249
            ],
            [
              10.1949115,
              36.3290453
            ],
            [
              10.1950725,
              36.3293111
            ],
            [
              10.1952415,
              36.3297195
            ],
            [
              10.1954185,
              36.3300847
            ],
            [
              10.195574,
              36.3304953
            ],
            [
              10.1957162,
              36.3309966
            ],
            [
              10.1957242,
              36.3312407
            ],
            [
              10.1956277,
              36.3315605
            ],
            [
              10.1954587,
              36.3317377
            ],
            [
              10.1952736,
              36.3321223
            ],
            [
              10.1949089,
              36.3324054
            ],
            [
              10.1946433,
              36.3327187
            ],
            [
              10.1943215,
              36.333032
            ],
            [
              10.1939996,
              36.3334339
            ],
            [
              10.1935597,
              36.333838
            ],
            [
              10.193042,
              36.3343004
            ],
            [
              10.1928328,
              36.33451
            ],
            [
              10.1926504,
              36.3347347
            ],
            [
              10.1926504,
              36.3349594
            ],
            [
              10.1926585,
              36.3352921
            ],
            [
              10.1925271,
              36.3364783
            ],
            [
              10.1926129,
              36.3369537
            ],
            [
              10.1926343,
              36.3374506
            ],
            [
              10.1926022,
              36.3379173
            ],
            [
              10.1925592,
              36.3381377
            ],
            [
              10.192409,
              36.3385526
            ],
            [
              10.1923339,
              36.3390365
            ],
            [
              10.1922535,
              36.3393001
            ],
            [
              10.1921998,
              36.339594
            ],
            [
              10.1922427,
              36.3402248
            ],
            [
              10.192629,
              36.3401125
            ],
            [
              10.1934229,
              36.3400347
            ],
            [
              10.1937877,
              36.3400434
            ],
            [
              10.19441,
              36.3401643
            ],
            [
              10.1950644,
              36.3402162
            ],
            [
              10.1955687,
              36.3403977
            ],
            [
              10.1964377,
              36.3406656
            ],
            [
              10.1972853,
              36.3409853
            ],
            [
              10.1973604,
              36.3409853
            ],
            [
              10.1977037,
              36.3410372
            ],
            [
              10.1980578,
              36.3410977
            ],
            [
              10.1982616,
              36.3411279
            ],
            [
              10.1985459,
              36.3411928
            ],
            [
              10.1988839,
              36.3412403
            ],
            [
              10.1991467,
              36.3413008
            ],
            [
              10.1994311,
              36.34156
            ],
            [
              10.1996135,
              36.341707
            ],
            [
              10.1999407,
              36.3419144
            ],
            [
              10.2001982,
              36.3421823
            ],
            [
              10.2003376,
              36.3422752
            ],
            [
              10.2003913,
              36.34234
            ],
            [
              10.2004074,
              36.3424437
            ],
            [
              10.2004423,
              36.3425107
            ],
            [
              10.2004288,
              36.3426079
            ],
            [
              10.2004181,
              36.3426943
            ],
            [
              10.200453,
              36.342798
            ],
            [
              10.2006193,
              36.3429449
            ],
            [
              10.2008365,
              36.3431696
            ],
            [
              10.201023,
              36.3431459
            ],
            [
              10.201153,
              36.3430756
            ],
            [
              10.2012971,
              36.343169
            ],
            [
              10.2015654,
              36.3430624
            ],
            [
              10.201606,
              36.3428934
            ],
            [
              10.2018102,
              36.3429155
            ],
            [
              10.2025816,
              36.3430871
            ],
            [
              10.2029463,
              36.3432256
            ],
            [
              10.2030754,
              36.3432963
            ],
            [
              10.2031328,
              36.3433202
            ],
            [
              10.204318,
              36.3437864
            ],
            [
              10.2055519,
              36.3442596
            ],
            [
              10.2059059,
              36.3444
            ],
            [
              10.2061017,
              36.3444799
            ],
            [
              10.2062144,
              36.3445404
            ],
            [
              10.2063217,
              36.3446009
            ],
            [
              10.2065148,
              36.3447305
            ],
            [
              10.2067884,
              36.3450546
            ],
            [
              10.2069225,
              36.3452447
            ],
            [
              10.2070861,
              36.3454996
            ],
            [
              10.207184,
              36.34576
            ],
            [
              10.2072443,
              36.3458874
            ],
            [
              10.2073463,
              36.346084
            ],
            [
              10.2074589,
              36.3462698
            ],
            [
              10.2075206,
              36.3464275
            ],
            [
              10.2075152,
              36.346609
            ],
            [
              10.2075139,
              36.3468045
            ],
            [
              10.2075018,
              36.3468985
            ],
            [
              10.2074696,
              36.3470378
            ],
            [
              10.2073852,
              36.3472118
            ],
            [
              10.2072309,
              36.3474202
            ],
            [
              10.2068933,
              36.3478824
            ],
            [
              10.2065891,
              36.3482511
            ],
            [
              10.2061353,
              36.3487828
            ],
            [
              10.2059374,
              36.349021
            ],
            [
              10.2058408,
              36.3491231
            ],
            [
              10.2057059,
              36.3492902
            ],
            [
              10.205676,
              36.3493831
            ],
            [
              10.2057381,
              36.3494447
            ],
            [
              10.2059087,
              36.3494811
            ],
            [
              10.2065574,
              36.3499978
            ],
            [
              10.2066469,
              36.3500817
            ],
            [
              10.2067476,
              36.3501774
            ],
            [
              10.2067692,
              36.3501979
            ],
            [
              10.2068142,
              36.350254
            ],
            [
              10.2071899,
              36.3506636
            ],
            [
              10.207292,
              36.3507957
            ],
            [
              10.2073583,
              36.3508616
            ],
            [
              10.207697,
              36.3511057
            ],
            [
              10.2078163,
              36.3512051
            ],
            [
              10.2080591,
              36.3514513
            ],
            [
              10.2083487,
              36.3517279
            ],
            [
              10.2085643,
              36.3519432
            ],
            [
              10.2086147,
              36.3520077
            ],
            [
              10.2088,
              36.352242
            ],
            [
              10.2091594,
              36.3527399
            ],
            [
              10.209238,
              36.3528553
            ],
            [
              10.2097747,
              36.3535983
            ],
            [
              10.2098315,
              36.3536827
            ],
            [
              10.2100908,
              36.3540441
            ],
            [
              10.2102509,
              36.3542628
            ],
            [
              10.2103926,
              36.3544718
            ],
            [
              10.2107547,
              36.3549395
            ],
            [
              10.2110053,
              36.3552594
            ],
            [
              10.2111718,
              36.3554666
            ],
            [
              10.2115781,
              36.3560034
            ],
            [
              10.2118142,
              36.3562884
            ],
            [
              10.2118545,
              36.3563357
            ],
            [
              10.2120756,
              36.3565697
            ],
            [
              10.2120915,
              36.3565948
            ],
            [
              10.2121699,
              36.3566833
            ],
            [
              10.2125518,
              36.357213
            ],
            [
              10.2127787,
              36.3574799
            ],
            [
              10.2130091,
              36.3577509
            ],
            [
              10.2133166,
              36.3580807
            ],
            [
              10.213917,
              36.3587013
            ],
            [
              10.2144159,
              36.3591549
            ],
            [
              10.2149818,
              36.3596539
            ],
            [
              10.2153976,
              36.3599973
            ],
            [
              10.2157194,
              36.3602878
            ],
            [
              10.2161338,
              36.3606864
            ],
            [
              10.2163129,
              36.3608446
            ],
            [
              10.2165074,
              36.3607453
            ],
            [
              10.2171135,
              36.3604115
            ],
            [
              10.2180523,
              36.3598801
            ],
            [
              10.218637,
              36.3594535
            ],
            [
              10.2189495,
              36.3591447
            ],
            [
              10.2192016,
              36.3588617
            ],
            [
              10.2195691,
              36.3583303
            ],
            [
              10.2198185,
              36.3578551
            ],
            [
              10.2200224,
              36.3573475
            ],
            [
              10.2204918,
              36.3562221
            ],
            [
              10.2208565,
              36.355371
            ],
            [
              10.2211489,
              36.3547273
            ],
            [
              10.2214118,
              36.3541786
            ],
            [
              10.2216639,
              36.3538286
            ],
            [
              10.221967,
              36.3535327
            ],
            [
              10.2222835,
              36.3532821
            ],
            [
              10.2225866,
              36.3530575
            ],
            [
              10.2228897,
              36.3528846
            ],
            [
              10.2231123,
              36.352809
            ],
            [
              10.223359,
              36.3527183
            ],
            [
              10.223756,
              36.3525995
            ],
            [
              10.2243783,
              36.3524612
            ],
            [
              10.2261217,
              36.35204
            ],
            [
              10.2278517,
              36.3514913
            ],
            [
              10.2295228,
              36.3509491
            ],
            [
              10.2305501,
              36.3506272
            ],
            [
              10.2313762,
              36.3503248
            ],
            [
              10.2319716,
              36.3499748
            ],
            [
              10.2331531,
              36.3491026
            ],
            [
              10.2335441,
              36.3488217
            ],
            [
              10.2339263,
              36.3485522
            ],
            [
              10.2344088,
              36.3482467
            ],
            [
              10.2348723,
              36.3479765
            ],
            [
              10.2350208,
              36.3478954
            ],
            [
              10.2355251,
              36.3476654
            ],
            [
              10.236881,
              36.3470739
            ],
            [
              10.2381553,
              36.3464989
            ],
            [
              10.2393713,
              36.3459897
            ],
            [
              10.2395938,
              36.3464378
            ],
            [
              10.2401302,
              36.3476217
            ],
            [
              10.2405379,
              36.3483821
            ],
            [
              10.2408812,
              36.3487883
            ],
            [
              10.2422331,
              36.3490648
            ],
            [
              10.2426515,
              36.3493845
            ],
            [
              10.2439068,
              36.3497215
            ],
            [
              10.2452801,
              36.3497474
            ],
            [
              10.2456341,
              36.3500931
            ],
            [
              10.2461706,
              36.3503523
            ],
            [
              10.247458,
              36.3504992
            ],
            [
              10.2482808,
              36.3508003
            ],
            [
              10.2486811,
              36.351346
            ],
            [
              10.2494536,
              36.3517954
            ],
            [
              10.2500973,
              36.3516744
            ],
            [
              10.2511702,
              36.3514497
            ],
            [
              10.2521143,
              36.3511905
            ],
            [
              10.2528439,
              36.3512769
            ],
            [
              10.2536378,
              36.3518126
            ],
            [
              10.2543889,
              36.3524348
            ],
            [
              10.2556549,
              36.3530224
            ],
            [
              10.2570389,
              36.3532384
            ],
            [
              10.2571784,
              36.3533248
            ],
            [
              10.2575646,
              36.3535062
            ],
            [
              10.2580688,
              36.3534717
            ],
            [
              10.2585302,
              36.3532384
            ],
            [
              10.2586267,
              36.3529619
            ],
            [
              10.2589701,
              36.352936
            ],
            [
              10.2592061,
              36.3531606
            ],
            [
              10.2598284,
              36.3532729
            ],
            [
              10.2602039,
              36.3531779
            ],
            [
              10.2608154,
              36.3529619
            ],
            [
              10.2615235,
              36.3525471
            ],
            [
              10.2617703,
              36.3522792
            ],
            [
              10.2620425,
              36.3519811
            ],
            [
              10.2623858,
              36.3517392
            ],
            [
              10.2627935,
              36.3517046
            ],
            [
              10.2634158,
              36.3515664
            ],
            [
              10.263684,
              36.3514022
            ],
            [
              10.264081,
              36.3509442
            ],
            [
              10.2643063,
              36.3506418
            ],
            [
              10.2645638,
              36.3506763
            ],
            [
              10.2653148,
              36.351022
            ],
            [
              10.2660658,
              36.3512121
            ],
            [
              10.2669885,
              36.3513676
            ],
            [
              10.2677395,
              36.3521107
            ],
            [
              10.2685335,
              36.3532513
            ],
            [
              10.2696278,
              36.3534414
            ],
            [
              10.2719023,
              36.353234
            ],
            [
              10.2724388,
              36.3533896
            ],
            [
              10.2741983,
              36.3536834
            ],
            [
              10.2748206,
              36.3544092
            ],
            [
              10.2762797,
              36.3553942
            ],
            [
              10.2775028,
              36.3558089
            ],
            [
              10.2794769,
              36.3562755
            ],
            [
              10.2820303,
              36.3560509
            ],
            [
              10.2832534,
              36.3568112
            ],
            [
              10.285249,
              36.3575543
            ],
            [
              10.2859356,
              36.3579172
            ],
            [
              10.288296,
              36.3582628
            ],
            [
              10.2909567,
              36.3581073
            ],
            [
              10.2925231,
              36.3586257
            ],
            [
              10.2940466,
              36.3596279
            ],
            [
              10.2964499,
              36.3602327
            ],
            [
              10.2973082,
              36.3608894
            ],
            [
              10.2970078,
              36.3616151
            ],
            [
              10.2976113,
              36.3620946
            ],
            [
              10.2979492,
              36.3626994
            ],
            [
              10.2985715,
              36.3631746
            ],
            [
              10.2996444,
              36.363464
            ],
            [
              10.3006845,
              36.3645415
            ],
            [
              10.2992466,
              36.3653546
            ],
            [
              10.2971867,
              36.3672899
            ],
            [
              10.2946118,
              36.3695706
            ],
            [
              10.2927235,
              36.37059
            ],
            [
              10.29017,
              36.3714711
            ],
            [
              10.2878097,
              36.3717562
            ],
            [
              10.2818445,
              36.3711688
            ],
            [
              10.2775529,
              36.3710305
            ],
            [
              10.2727893,
              36.3726201
            ],
            [
              10.2697423,
              36.3736221
            ],
            [
              10.2687553,
              36.3748142
            ],
            [
              10.2678111,
              36.3753325
            ],
            [
              10.2671889,
              36.3761013
            ],
            [
              10.2657297,
              36.3781745
            ],
            [
              10.2651289,
              36.3800403
            ],
            [
              10.2647212,
              36.3822515
            ],
            [
              10.2641419,
              36.3835644
            ],
            [
              10.2630905,
              36.3846009
            ],
            [
              10.2617601,
              36.3862765
            ],
            [
              10.2604512,
              36.3877534
            ],
            [
              10.2595392,
              36.3890576
            ],
            [
              10.25852,
              36.3906338
            ],
            [
              10.25749,
              36.3918861
            ],
            [
              10.2562562,
              36.3926807
            ],
            [
              10.2554193,
              36.3930607
            ],
            [
              10.2544537,
              36.39354
            ],
            [
              10.2541962,
              36.3952672
            ],
            [
              10.2541962,
              36.3984452
            ],
            [
              10.2538958,
              36.4007855
            ],
            [
              10.2534023,
              36.4010877
            ],
            [
              10.2529732,
              36.4012475
            ],
            [
              10.2514926,
              36.4014202
            ],
            [
              10.2491322,
              36.4013338
            ],
            [
              10.2463427,
              36.401282
            ],
            [
              10.2430275,
              36.401187
            ],
            [
              10.2410427,
              36.4011093
            ],
            [
              10.2392832,
              36.4009798
            ],
            [
              10.2380083,
              36.4010449
            ]
          ]
        ]
      }
    },
    {
      "type": "Feature",
      "properties": {
        "name": "Ezzriba",
        "name_ar": "الزريبة",
        "osm_id": 7113328,
        "admin_level": "6"
      },
      "geometry": {
        "type": "Polygon",
        "coordinates": [
          [
            [
              10.3006845,
              36.3645415
            ],
            [
              10.3020576,
              36.363765
            ],
            [
              10.3029588,
              36.3631213
            ],
            [
              10.303869,
              36.3630073
            ],
            [
              10.3022575,
              36.3612757
            ],
            [
              10.3000259,
              36.3594786
            ],
            [
              10.2983093,
              36.3570594
            ],
            [
              10.2970219,
              36.3552622
            ],
            [
              10.2970219,
              36.3539142
            ],
            [
              10.2969575,
              36.3534131
            ],
            [
              10.2964425,
              36.3523762
            ],
            [
              10.2959061,
              36.3516676
            ],
            [
              10.2960134,
              36.3507517
            ],
            [
              10.2963352,
              36.3503887
            ],
            [
              10.2964425,
              36.3496283
            ],
            [
              10.296421,
              36.3492135
            ],
            [
              10.2963138,
              36.3484877
            ],
            [
              10.2957988,
              36.3473643
            ],
            [
              10.295198,
              36.3465866
            ],
            [
              10.2945328,
              36.3460681
            ],
            [
              10.2938032,
              36.3458607
            ],
            [
              10.2926445,
              36.3460681
            ],
            [
              10.2917218,
              36.3460681
            ],
            [
              10.2908635,
              36.3460162
            ],
            [
              10.2898335,
              36.3453422
            ],
            [
              10.2894688,
              36.3448583
            ],
            [
              10.2899837,
              36.3434929
            ],
            [
              10.2903271,
              36.3420756
            ],
            [
              10.2901554,
              36.3406928
            ],
            [
              10.2895546,
              36.3400706
            ],
            [
              10.2886963,
              36.3393792
            ],
            [
              10.2882671,
              36.3379273
            ],
            [
              10.2879667,
              36.3370631
            ],
            [
              10.2871084,
              36.3360605
            ],
            [
              10.2860784,
              36.3354037
            ],
            [
              10.2854776,
              36.3345394
            ],
            [
              10.2850485,
              36.3330528
            ],
            [
              10.2856493,
              36.3319465
            ],
            [
              10.2867222,
              36.3307019
            ],
            [
              10.2874947,
              36.329682
            ],
            [
              10.2879453,
              36.3289386
            ],
            [
              10.2885461,
              36.3283163
            ],
            [
              10.2884603,
              36.3277199
            ],
            [
              10.288192,
              36.3274563
            ],
            [
              10.2881223,
              36.3272661
            ],
            [
              10.288066,
              36.327063
            ],
            [
              10.2880177,
              36.3268426
            ],
            [
              10.2879479,
              36.3265811
            ],
            [
              10.2879077,
              36.3263477
            ],
            [
              10.2878541,
              36.3261597
            ],
            [
              10.2877602,
              36.3259414
            ],
            [
              10.2877629,
              36.3256929
            ],
            [
              10.2877521,
              36.3254682
            ],
            [
              10.2877575,
              36.3252953
            ],
            [
              10.2878916,
              36.3251959
            ],
            [
              10.2879024,
              36.3251095
            ],
            [
              10.2878755,
              36.3250101
            ],
            [
              10.2878165,
              36.3248804
            ],
            [
              10.2876824,
              36.3247464
            ],
            [
              10.2875322,
              36.3246643
            ],
            [
              10.2874222,
              36.324607
            ],
            [
              10.2873042,
              36.3245303
            ],
            [
              10.287201,
              36.3244666
            ],
            [
              10.2870655,
              36.3243996
            ],
            [
              10.2869153,
              36.3243077
            ],
            [
              10.2868322,
              36.3242364
            ],
            [
              10.2867611,
              36.3241165
            ],
            [
              10.2866779,
              36.3240452
            ],
            [
              10.2865706,
              36.3239512
            ],
            [
              10.2865398,
              36.3238561
            ],
            [
              10.2865197,
              36.3237167
            ],
            [
              10.2864674,
              36.3235903
            ],
            [
              10.2864191,
              36.323465
            ],
            [
              10.2863722,
              36.3233256
            ],
            [
              10.2862984,
              36.3231322
            ],
            [
              10.2862944,
              36.3230857
            ],
            [
              10.2863212,
              36.3230003
            ],
            [
              10.2863668,
              36.322848
            ],
            [
              10.2864151,
              36.322687
            ],
            [
              10.2864285,
              36.3226459
            ],
            [
              10.2866927,
              36.3225184
            ],
            [
              10.2871165,
              36.322432
            ],
            [
              10.2874893,
              36.322432
            ],
            [
              10.2879614,
              36.3224082
            ],
            [
              10.2883878,
              36.3224061
            ],
            [
              10.2888143,
              36.3224017
            ],
            [
              10.2892059,
              36.3222742
            ],
            [
              10.2895331,
              36.3222116
            ],
            [
              10.2897745,
              36.3221597
            ],
            [
              10.2900401,
              36.3220754
            ],
            [
              10.2906275,
              36.3218658
            ],
            [
              10.2908045,
              36.3217793
            ],
            [
              10.2910271,
              36.3216281
            ],
            [
              10.2911183,
              36.3214638
            ],
            [
              10.2912202,
              36.3212391
            ],
            [
              10.2912739,
              36.3210489
            ],
            [
              10.2913249,
              36.3208803
            ],
            [
              10.2913624,
              36.3207291
            ],
            [
              10.291408,
              36.3205691
            ],
            [
              10.2914911,
              36.3203401
            ],
            [
              10.2915662,
              36.3201304
            ],
            [
              10.2916092,
              36.3199338
            ],
            [
              10.2916494,
              36.3197177
            ],
            [
              10.291695,
              36.3194086
            ],
            [
              10.2916709,
              36.3191666
            ],
            [
              10.2916548,
              36.3189872
            ],
            [
              10.2916011,
              36.3188338
            ],
            [
              10.2915287,
              36.3185571
            ],
            [
              10.2914053,
              36.3183453
            ],
            [
              10.291349,
              36.3182027
            ],
            [
              10.2912685,
              36.3180471
            ],
            [
              10.2911532,
              36.317965
            ],
            [
              10.290944,
              36.3178785
            ],
            [
              10.2907214,
              36.3177986
            ],
            [
              10.2904773,
              36.3177467
            ],
            [
              10.289914,
              36.3176213
            ],
            [
              10.2896297,
              36.3175349
            ],
            [
              10.2893212,
              36.3174636
            ],
            [
              10.2889565,
              36.3173577
            ],
            [
              10.2883771,
              36.3171913
            ],
            [
              10.2878889,
              36.3170249
            ],
            [
              10.287433,
              36.3168412
            ],
            [
              10.2873337,
              36.3168109
            ],
            [
              10.2873096,
              36.3164932
            ],
            [
              10.2873042,
              36.3161128
            ],
            [
              10.2872854,
              36.3159118
            ],
            [
              10.287213,
              36.3156222
            ],
            [
              10.2871031,
              36.315445
            ],
            [
              10.2869904,
              36.3152699
            ],
            [
              10.2867436,
              36.3150387
            ],
            [
              10.2865586,
              36.3149004
            ],
            [
              10.2863467,
              36.314788
            ],
            [
              10.2861536,
              36.3147188
            ],
            [
              10.2858719,
              36.3145762
            ],
            [
              10.2856278,
              36.3145005
            ],
            [
              10.2855393,
              36.3144768
            ],
            [
              10.2852362,
              36.3143709
            ],
            [
              10.2849573,
              36.3142801
            ],
            [
              10.2848554,
              36.3142498
            ],
            [
              10.2847159,
              36.3141439
            ],
            [
              10.2845737,
              36.3140056
            ],
            [
              10.2844289,
              36.3138803
            ],
            [
              10.2842304,
              36.3137895
            ],
            [
              10.2838522,
              36.313582
            ],
            [
              10.2833694,
              36.313435
            ],
            [
              10.2828169,
              36.3133313
            ],
            [
              10.2822697,
              36.3133356
            ],
            [
              10.2818137,
              36.3133183
            ],
            [
              10.2814811,
              36.3132708
            ],
            [
              10.2812183,
              36.3131541
            ],
            [
              10.2809232,
              36.3130633
            ],
            [
              10.2807462,
              36.3129336
            ],
            [
              10.2806979,
              36.3128212
            ],
            [
              10.2806067,
              36.3126181
            ],
            [
              10.280537,
              36.3124668
            ],
            [
              10.2805638,
              36.3123501
            ],
            [
              10.2806282,
              36.3121858
            ],
            [
              10.280655,
              36.3120734
            ],
            [
              10.2807569,
              36.3119826
            ],
            [
              10.2810305,
              36.3118097
            ],
            [
              10.2812558,
              36.3116844
            ],
            [
              10.2815187,
              36.3114985
            ],
            [
              10.281862,
              36.31117
            ],
            [
              10.2820659,
              36.3109365
            ],
            [
              10.2822643,
              36.3107636
            ],
            [
              10.2824038,
              36.3104567
            ],
            [
              10.2824843,
              36.310219
            ],
            [
              10.2825594,
              36.3096916
            ],
            [
              10.2824521,
              36.3093458
            ],
            [
              10.2823234,
              36.3090993
            ],
            [
              10.2822858,
              36.3088097
            ],
            [
              10.279965,
              36.308931
            ],
            [
              10.2787634,
              36.3088186
            ],
            [
              10.2783128,
              36.3086889
            ],
            [
              10.2778193,
              36.3083172
            ],
            [
              10.277197,
              36.30798
            ],
            [
              10.276285,
              36.3085333
            ],
            [
              10.275298,
              36.3084382
            ],
            [
              10.2748152,
              36.3082221
            ],
            [
              10.2747937,
              36.3077811
            ],
            [
              10.2748688,
              36.3070808
            ],
            [
              10.2748045,
              36.3068387
            ],
            [
              10.2747508,
              36.3060174
            ],
            [
              10.2740749,
              36.3049539
            ],
            [
              10.2736672,
              36.304513
            ],
            [
              10.2733132,
              36.3040893
            ],
            [
              10.2719077,
              36.3035965
            ],
            [
              10.2715214,
              36.3032852
            ],
            [
              10.2706953,
              36.3029912
            ],
            [
              10.2702125,
              36.3028269
            ],
            [
              10.2694079,
              36.3040288
            ],
            [
              10.2686998,
              36.3048588
            ],
            [
              10.2682062,
              36.3053257
            ],
            [
              10.267069,
              36.3052392
            ],
            [
              10.2666827,
              36.3047032
            ],
            [
              10.2664896,
              36.3039942
            ],
            [
              10.2658673,
              36.3031469
            ],
            [
              10.2655026,
              36.3026281
            ],
            [
              10.2654596,
              36.3017288
            ],
            [
              10.265288,
              36.3010717
            ],
            [
              10.2649125,
              36.3007129
            ],
            [
              10.2645101,
              36.300501
            ],
            [
              10.264258,
              36.3001076
            ],
            [
              10.2642097,
              36.2995023
            ],
            [
              10.2639522,
              36.2988452
            ],
            [
              10.2634802,
              36.2983696
            ],
            [
              10.2628472,
              36.298188
            ],
            [
              10.2623644,
              36.2979805
            ],
            [
              10.2618709,
              36.2976606
            ],
            [
              10.2613666,
              36.2973493
            ],
            [
              10.2608194,
              36.2973839
            ],
            [
              10.2604654,
              36.2973406
            ],
            [
              10.2602723,
              36.2974876
            ],
            [
              10.2600255,
              36.297626
            ],
            [
              10.2597573,
              36.2976692
            ],
            [
              10.2594247,
              36.2977989
            ],
            [
              10.2592745,
              36.2977989
            ],
            [
              10.2591243,
              36.2979632
            ],
            [
              10.2586951,
              36.2979459
            ],
            [
              10.2584698,
              36.2979459
            ],
            [
              10.2581694,
              36.2981016
            ],
            [
              10.257987,
              36.2982226
            ],
            [
              10.2577617,
              36.2982831
            ],
            [
              10.2575042,
              36.2982399
            ],
            [
              10.2573218,
              36.2983523
            ],
            [
              10.256957,
              36.2984128
            ],
            [
              10.2568068,
              36.2983956
            ],
            [
              10.2565923,
              36.2984561
            ],
            [
              10.2563348,
              36.2984215
            ],
            [
              10.2558091,
              36.2983869
            ],
            [
              10.2555838,
              36.2984215
            ],
            [
              10.2552726,
              36.298655
            ],
            [
              10.2550688,
              36.2988279
            ],
            [
              10.2549722,
              36.2990787
            ],
            [
              10.2548757,
              36.2991997
            ],
            [
              10.2546182,
              36.2994937
            ],
            [
              10.2541461,
              36.2994591
            ],
            [
              10.2536526,
              36.2993035
            ],
            [
              10.2532663,
              36.2994418
            ],
            [
              10.252687,
              36.2997185
            ],
            [
              10.2524295,
              36.2995629
            ],
            [
              10.2521934,
              36.2996147
            ],
            [
              10.2516785,
              36.2999087
            ],
            [
              10.2512708,
              36.3003065
            ],
            [
              10.2509489,
              36.3004448
            ],
            [
              10.2504554,
              36.3004794
            ],
            [
              10.2497258,
              36.3004794
            ],
            [
              10.2495756,
              36.3007907
            ],
            [
              10.2493396,
              36.3012403
            ],
            [
              10.24861,
              36.3013787
            ],
            [
              10.2481809,
              36.3022087
            ],
            [
              10.2477946,
              36.3024162
            ],
            [
              10.2472796,
              36.3023298
            ],
            [
              10.2469149,
              36.3024854
            ],
            [
              10.2466144,
              36.3030561
            ],
            [
              10.2462711,
              36.3034884
            ],
            [
              10.2456489,
              36.3037651
            ],
            [
              10.2453484,
              36.3038515
            ],
            [
              10.2449837,
              36.3037305
            ],
            [
              10.2445974,
              36.3036959
            ],
            [
              10.2443399,
              36.3038861
            ],
            [
              10.2438679,
              36.3038861
            ],
            [
              10.2436533,
              36.3042147
            ],
            [
              10.2429452,
              36.3045086
            ],
            [
              10.2423444,
              36.3045432
            ],
            [
              10.2421298,
              36.3043876
            ],
            [
              10.2418294,
              36.304059
            ],
            [
              10.2417221,
              36.3038169
            ],
            [
              10.2413144,
              36.3037305
            ],
            [
              10.241014,
              36.303644
            ],
            [
              10.2408101,
              36.3036094
            ],
            [
              10.2405527,
              36.3037305
            ],
            [
              10.2402952,
              36.30367
            ],
            [
              10.2402522,
              36.3038948
            ],
            [
              10.2399733,
              36.3037478
            ],
            [
              10.239748,
              36.3036959
            ],
            [
              10.2395871,
              36.3037651
            ],
            [
              10.2394476,
              36.3036872
            ],
            [
              10.2391364,
              36.3035576
            ],
            [
              10.2390077,
              36.3034841
            ],
            [
              10.2387931,
              36.3034235
            ],
            [
              10.2385839,
              36.3034711
            ],
            [
              10.2382996,
              36.3035403
            ],
            [
              10.2381065,
              36.3035705
            ],
            [
              10.2378436,
              36.3035273
            ],
            [
              10.237672,
              36.3035792
            ],
            [
              10.2375432,
              36.3036483
            ],
            [
              10.2373447,
              36.3036483
            ],
            [
              10.2371945,
              36.3035878
            ],
            [
              10.2368941,
              36.3035748
            ],
            [
              10.2367761,
              36.3035921
            ],
            [
              10.2366313,
              36.3035359
            ],
            [
              10.2365401,
              36.3034711
            ],
            [
              10.2364113,
              36.3034754
            ],
            [
              10.2363738,
              36.3033889
            ],
            [
              10.2363148,
              36.3033457
            ],
            [
              10.2361109,
              36.3033803
            ],
            [
              10.2359768,
              36.303363
            ],
            [
              10.2357676,
              36.3033241
            ],
            [
              10.235714,
              36.3031771
            ],
            [
              10.2354779,
              36.3031209
            ],
            [
              10.2353384,
              36.3029955
            ],
            [
              10.2352204,
              36.3028269
            ],
            [
              10.2350702,
              36.3027318
            ],
            [
              10.2350702,
              36.3025848
            ],
            [
              10.2349951,
              36.3024638
            ],
            [
              10.2348127,
              36.3024033
            ],
            [
              10.2347537,
              36.3022952
            ],
            [
              10.2346357,
              36.3021785
            ],
            [
              10.2345713,
              36.3020963
            ],
            [
              10.234287,
              36.3020833
            ],
            [
              10.2339759,
              36.3021395
            ],
            [
              10.2337184,
              36.3022433
            ],
            [
              10.233536,
              36.3022995
            ],
            [
              10.2332463,
              36.3022606
            ],
            [
              10.2328064,
              36.3020271
            ],
            [
              10.2323773,
              36.3018412
            ],
            [
              10.2322378,
              36.3017072
            ],
            [
              10.2316424,
              36.3016381
            ],
            [
              10.2310094,
              36.3014738
            ],
            [
              10.2303442,
              36.3014132
            ],
            [
              10.2299472,
              36.3015602
            ],
            [
              10.2294966,
              36.3018196
            ],
            [
              10.2288207,
              36.301932
            ],
            [
              10.2285203,
              36.3020012
            ],
            [
              10.2286597,
              36.302373
            ],
            [
              10.2279946,
              36.3025113
            ],
            [
              10.227662,
              36.3026324
            ],
            [
              10.2276834,
              36.3029523
            ],
            [
              10.2271684,
              36.3028399
            ],
            [
              10.2260848,
              36.3033155
            ],
            [
              10.2263101,
              36.3037262
            ],
            [
              10.2262243,
              36.3042017
            ],
            [
              10.226235,
              36.3045043
            ],
            [
              10.2262779,
              36.3047378
            ],
            [
              10.2262243,
              36.3050836
            ],
            [
              10.2260312,
              36.3054294
            ],
            [
              10.2259346,
              36.3058531
            ],
            [
              10.2256664,
              36.3061557
            ],
            [
              10.2254947,
              36.3064497
            ],
            [
              10.2251192,
              36.3068128
            ],
            [
              10.2252802,
              36.3072624
            ],
            [
              10.2255376,
              36.3075391
            ],
            [
              10.2258595,
              36.3079368
            ],
            [
              10.2262458,
              36.3084555
            ],
            [
              10.2263584,
              36.3088575
            ],
            [
              10.2264013,
              36.3091558
            ],
            [
              10.2267554,
              36.3095708
            ],
            [
              10.2273455,
              36.310042
            ],
            [
              10.2277317,
              36.3103273
            ],
            [
              10.2281823,
              36.3106688
            ],
            [
              10.2286597,
              36.3112869
            ],
            [
              10.2290084,
              36.3115939
            ],
            [
              10.2293518,
              36.3118964
            ],
            [
              10.2290943,
              36.3122163
            ],
            [
              10.2287027,
              36.3125621
            ],
            [
              10.228016,
              36.3132062
            ],
            [
              10.22778,
              36.3134785
            ],
            [
              10.2274045,
              36.3138027
            ],
            [
              10.2271577,
              36.3140794
            ],
            [
              10.2269324,
              36.3144943
            ],
            [
              10.2259936,
              36.3149136
            ],
            [
              10.225307,
              36.3163487
            ],
            [
              10.2254357,
              36.3172996
            ],
            [
              10.2259936,
              36.3174379
            ],
            [
              10.2263584,
              36.3180258
            ],
            [
              10.227088,
              36.3180776
            ],
            [
              10.2286544,
              36.3177145
            ],
            [
              10.2286115,
              36.3182419
            ],
            [
              10.2282467,
              36.318726
            ],
            [
              10.2283111,
              36.3195213
            ],
            [
              10.228354,
              36.3201782
            ],
            [
              10.2288475,
              36.3209044
            ],
            [
              10.2294483,
              36.3211983
            ],
            [
              10.2290366,
              36.3216954
            ],
            [
              10.229101,
              36.3221103
            ],
            [
              10.2298091,
              36.3231303
            ],
            [
              10.2296482,
              36.3239947
            ],
            [
              10.2298198,
              36.3241676
            ],
            [
              10.2297876,
              36.3244355
            ],
            [
              10.2300237,
              36.3246084
            ],
            [
              10.2300666,
              36.3247381
            ],
            [
              10.2303992,
              36.3249628
            ],
            [
              10.2300773,
              36.3252654
            ],
            [
              10.2298627,
              36.3257926
            ],
            [
              10.2296267,
              36.3263113
            ],
            [
              10.2296589,
              36.3265533
            ],
            [
              10.2296482,
              36.3267521
            ],
            [
              10.2295087,
              36.3270028
            ],
            [
              10.2293799,
              36.3272966
            ],
            [
              10.2292512,
              36.3274954
            ],
            [
              10.2290903,
              36.327772
            ],
            [
              10.2288864,
              36.3279968
            ],
            [
              10.2288435,
              36.3282907
            ],
            [
              10.228704,
              36.3284808
            ],
            [
              10.2286182,
              36.3288611
            ],
            [
              10.2286718,
              36.3292674
            ],
            [
              10.2286075,
              36.3294575
            ],
            [
              10.2282534,
              36.3296736
            ],
            [
              10.2280496,
              36.3297298
            ],
            [
              10.2276848,
              36.3297644
            ],
            [
              10.2272985,
              36.3298681
            ],
            [
              10.2270089,
              36.3299977
            ],
            [
              10.2267514,
              36.3301965
            ],
            [
              10.226569,
              36.3303953
            ],
            [
              10.226408,
              36.3304213
            ],
            [
              10.225775,
              36.3301792
            ],
            [
              10.2252708,
              36.3299286
            ],
            [
              10.2246056,
              36.3297125
            ],
            [
              10.2242837,
              36.3296088
            ],
            [
              10.2237688,
              36.3295396
            ],
            [
              10.2236078,
              36.3295569
            ],
            [
              10.2231787,
              36.3296174
            ],
            [
              10.2225349,
              36.3295742
            ],
            [
              10.2225242,
              36.3296606
            ],
            [
              10.2225457,
              36.3298335
            ],
            [
              10.2226261,
              36.3300193
            ],
            [
              10.2226261,
              36.3300928
            ],
            [
              10.2226851,
              36.330283
            ],
            [
              10.2227871,
              36.3305509
            ],
            [
              10.2227817,
              36.3308232
            ],
            [
              10.2227549,
              36.3310176
            ],
            [
              10.2226637,
              36.3313418
            ],
            [
              10.2226851,
              36.3315967
            ],
            [
              10.2228032,
              36.3317998
            ],
            [
              10.2229373,
              36.3321369
            ],
            [
              10.2229104,
              36.3323616
            ],
            [
              10.2227388,
              36.3327419
            ],
            [
              10.2226369,
              36.3327895
            ],
            [
              10.22283,
              36.3332043
            ],
            [
              10.2229695,
              36.333697
            ],
            [
              10.2229802,
              36.3343539
            ],
            [
              10.2231733,
              36.3349632
            ],
            [
              10.2232699,
              36.3351922
            ],
            [
              10.223404,
              36.3355163
            ],
            [
              10.2235354,
              36.3357799
            ],
            [
              10.2236427,
              36.3359355
            ],
            [
              10.2238519,
              36.3362207
            ],
            [
              10.2241309,
              36.336454
            ],
            [
              10.2242891,
              36.3365902
            ],
            [
              10.2245251,
              36.3367328
            ],
            [
              10.2248738,
              36.3369251
            ],
            [
              10.2251662,
              36.3370547
            ],
            [
              10.2252923,
              36.3371887
            ],
            [
              10.2253808,
              36.3373615
            ],
            [
              10.2254371,
              36.3376057
            ],
            [
              10.2256302,
              36.3381912
            ],
            [
              10.225657,
              36.3383511
            ],
            [
              10.2256839,
              36.3384958
            ],
            [
              10.2257241,
              36.3387162
            ],
            [
              10.2257268,
              36.3390317
            ],
            [
              10.2257831,
              36.3394638
            ],
            [
              10.226223,
              36.3394789
            ],
            [
              10.2268211,
              36.3394875
            ],
            [
              10.227784,
              36.3395178
            ],
            [
              10.2280522,
              36.3395156
            ],
            [
              10.2283491,
              36.3394687
            ],
            [
              10.2285324,
              36.3393558
            ],
            [
              10.2286343,
              36.3392088
            ],
            [
              10.2287738,
              36.3389582
            ],
            [
              10.228983,
              36.3386428
            ],
            [
              10.229219,
              36.3386514
            ],
            [
              10.2292941,
              36.3387292
            ],
            [
              10.2294658,
              36.3389539
            ],
            [
              10.2292726,
              36.3392132
            ],
            [
              10.2295731,
              36.3396107
            ],
            [
              10.2305387,
              36.3396453
            ],
            [
              10.231354,
              36.3402157
            ],
            [
              10.2316115,
              36.3410799
            ],
            [
              10.2319119,
              36.3417194
            ],
            [
              10.2330063,
              36.342791
            ],
            [
              10.2337788,
              36.3433959
            ],
            [
              10.236182,
              36.3440873
            ],
            [
              10.2390788,
              36.3454008
            ],
            [
              10.2393713,
              36.3459897
            ],
            [
              10.2395938,
              36.3464378
            ],
            [
              10.2401302,
              36.3476217
            ],
            [
              10.2405379,
              36.3483821
            ],
            [
              10.2408812,
              36.3487883
            ],
            [
              10.2422331,
              36.3490648
            ],
            [
              10.2426515,
              36.3493845
            ],
            [
              10.2439068,
              36.3497215
            ],
            [
              10.2452801,
              36.3497474
            ],
            [
              10.2456341,
              36.3500931
            ],
            [
              10.2461706,
              36.3503523
            ],
            [
              10.247458,
              36.3504992
            ],
            [
              10.2482808,
              36.3508003
            ],
            [
              10.2486811,
              36.351346
            ],
            [
              10.2494536,
              36.3517954
            ],
            [
              10.2500973,
              36.3516744
            ],
            [
              10.2511702,
              36.3514497
            ],
            [
              10.2521143,
              36.3511905
            ],
            [
              10.2528439,
              36.3512769
            ],
            [
              10.2536378,
              36.3518126
            ],
            [
              10.2543889,
              36.3524348
            ],
            [
              10.2556549,
              36.3530224
            ],
            [
              10.2570389,
              36.3532384
            ],
            [
              10.2571784,
              36.3533248
            ],
            [
              10.2575646,
              36.3535062
            ],
            [
              10.2580688,
              36.3534717
            ],
            [
              10.2585302,
              36.3532384
            ],
            [
              10.2586267,
              36.3529619
            ],
            [
              10.2589701,
              36.352936
            ],
            [
              10.2592061,
              36.3531606
            ],
            [
              10.2598284,
              36.3532729
            ],
            [
              10.2602039,
              36.3531779
            ],
            [
              10.2608154,
              36.3529619
            ],
            [
              10.2615235,
              36.3525471
            ],
            [
              10.2617703,
              36.3522792
            ],
            [
              10.2620425,
              36.3519811
            ],
            [
              10.2623858,
              36.3517392
            ],
            [
              10.2627935,
              36.3517046
            ],
            [
              10.2634158,
              36.3515664
            ],
            [
              10.263684,
              36.3514022
            ],
            [
              10.264081,
              36.3509442
            ],
            [
              10.2643063,
              36.3506418
            ],
            [
              10.2645638,
              36.3506763
            ],
            [
              10.2653148,
              36.351022
            ],
            [
              10.2660658,
              36.3512121
            ],
            [
              10.2669885,
              36.3513676
            ],
            [
              10.2677395,
              36.3521107
            ],
            [
              10.2685335,
              36.3532513
            ],
            [
              10.2696278,
              36.3534414
            ],
            [
              10.2719023,
              36.353234
            ],
            [
              10.2724388,
              36.3533896
            ],
            [
              10.2741983,
              36.3536834
            ],
            [
              10.2748206,
              36.3544092
            ],
            [
              10.2762797,
              36.3553942
            ],
            [
              10.2775028,
              36.3558089
            ],
            [
              10.2794769,
              36.3562755
            ],
            [
              10.2820303,
              36.3560509
            ],
            [
              10.2832534,
              36.3568112
            ],
            [
              10.285249,
              36.3575543
            ],
            [
              10.2859356,
              36.3579172
            ],
            [
              10.288296,
              36.3582628
            ],
            [
              10.2909567,
              36.3581073
            ],
            [
              10.2925231,
              36.3586257
            ],
            [
              10.2940466,
              36.3596279
            ],
            [
              10.2964499,
              36.3602327
            ],
            [
              10.2973082,
              36.3608894
            ],
            [
              10.2970078,
              36.3616151
            ],
            [
              10.2976113,
              36.3620946
            ],
            [
              10.2979492,
              36.3626994
            ],
            [
              10.2985715,
              36.3631746
            ],
            [
              10.2996444,
              36.363464
            ],
            [
              10.3006845,
              36.3645415
            ]
          ]
        ]
      }
    },
    {
      "type": "Feature",
      "properties": {
        "name": "Kabouti",
        "name_ar": "الكبوطي",
        "osm_id": 7174569,
        "admin_level": "6"
      },
      "geometry": {
        "type": "Polygon",
        "coordinates": [
          [
            [
              10.3786752,
              36.5444038
            ],
            [
              10.3787415,
              36.5439911
            ],
            [
              10.3748445,
              36.5418812
            ],
            [
              10.3725486,
              36.5410537
            ],
            [
              10.3711323,
              36.5413468
            ],
            [
              10.3708963,
              36.5421226
            ],
            [
              10.3663687,
              36.5414675
            ],
            [
              10.3638582,
              36.5418985
            ],
            [
              10.3604893,
              36.5408641
            ],
            [
              10.3517775,
              36.5370023
            ],
            [
              10.3498463,
              36.5350713
            ],
            [
              10.3480868,
              36.5339334
            ],
            [
              10.348237,
              36.5323472
            ],
            [
              10.3490739,
              36.5309333
            ],
            [
              10.34969,
              36.52798
            ],
            [
              10.349151,
              36.52846
            ],
            [
              10.348786,
              36.52923
            ],
            [
              10.348365,
              36.52946
            ],
            [
              10.347741,
              36.52995
            ],
            [
              10.346864,
              36.53015
            ],
            [
              10.345893,
              36.53024
            ],
            [
              10.345143,
              36.53047
            ],
            [
              10.344896,
              36.53119
            ],
            [
              10.344702,
              36.53162
            ],
            [
              10.343731,
              36.53197
            ],
            [
              10.343133,
              36.53179
            ],
            [
              10.342367,
              36.53128
            ],
            [
              10.341686,
              36.53087
            ],
            [
              10.340927,
              36.53071
            ],
            [
              10.340338,
              36.53085
            ],
            [
              10.339834,
              36.53108
            ],
            [
              10.339039,
              36.53157
            ],
            [
              10.338583,
              36.53189
            ],
            [
              10.337504,
              36.53239
            ],
            [
              10.336775,
              36.53261
            ],
            [
              10.336147,
              36.53254
            ],
            [
              10.335727,
              36.53242
            ],
            [
              10.334899,
              36.53212
            ],
            [
              10.333989,
              36.53193
            ],
            [
              10.333425,
              36.53211
            ],
            [
              10.331926,
              36.53297
            ],
            [
              10.330345,
              36.5335
            ],
            [
              10.329557,
              36.53406
            ],
            [
              10.328736,
              36.53425
            ],
            [
              10.328091,
              36.53441
            ],
            [
              10.327782,
              36.53473
            ],
            [
              10.327468,
              36.53494
            ],
            [
              10.326,
              36.53483
            ],
            [
              10.325245,
              36.53491
            ],
            [
              10.324487,
              36.53519
            ],
            [
              10.324141,
              36.53515
            ],
            [
              10.323595,
              36.53487
            ],
            [
              10.323189,
              36.53501
            ],
            [
              10.322863,
              36.53528
            ],
            [
              10.322479,
              36.53631
            ],
            [
              10.32223,
              36.53697
            ],
            [
              10.321959,
              36.53771
            ],
            [
              10.321231,
              36.53801
            ],
            [
              10.320616,
              36.538
            ],
            [
              10.318053,
              36.53777
            ],
            [
              10.31655,
              36.53815
            ],
            [
              10.316152,
              36.53853
            ],
            [
              10.315519,
              36.53954
            ],
            [
              10.31537,
              36.5399
            ],
            [
              10.315301,
              36.54019
            ],
            [
              10.315276,
              36.54045
            ],
            [
              10.315338,
              36.54067
            ],
            [
              10.315557,
              36.54091
            ],
            [
              10.315774,
              36.54107
            ],
            [
              10.316029,
              36.5413
            ],
            [
              10.316145,
              36.54162
            ],
            [
              10.31638,
              36.54241
            ],
            [
              10.316496,
              36.54285
            ],
            [
              10.315977,
              36.54304
            ],
            [
              10.315689,
              36.54307
            ],
            [
              10.31512,
              36.54305
            ],
            [
              10.314644,
              36.54287
            ],
            [
              10.314446,
              36.54254
            ],
            [
              10.314245,
              36.54243
            ],
            [
              10.313977,
              36.54232
            ],
            [
              10.31335,
              36.54238
            ],
            [
              10.313092,
              36.54236
            ],
            [
              10.312855,
              36.54232
            ],
            [
              10.312697,
              36.54219
            ],
            [
              10.312622,
              36.54211
            ],
            [
              10.312567,
              36.54192
            ],
            [
              10.312491,
              36.54181
            ],
            [
              10.312087,
              36.54149
            ],
            [
              10.311753,
              36.54139
            ],
            [
              10.311433,
              36.54116
            ],
            [
              10.311144,
              36.54082
            ],
            [
              10.31092,
              36.54064
            ],
            [
              10.310704,
              36.54056
            ],
            [
              10.310426,
              36.54031
            ],
            [
              10.310372,
              36.54012
            ],
            [
              10.310199,
              36.53994
            ],
            [
              10.310034,
              36.53984
            ],
            [
              10.309848,
              36.53977
            ],
            [
              10.30972,
              36.53962
            ],
            [
              10.30946,
              36.53953
            ],
            [
              10.309194,
              36.5395
            ],
            [
              10.308785,
              36.53939
            ],
            [
              10.308563,
              36.53935
            ],
            [
              10.307891,
              36.53939
            ],
            [
              10.307515,
              36.53944
            ],
            [
              10.307339,
              36.53949
            ],
            [
              10.306998,
              36.53942
            ],
            [
              10.306738,
              36.53938
            ],
            [
              10.306089,
              36.53943
            ],
            [
              10.305845,
              36.5394
            ],
            [
              10.305707,
              36.53946
            ],
            [
              10.305634,
              36.53959
            ],
            [
              10.305026,
              36.53974
            ],
            [
              10.304765,
              36.53982
            ],
            [
              10.304197,
              36.53988
            ],
            [
              10.304005,
              36.53986
            ],
            [
              10.303681,
              36.53991
            ],
            [
              10.303187,
              36.53999
            ],
            [
              10.302869,
              36.53997
            ],
            [
              10.302772,
              36.5399
            ],
            [
              10.302498,
              36.53986
            ],
            [
              10.302251,
              36.5397
            ],
            [
              10.301764,
              36.53971
            ],
            [
              10.30132,
              36.53969
            ],
            [
              10.301025,
              36.53973
            ],
            [
              10.300922,
              36.53975
            ],
            [
              10.30067,
              36.53972
            ],
            [
              10.300493,
              36.53974
            ],
            [
              10.300243,
              36.53981
            ],
            [
              10.299955,
              36.53979
            ],
            [
              10.299791,
              36.53975
            ],
            [
              10.299497,
              36.53984
            ],
            [
              10.299231,
              36.53981
            ],
            [
              10.298863,
              36.53991
            ],
            [
              10.298247,
              36.53996
            ],
            [
              10.298021,
              36.53992
            ],
            [
              10.297546,
              36.53978
            ],
            [
              10.29747,
              36.5397
            ],
            [
              10.297263,
              36.53969
            ],
            [
              10.297129,
              36.53963
            ],
            [
              10.297033,
              36.53963
            ],
            [
              10.29684,
              36.53956
            ],
            [
              10.2965,
              36.53956
            ],
            [
              10.296231,
              36.53939
            ],
            [
              10.296001,
              36.53932
            ],
            [
              10.295821,
              36.53915
            ],
            [
              10.29575,
              36.53893
            ],
            [
              10.29577,
              36.53875
            ],
            [
              10.295264,
              36.53859
            ],
            [
              10.29453,
              36.53862
            ],
            [
              10.294151,
              36.53827
            ],
            [
              10.293846,
              36.53806
            ],
            [
              10.293629,
              36.53778
            ],
            [
              10.29336,
              36.53762
            ],
            [
              10.293077,
              36.53765
            ],
            [
              10.292773,
              36.53748
            ],
            [
              10.292545,
              36.53729
            ],
            [
              10.292204,
              36.53724
            ],
            [
              10.291943,
              36.53707
            ],
            [
              10.291751,
              36.53709
            ],
            [
              10.2916,
              36.53689
            ],
            [
              10.2914,
              36.53689
            ],
            [
              10.29087,
              36.53656
            ],
            [
              10.290823,
              36.53642
            ],
            [
              10.290303,
              36.53621
            ],
            [
              10.290091,
              36.5359
            ],
            [
              10.289637,
              36.5353
            ],
            [
              10.289377,
              36.53522
            ],
            [
              10.288833,
              36.53444
            ],
            [
              10.288264,
              36.53403
            ],
            [
              10.287914,
              36.53387
            ],
            [
              10.287245,
              36.53316
            ],
            [
              10.286962,
              36.53305
            ],
            [
              10.286605,
              36.53247
            ],
            [
              10.286353,
              36.53241
            ],
            [
              10.285208,
              36.53092
            ],
            [
              10.284068,
              36.5299
            ],
            [
              10.283331,
              36.5297
            ],
            [
              10.283138,
              36.52942
            ],
            [
              10.282876,
              36.52931
            ],
            [
              10.282308,
              36.52861
            ],
            [
              10.281931,
              36.52795
            ],
            [
              10.280859,
              36.52672
            ],
            [
              10.280628,
              36.52636
            ],
            [
              10.280258,
              36.5261
            ],
            [
              10.279416,
              36.52522
            ],
            [
              10.278731,
              36.52423
            ],
            [
              10.278095,
              36.52453
            ],
            [
              10.277184,
              36.52483
            ],
            [
              10.276635,
              36.5256
            ],
            [
              10.275553,
              36.52625
            ],
            [
              10.275064,
              36.52709
            ],
            [
              10.275048,
              36.52793
            ],
            [
              10.274914,
              36.52879
            ],
            [
              10.275757,
              36.52973
            ],
            [
              10.276686,
              36.53051
            ],
            [
              10.278448,
              36.53161
            ],
            [
              10.279798,
              36.53297
            ],
            [
              10.279904,
              36.53313
            ],
            [
              10.280171,
              36.53316
            ],
            [
              10.280692,
              36.53339
            ],
            [
              10.280976,
              36.5336
            ],
            [
              10.280933,
              36.5338
            ],
            [
              10.280721,
              36.53383
            ],
            [
              10.280576,
              36.53397
            ],
            [
              10.280543,
              36.53421
            ],
            [
              10.280583,
              36.5344
            ],
            [
              10.280784,
              36.53452
            ],
            [
              10.281207,
              36.53455
            ],
            [
              10.281779,
              36.5348
            ],
            [
              10.282066,
              36.53504
            ],
            [
              10.2822,
              36.53524
            ],
            [
              10.282232,
              36.53578
            ],
            [
              10.282048,
              36.53595
            ],
            [
              10.281924,
              36.53608
            ],
            [
              10.281944,
              36.53619
            ],
            [
              10.28204,
              36.53628
            ],
            [
              10.282119,
              36.53643
            ],
            [
              10.282282,
              36.53662
            ],
            [
              10.282544,
              36.53677
            ],
            [
              10.282505,
              36.53692
            ],
            [
              10.281751,
              36.5374
            ],
            [
              10.281466,
              36.53754
            ],
            [
              10.28122,
              36.53784
            ],
            [
              10.280634,
              36.53779
            ],
            [
              10.280242,
              36.53773
            ],
            [
              10.279997,
              36.53789
            ],
            [
              10.280001,
              36.53817
            ],
            [
              10.280077,
              36.53849
            ],
            [
              10.280259,
              36.53877
            ],
            [
              10.280031,
              36.53892
            ],
            [
              10.27975,
              36.53908
            ],
            [
              10.27943,
              36.53899
            ],
            [
              10.279095,
              36.53913
            ],
            [
              10.278815,
              36.53939
            ],
            [
              10.278302,
              36.53941
            ],
            [
              10.277696,
              36.53924
            ],
            [
              10.277504,
              36.53944
            ],
            [
              10.277135,
              36.53965
            ],
            [
              10.276744,
              36.53962
            ],
            [
              10.276552,
              36.53978
            ],
            [
              10.275935,
              36.53964
            ],
            [
              10.275539,
              36.53981
            ],
            [
              10.274996,
              36.54006
            ],
            [
              10.274714,
              36.53997
            ],
            [
              10.274465,
              36.54011
            ],
            [
              10.274165,
              36.53988
            ],
            [
              10.274003,
              36.53992
            ],
            [
              10.273842,
              36.54
            ],
            [
              10.273613,
              36.54011
            ],
            [
              10.273238,
              36.53981
            ],
            [
              10.272896,
              36.53964
            ],
            [
              10.272617,
              36.53974
            ],
            [
              10.272354,
              36.53995
            ],
            [
              10.271863,
              36.53974
            ],
            [
              10.271228,
              36.53976
            ],
            [
              10.270951,
              36.54001
            ],
            [
              10.270357,
              36.53986
            ],
            [
              10.269899,
              36.53982
            ],
            [
              10.269357,
              36.54015
            ],
            [
              10.267948,
              36.54074
            ],
            [
              10.267478,
              36.5409
            ],
            [
              10.266932,
              36.54094
            ],
            [
              10.266693,
              36.54081
            ],
            [
              10.266099,
              36.54154
            ],
            [
              10.26534,
              36.54215
            ],
            [
              10.264684,
              36.54268
            ],
            [
              10.263905,
              36.54291
            ],
            [
              10.263207,
              36.54273
            ],
            [
              10.262496,
              36.54263
            ],
            [
              10.261955,
              36.54206
            ],
            [
              10.261467,
              36.54209
            ],
            [
              10.260888,
              36.54193
            ],
            [
              10.260271,
              36.54215
            ],
            [
              10.259906,
              36.54227
            ],
            [
              10.260023,
              36.54241
            ],
            [
              10.260562,
              36.54286
            ],
            [
              10.260765,
              36.54302
            ],
            [
              10.260939,
              36.54325
            ],
            [
              10.26106,
              36.54347
            ],
            [
              10.261179,
              36.54392
            ],
            [
              10.261177,
              36.54427
            ],
            [
              10.261116,
              36.54459
            ],
            [
              10.261127,
              36.54486
            ],
            [
              10.261361,
              36.54517
            ],
            [
              10.261692,
              36.54553
            ],
            [
              10.261942,
              36.54589
            ],
            [
              10.262057,
              36.54613
            ],
            [
              10.262068,
              36.54633
            ],
            [
              10.262136,
              36.54642
            ],
            [
              10.262255,
              36.54647
            ],
            [
              10.262521,
              36.5465
            ],
            [
              10.26285,
              36.54671
            ],
            [
              10.263373,
              36.5471
            ],
            [
              10.263769,
              36.54735
            ],
            [
              10.263987,
              36.54755
            ],
            [
              10.264087,
              36.54769
            ],
            [
              10.264187,
              36.54808
            ],
            [
              10.264252,
              36.54823
            ],
            [
              10.264452,
              36.54835
            ],
            [
              10.264634,
              36.54845
            ],
            [
              10.264727,
              36.54849
            ],
            [
              10.264854,
              36.54857
            ],
            [
              10.265071,
              36.54874
            ],
            [
              10.265237,
              36.5489
            ],
            [
              10.265432,
              36.54911
            ],
            [
              10.265853,
              36.54935
            ],
            [
              10.266313,
              36.54962
            ],
            [
              10.266534,
              36.5498
            ],
            [
              10.267222,
              36.55012
            ],
            [
              10.26749,
              36.55025
            ],
            [
              10.267923,
              36.55049
            ],
            [
              10.268643,
              36.5509
            ],
            [
              10.269142,
              36.55121
            ],
            [
              10.269435,
              36.55138
            ],
            [
              10.269944,
              36.5518
            ],
            [
              10.270002,
              36.55205
            ],
            [
              10.270094,
              36.55229
            ],
            [
              10.270431,
              36.55263
            ],
            [
              10.270504,
              36.55276
            ],
            [
              10.270663,
              36.55307
            ],
            [
              10.270761,
              36.55326
            ],
            [
              10.270879,
              36.55338
            ],
            [
              10.270948,
              36.55349
            ],
            [
              10.270969,
              36.55372
            ],
            [
              10.271002,
              36.55394
            ],
            [
              10.271202,
              36.5542
            ],
            [
              10.271604,
              36.55458
            ],
            [
              10.27222,
              36.55468
            ],
            [
              10.272773,
              36.55484
            ],
            [
              10.273572,
              36.55526
            ],
            [
              10.27422,
              36.55549
            ],
            [
              10.274311,
              36.55561
            ],
            [
              10.274566,
              36.5564
            ],
            [
              10.27464,
              36.5568
            ],
            [
              10.274459,
              36.55767
            ],
            [
              10.274309,
              36.55826
            ],
            [
              10.274297,
              36.55864
            ],
            [
              10.274397,
              36.55879
            ],
            [
              10.274528,
              36.5589
            ],
            [
              10.274729,
              36.55898
            ],
            [
              10.274961,
              36.55907
            ],
            [
              10.275112,
              36.55917
            ],
            [
              10.275249,
              36.55932
            ],
            [
              10.275501,
              36.55957
            ],
            [
              10.275736,
              36.5601
            ],
            [
              10.275867,
              36.56049
            ],
            [
              10.276018,
              36.5611
            ],
            [
              10.276211,
              36.56174
            ],
            [
              10.276544,
              36.56233
            ],
            [
              10.276785,
              36.56267
            ],
            [
              10.276888,
              36.56273
            ],
            [
              10.276973,
              36.56279
            ],
            [
              10.277086,
              36.56289
            ],
            [
              10.277303,
              36.56317
            ],
            [
              10.277601,
              36.56349
            ],
            [
              10.277632,
              36.56375
            ],
            [
              10.277686,
              36.56408
            ],
            [
              10.277938,
              36.56457
            ],
            [
              10.277928,
              36.56483
            ],
            [
              10.277755,
              36.56503
            ],
            [
              10.277757,
              36.56515
            ],
            [
              10.277807,
              36.56532
            ],
            [
              10.277747,
              36.56555
            ],
            [
              10.277741,
              36.56562
            ],
            [
              10.277819,
              36.56566
            ],
            [
              10.277937,
              36.56569
            ],
            [
              10.278157,
              36.5657
            ],
            [
              10.278335,
              36.56576
            ],
            [
              10.278526,
              36.56588
            ],
            [
              10.278831,
              36.5661
            ],
            [
              10.279148,
              36.56631
            ],
            [
              10.279445,
              36.5664
            ],
            [
              10.27999,
              36.56642
            ],
            [
              10.280354,
              36.56647
            ],
            [
              10.280672,
              36.56637
            ],
            [
              10.280964,
              36.56618
            ],
            [
              10.281136,
              36.56603
            ],
            [
              10.281225,
              36.56601
            ],
            [
              10.281443,
              36.56604
            ],
            [
              10.282242,
              36.56639
            ],
            [
              10.283143,
              36.56668
            ],
            [
              10.283795,
              36.56696
            ],
            [
              10.284083,
              36.56719
            ],
            [
              10.284569,
              36.56775
            ],
            [
              10.286146,
              36.5678
            ],
            [
              10.287915,
              36.56717
            ],
            [
              10.290638,
              36.5674
            ],
            [
              10.293605,
              36.56798
            ],
            [
              10.295249,
              36.56942
            ],
            [
              10.295892,
              36.56998
            ],
            [
              10.298023,
              36.57307
            ],
            [
              10.302804,
              36.57978
            ],
            [
              10.303355,
              36.5817
            ],
            [
              10.303361,
              36.58293
            ],
            [
              10.304447,
              36.58413
            ],
            [
              10.307528,
              36.58381
            ],
            [
              10.310041,
              36.58452
            ],
            [
              10.313018,
              36.58578
            ],
            [
              10.313912,
              36.5865
            ],
            [
              10.315154,
              36.58708
            ],
            [
              10.316232,
              36.58664
            ],
            [
              10.317586,
              36.58716
            ],
            [
              10.31798,
              36.58728
            ],
            [
              10.318292,
              36.58731
            ],
            [
              10.318747,
              36.58713
            ],
            [
              10.31913,
              36.58704
            ],
            [
              10.319311,
              36.58684
            ],
            [
              10.319577,
              36.58678
            ],
            [
              10.319866,
              36.58685
            ],
            [
              10.320243,
              36.58686
            ],
            [
              10.320667,
              36.58701
            ],
            [
              10.320855,
              36.58719
            ],
            [
              10.32104,
              36.58759
            ],
            [
              10.321119,
              36.58793
            ],
            [
              10.321262,
              36.58808
            ],
            [
              10.321448,
              36.58813
            ],
            [
              10.321749,
              36.58803
            ],
            [
              10.32219,
              36.58776
            ],
            [
              10.322654,
              36.5878
            ],
            [
              10.32308,
              36.5878
            ],
            [
              10.323488,
              36.58782
            ],
            [
              10.323756,
              36.58795
            ],
            [
              10.32404,
              36.58794
            ],
            [
              10.324206,
              36.5878
            ],
            [
              10.324462,
              36.58773
            ],
            [
              10.324685,
              36.5878
            ],
            [
              10.324995,
              36.58773
            ],
            [
              10.325418,
              36.58759
            ],
            [
              10.325755,
              36.58757
            ],
            [
              10.326138,
              36.58763
            ],
            [
              10.326631,
              36.58794
            ],
            [
              10.327077,
              36.58807
            ],
            [
              10.32741,
              36.588
            ],
            [
              10.327734,
              36.58813
            ],
            [
              10.327907,
              36.5884
            ],
            [
              10.328218,
              36.58854
            ],
            [
              10.32897,
              36.58889
            ],
            [
              10.33033,
              36.58943
            ],
            [
              10.330479,
              36.58944
            ],
            [
              10.331862,
              36.58963
            ],
            [
              10.332594,
              36.58953
            ],
            [
              10.333292,
              36.58956
            ],
            [
              10.333569,
              36.58981
            ],
            [
              10.333829,
              36.58979
            ],
            [
              10.334994,
              36.58995
            ],
            [
              10.335318,
              36.59021
            ],
            [
              10.336498,
              36.59057
            ],
            [
              10.337797,
              36.59126
            ],
            [
              10.338508,
              36.59221
            ],
            [
              10.33949,
              36.59291
            ],
            [
              10.340185,
              36.59338
            ],
            [
              10.340578,
              36.59421
            ],
            [
              10.340929,
              36.59469
            ],
            [
              10.341145,
              36.59488
            ],
            [
              10.341298,
              36.59502
            ],
            [
              10.341707,
              36.59522
            ],
            [
              10.3419,
              36.59546
            ],
            [
              10.342058,
              36.5957
            ],
            [
              10.34264,
              36.59581
            ],
            [
              10.343043,
              36.59584
            ],
            [
              10.343274,
              36.59619
            ],
            [
              10.344071,
              36.59612
            ],
            [
              10.344552,
              36.59657
            ],
            [
              10.345157,
              36.59733
            ],
            [
              10.345963,
              36.59777
            ],
            [
              10.346584,
              36.59776
            ],
            [
              10.347507,
              36.59809
            ],
            [
              10.348347,
              36.59879
            ],
            [
              10.349274,
              36.59936
            ],
            [
              10.349507,
              36.59951
            ],
            [
              10.350365,
              36.60018
            ],
            [
              10.351572,
              36.60055
            ],
            [
              10.353123,
              36.59938
            ],
            [
              10.3437845,
              36.591498
            ],
            [
              10.3439777,
              36.5891549
            ],
            [
              10.3350513,
              36.5803676
            ],
            [
              10.3331415,
              36.5779207
            ],
            [
              10.3326266,
              36.5778001
            ],
            [
              10.3323047,
              36.5769558
            ],
            [
              10.3328411,
              36.5755772
            ],
            [
              10.3327124,
              36.5751637
            ],
            [
              10.3332274,
              36.5741297
            ],
            [
              10.3341286,
              36.5745088
            ],
            [
              10.3351586,
              36.5741297
            ],
            [
              10.3372185,
              36.5742331
            ],
            [
              10.337476,
              36.5747845
            ],
            [
              10.3389351,
              36.575336
            ],
            [
              10.3395574,
              36.5756979
            ],
            [
              10.3403728,
              36.5758529
            ],
            [
              10.3405874,
              36.5767318
            ],
            [
              10.3409307,
              36.5769041
            ],
            [
              10.3414886,
              36.5767662
            ],
            [
              10.3421752,
              36.5759736
            ],
            [
              10.3431194,
              36.5761459
            ],
            [
              10.3446107,
              36.5780758
            ],
            [
              10.3449754,
              36.5783515
            ],
            [
              10.3457265,
              36.5783688
            ],
            [
              10.3494279,
              36.5803676
            ],
            [
              10.3500395,
              36.580471
            ],
            [
              10.3504901,
              36.5802987
            ],
            [
              10.3517239,
              36.580402
            ],
            [
              10.3521423,
              36.5808328
            ],
            [
              10.3533118,
              36.5811947
            ],
            [
              10.3546207,
              36.5810051
            ],
            [
              10.3556292,
              36.5812291
            ],
            [
              10.3565304,
              36.5811774
            ],
            [
              10.3578393,
              36.5815393
            ],
            [
              10.3579252,
              36.582263
            ],
            [
              10.3582792,
              36.5826076
            ],
            [
              10.359395,
              36.5824697
            ],
            [
              10.3600602,
              36.5828143
            ],
            [
              10.3605966,
              36.5824697
            ],
            [
              10.3619699,
              36.5825042
            ],
            [
              10.3626995,
              36.5825214
            ],
            [
              10.3638367,
              36.5815221
            ],
            [
              10.3641157,
              36.5806261
            ],
            [
              10.365328,
              36.5798679
            ],
            [
              10.3657679,
              36.5776795
            ],
            [
              10.3676777,
              36.5757323
            ],
            [
              10.3676777,
              36.5752326
            ],
            [
              10.3684931,
              36.5751981
            ],
            [
              10.3689651,
              36.5743537
            ],
            [
              10.3695659,
              36.5743365
            ],
            [
              10.3696732,
              36.5738368
            ],
            [
              10.3708963,
              36.5729234
            ],
            [
              10.3714328,
              36.5720446
            ],
            [
              10.3719907,
              36.5721652
            ],
            [
              10.3720979,
              36.5719412
            ],
            [
              10.3731923,
              36.5718205
            ],
            [
              10.3734927,
              36.5714931
            ],
            [
              10.3730206,
              36.5713036
            ],
            [
              10.3730421,
              36.5709244
            ],
            [
              10.3736644,
              36.57089
            ],
            [
              10.3739648,
              36.5707176
            ],
            [
              10.3739004,
              36.5701317
            ],
            [
              10.374866,
              36.5700111
            ],
            [
              10.3747587,
              36.5696319
            ],
            [
              10.3756599,
              36.5692011
            ],
            [
              10.3763466,
              36.5694424
            ],
            [
              10.376368,
              36.5687186
            ],
            [
              10.3789215,
              36.5674605
            ],
            [
              10.3799729,
              36.5655475
            ],
            [
              10.3798012,
              36.5639102
            ],
            [
              10.3804235,
              36.5618593
            ],
            [
              10.3774624,
              36.5593774
            ],
            [
              10.3798012,
              36.5545857
            ],
            [
              10.3798871,
              36.5531206
            ],
            [
              10.3790931,
              36.5510177
            ],
            [
              10.3777842,
              36.5499489
            ],
            [
              10.3782908,
              36.546796
            ],
            [
              10.3786752,
              36.5444038
            ]
          ]
        ]
      }
    },
    {
      "type": "Feature",
      "properties": {
        "name": "Sidi Salem El Garsi",
        "name_ar": "سيدي سالم القارصي",
        "osm_id": 7174614,
        "admin_level": "6"
      },
      "geometry": {
        "type": "Polygon",
        "coordinates": [
          [
            [
              10.270819,
              36.50341
            ],
            [
              10.2686827,
              36.5016854
            ],
            [
              10.2695625,
              36.5012024
            ],
            [
              10.2690904,
              36.499926
            ],
            [
              10.2685539,
              36.4996673
            ],
            [
              10.268511,
              36.4982183
            ],
            [
              10.2678029,
              36.4975801
            ],
            [
              10.2666442,
              36.4973386
            ],
            [
              10.2663009,
              36.4962346
            ],
            [
              10.2655713,
              36.4955274
            ],
            [
              10.2659147,
              36.4945959
            ],
            [
              10.2657001,
              36.4936471
            ],
            [
              10.2653997,
              36.4931641
            ],
            [
              10.264477,
              36.4928191
            ],
            [
              10.264477,
              36.4920083
            ],
            [
              10.2641337,
              36.4914046
            ],
            [
              10.2642624,
              36.4907145
            ],
            [
              10.2636401,
              36.4900762
            ],
            [
              10.2639191,
              36.4890929
            ],
            [
              10.2635543,
              36.4880233
            ],
            [
              10.2622454,
              36.4880751
            ],
            [
              10.2615587,
              36.4870055
            ],
            [
              10.26143,
              36.4863499
            ],
            [
              10.2608936,
              36.4852975
            ],
            [
              10.2612798,
              36.4849352
            ],
            [
              10.2613227,
              36.4841244
            ],
            [
              10.2602498,
              36.48321
            ],
            [
              10.2604215,
              36.4823991
            ],
            [
              10.2586783,
              36.4810453
            ],
            [
              10.2566922,
              36.4777108
            ],
            [
              10.2566409,
              36.4772341
            ],
            [
              10.256879,
              36.4767022
            ],
            [
              10.2563193,
              36.4757959
            ],
            [
              10.25621,
              36.4754248
            ],
            [
              10.2559824,
              36.4746525
            ],
            [
              10.2556563,
              36.4740908
            ],
            [
              10.2556561,
              36.4736461
            ],
            [
              10.2548705,
              36.4723755
            ],
            [
              10.2538125,
              36.4716154
            ],
            [
              10.252289,
              36.4704765
            ],
            [
              10.252568,
              36.4679744
            ],
            [
              10.251817,
              36.4671979
            ],
            [
              10.2518057,
              36.465276
            ],
            [
              10.2517955,
              36.4635395
            ],
            [
              10.2499716,
              36.4607438
            ],
            [
              10.2515595,
              36.4591043
            ],
            [
              10.2517955,
              36.4558943
            ],
            [
              10.2525251,
              36.4547034
            ],
            [
              10.2525894,
              36.4540476
            ],
            [
              10.2525251,
              36.4535125
            ],
            [
              10.2531473,
              36.452615
            ],
            [
              10.2527611,
              36.4522008
            ],
            [
              10.2534477,
              36.4518211
            ],
            [
              10.2532546,
              36.4510962
            ],
            [
              10.2545635,
              36.4517693
            ],
            [
              10.2557223,
              36.4517693
            ],
            [
              10.2586405,
              36.4525805
            ],
            [
              10.2630608,
              36.4544618
            ],
            [
              10.2651851,
              36.4548932
            ],
            [
              10.2692191,
              36.4551004
            ],
            [
              10.2713649,
              36.4503885
            ],
            [
              10.2744977,
              36.4480584
            ],
            [
              10.2750985,
              36.4480239
            ],
            [
              10.2762573,
              36.4470918
            ],
            [
              10.2778666,
              36.4474543
            ],
            [
              10.2788107,
              36.4464359
            ],
            [
              10.279669,
              36.4467121
            ],
            [
              10.2791226,
              36.447323
            ],
            [
              10.2789395,
              36.4491631
            ],
            [
              10.278167,
              36.4510444
            ],
            [
              10.278167,
              36.4515104
            ],
            [
              10.2788751,
              36.4526668
            ],
            [
              10.2804415,
              36.4525287
            ],
            [
              10.2807419,
              36.4528912
            ],
            [
              10.2801531,
              36.4554281
            ],
            [
              10.2811496,
              36.4550486
            ],
            [
              10.2819221,
              36.4567399
            ],
            [
              10.2901511,
              36.4648338
            ],
            [
              10.2990413,
              36.4667671
            ],
            [
              10.302618,
              36.4698726
            ],
            [
              10.3107719,
              36.4715118
            ],
            [
              10.3155784,
              36.4739965
            ],
            [
              10.3243117,
              36.4765674
            ],
            [
              10.3476694,
              36.4878535
            ],
            [
              10.3450613,
              36.4921636
            ],
            [
              10.3414135,
              36.4938196
            ],
            [
              10.3402977,
              36.4952169
            ],
            [
              10.3399973,
              36.4980631
            ],
            [
              10.3425078,
              36.5054972
            ],
            [
              10.3442459,
              36.5134825
            ],
            [
              10.3449325,
              36.514293
            ],
            [
              10.3472714,
              36.5152243
            ],
            [
              10.3491812,
              36.5150518
            ],
            [
              10.3517346,
              36.5156209
            ],
            [
              10.353065,
              36.5156209
            ],
            [
              10.354567,
              36.5159658
            ],
            [
              10.3546099,
              36.5168453
            ],
            [
              10.34969,
              36.52798
            ],
            [
              10.349151,
              36.52846
            ],
            [
              10.348786,
              36.52923
            ],
            [
              10.348365,
              36.52946
            ],
            [
              10.347741,
              36.52995
            ],
            [
              10.346864,
              36.53015
            ],
            [
              10.345893,
              36.53024
            ],
            [
              10.345143,
              36.53047
            ],
            [
              10.344896,
              36.53119
            ],
            [
              10.344702,
              36.53162
            ],
            [
              10.343731,
              36.53197
            ],
            [
              10.343133,
              36.53179
            ],
            [
              10.342367,
              36.53128
            ],
            [
              10.341686,
              36.53087
            ],
            [
              10.340927,
              36.53071
            ],
            [
              10.340338,
              36.53085
            ],
            [
              10.339834,
              36.53108
            ],
            [
              10.339039,
              36.53157
            ],
            [
              10.338583,
              36.53189
            ],
            [
              10.337504,
              36.53239
            ],
            [
              10.336775,
              36.53261
            ],
            [
              10.336147,
              36.53254
            ],
            [
              10.335727,
              36.53242
            ],
            [
              10.334899,
              36.53212
            ],
            [
              10.333989,
              36.53193
            ],
            [
              10.333425,
              36.53211
            ],
            [
              10.331926,
              36.53297
            ],
            [
              10.330345,
              36.5335
            ],
            [
              10.329557,
              36.53406
            ],
            [
              10.328736,
              36.53425
            ],
            [
              10.328091,
              36.53441
            ],
            [
              10.327782,
              36.53473
            ],
            [
              10.327468,
              36.53494
            ],
            [
              10.326,
              36.53483
            ],
            [
              10.325245,
              36.53491
            ],
            [
              10.324487,
              36.53519
            ],
            [
              10.324141,
              36.53515
            ],
            [
              10.323595,
              36.53487
            ],
            [
              10.323189,
              36.53501
            ],
            [
              10.322863,
              36.53528
            ],
            [
              10.322479,
              36.53631
            ],
            [
              10.32223,
              36.53697
            ],
            [
              10.321959,
              36.53771
            ],
            [
              10.321231,
              36.53801
            ],
            [
              10.320616,
              36.538
            ],
            [
              10.318053,
              36.53777
            ],
            [
              10.31655,
              36.53815
            ],
            [
              10.316152,
              36.53853
            ],
            [
              10.315519,
              36.53954
            ],
            [
              10.31537,
              36.5399
            ],
            [
              10.315301,
              36.54019
            ],
            [
              10.315276,
              36.54045
            ],
            [
              10.315338,
              36.54067
            ],
            [
              10.315557,
              36.54091
            ],
            [
              10.315774,
              36.54107
            ],
            [
              10.316029,
              36.5413
            ],
            [
              10.316145,
              36.54162
            ],
            [
              10.31638,
              36.54241
            ],
            [
              10.316496,
              36.54285
            ],
            [
              10.315977,
              36.54304
            ],
            [
              10.315689,
              36.54307
            ],
            [
              10.31512,
              36.54305
            ],
            [
              10.314644,
              36.54287
            ],
            [
              10.314446,
              36.54254
            ],
            [
              10.314245,
              36.54243
            ],
            [
              10.313977,
              36.54232
            ],
            [
              10.31335,
              36.54238
            ],
            [
              10.313092,
              36.54236
            ],
            [
              10.312855,
              36.54232
            ],
            [
              10.312697,
              36.54219
            ],
            [
              10.312622,
              36.54211
            ],
            [
              10.312567,
              36.54192
            ],
            [
              10.312491,
              36.54181
            ],
            [
              10.312087,
              36.54149
            ],
            [
              10.311753,
              36.54139
            ],
            [
              10.311433,
              36.54116
            ],
            [
              10.311144,
              36.54082
            ],
            [
              10.31092,
              36.54064
            ],
            [
              10.310704,
              36.54056
            ],
            [
              10.310426,
              36.54031
            ],
            [
              10.310372,
              36.54012
            ],
            [
              10.310199,
              36.53994
            ],
            [
              10.310034,
              36.53984
            ],
            [
              10.309848,
              36.53977
            ],
            [
              10.30972,
              36.53962
            ],
            [
              10.30946,
              36.53953
            ],
            [
              10.309194,
              36.5395
            ],
            [
              10.308785,
              36.53939
            ],
            [
              10.308563,
              36.53935
            ],
            [
              10.307891,
              36.53939
            ],
            [
              10.307515,
              36.53944
            ],
            [
              10.307339,
              36.53949
            ],
            [
              10.306998,
              36.53942
            ],
            [
              10.306738,
              36.53938
            ],
            [
              10.306089,
              36.53943
            ],
            [
              10.305845,
              36.5394
            ],
            [
              10.305707,
              36.53946
            ],
            [
              10.305634,
              36.53959
            ],
            [
              10.305026,
              36.53974
            ],
            [
              10.304765,
              36.53982
            ],
            [
              10.304197,
              36.53988
            ],
            [
              10.304005,
              36.53986
            ],
            [
              10.303681,
              36.53991
            ],
            [
              10.303187,
              36.53999
            ],
            [
              10.302869,
              36.53997
            ],
            [
              10.302772,
              36.5399
            ],
            [
              10.302498,
              36.53986
            ],
            [
              10.302251,
              36.5397
            ],
            [
              10.301764,
              36.53971
            ],
            [
              10.30132,
              36.53969
            ],
            [
              10.301025,
              36.53973
            ],
            [
              10.300922,
              36.53975
            ],
            [
              10.30067,
              36.53972
            ],
            [
              10.300493,
              36.53974
            ],
            [
              10.300243,
              36.53981
            ],
            [
              10.299955,
              36.53979
            ],
            [
              10.299791,
              36.53975
            ],
            [
              10.299497,
              36.53984
            ],
            [
              10.299231,
              36.53981
            ],
            [
              10.298863,
              36.53991
            ],
            [
              10.298247,
              36.53996
            ],
            [
              10.298021,
              36.53992
            ],
            [
              10.297546,
              36.53978
            ],
            [
              10.29747,
              36.5397
            ],
            [
              10.297263,
              36.53969
            ],
            [
              10.297129,
              36.53963
            ],
            [
              10.297033,
              36.53963
            ],
            [
              10.29684,
              36.53956
            ],
            [
              10.2965,
              36.53956
            ],
            [
              10.296231,
              36.53939
            ],
            [
              10.296001,
              36.53932
            ],
            [
              10.295821,
              36.53915
            ],
            [
              10.29575,
              36.53893
            ],
            [
              10.29577,
              36.53875
            ],
            [
              10.295264,
              36.53859
            ],
            [
              10.29453,
              36.53862
            ],
            [
              10.294151,
              36.53827
            ],
            [
              10.293846,
              36.53806
            ],
            [
              10.293629,
              36.53778
            ],
            [
              10.29336,
              36.53762
            ],
            [
              10.293077,
              36.53765
            ],
            [
              10.292773,
              36.53748
            ],
            [
              10.292545,
              36.53729
            ],
            [
              10.292204,
              36.53724
            ],
            [
              10.291943,
              36.53707
            ],
            [
              10.291751,
              36.53709
            ],
            [
              10.2916,
              36.53689
            ],
            [
              10.2914,
              36.53689
            ],
            [
              10.29087,
              36.53656
            ],
            [
              10.290823,
              36.53642
            ],
            [
              10.290303,
              36.53621
            ],
            [
              10.290091,
              36.5359
            ],
            [
              10.289637,
              36.5353
            ],
            [
              10.289377,
              36.53522
            ],
            [
              10.288833,
              36.53444
            ],
            [
              10.288264,
              36.53403
            ],
            [
              10.287914,
              36.53387
            ],
            [
              10.287245,
              36.53316
            ],
            [
              10.286962,
              36.53305
            ],
            [
              10.286605,
              36.53247
            ],
            [
              10.286353,
              36.53241
            ],
            [
              10.285208,
              36.53092
            ],
            [
              10.284068,
              36.5299
            ],
            [
              10.283331,
              36.5297
            ],
            [
              10.283138,
              36.52942
            ],
            [
              10.282876,
              36.52931
            ],
            [
              10.282308,
              36.52861
            ],
            [
              10.281931,
              36.52795
            ],
            [
              10.280859,
              36.52672
            ],
            [
              10.280628,
              36.52636
            ],
            [
              10.280258,
              36.5261
            ],
            [
              10.279416,
              36.52522
            ],
            [
              10.278731,
              36.52423
            ],
            [
              10.277692,
              36.52241
            ],
            [
              10.277377,
              36.52169
            ],
            [
              10.277519,
              36.52094
            ],
            [
              10.27752,
              36.52017
            ],
            [
              10.277235,
              36.51945
            ],
            [
              10.276679,
              36.51876
            ],
            [
              10.276271,
              36.51807
            ],
            [
              10.276016,
              36.51733
            ],
            [
              10.275982,
              36.51657
            ],
            [
              10.27607,
              36.51561
            ],
            [
              10.276082,
              36.51548
            ],
            [
              10.276089,
              36.51524
            ],
            [
              10.276093,
              36.51509
            ],
            [
              10.276082,
              36.51472
            ],
            [
              10.275822,
              36.51431
            ],
            [
              10.275449,
              36.51366
            ],
            [
              10.275235,
              36.51332
            ],
            [
              10.275052,
              36.51294
            ],
            [
              10.274888,
              36.51245
            ],
            [
              10.274756,
              36.51197
            ],
            [
              10.274645,
              36.51169
            ],
            [
              10.274483,
              36.51148
            ],
            [
              10.274176,
              36.51115
            ],
            [
              10.273919,
              36.51089
            ],
            [
              10.273771,
              36.5108
            ],
            [
              10.273441,
              36.51068
            ],
            [
              10.273352,
              36.51063
            ],
            [
              10.27322,
              36.51041
            ],
            [
              10.273091,
              36.51013
            ],
            [
              10.272928,
              36.50993
            ],
            [
              10.27263,
              36.5096
            ],
            [
              10.272321,
              36.50939
            ],
            [
              10.272071,
              36.5093
            ],
            [
              10.271982,
              36.50925
            ],
            [
              10.271936,
              36.50918
            ],
            [
              10.271944,
              36.5091
            ],
            [
              10.272027,
              36.50902
            ],
            [
              10.272126,
              36.50883
            ],
            [
              10.272184,
              36.50862
            ],
            [
              10.272173,
              36.50847
            ],
            [
              10.272062,
              36.5082
            ],
            [
              10.271952,
              36.50795
            ],
            [
              10.271877,
              36.50769
            ],
            [
              10.271838,
              36.50749
            ],
            [
              10.271787,
              36.50738
            ],
            [
              10.271545,
              36.50722
            ],
            [
              10.271291,
              36.5071
            ],
            [
              10.271165,
              36.50699
            ],
            [
              10.271164,
              36.50691
            ],
            [
              10.271276,
              36.50673
            ],
            [
              10.271374,
              36.50653
            ],
            [
              10.271371,
              36.50629
            ],
            [
              10.271301,
              36.50607
            ],
            [
              10.27109,
              36.50566
            ],
            [
              10.27097,
              36.50534
            ],
            [
              10.270886,
              36.50513
            ],
            [
              10.270782,
              36.50497
            ],
            [
              10.270597,
              36.5048
            ],
            [
              10.270586,
              36.50467
            ],
            [
              10.270717,
              36.50426
            ],
            [
              10.270826,
              36.50358
            ],
            [
              10.270819,
              36.50341
            ]
          ]
        ]
      }
    }
  ]
}
